inout,operator,network_type,rating,calldrop_category,latitude,longitude,state_name,month,year
Indoor,Airtel,4G,1,Call Dropped,13.1010702,77.575963,Karnataka,1,2021
Indoor,Airtel,4G,5,Satisfactory,26.7243429,88.4390254,West Bengal,1,2021
Indoor,Airtel,4G,4,Satisfactory,22.80119788,86.18181493,Jharkhand,1,2021
Indoor,Airtel,4G,1,Poor Voice Quality,13.6260445,79.4304776,Andhra Pradesh,1,2021
Indoor,Airtel,4G,4,Satisfactory,22.80815713,86.18859446,Jharkhand,1,2021
Indoor,Airtel,4G,4,Satisfactory,22.81032662,86.22116936,Jharkhand,1,2021
Indoor,Airtel,4G,1,Call Dropped,12.295663,76.6970541,Karnataka,1,2021
Indoor,Airtel,4G,1,Call Dropped,12.2956574,76.6970308,Karnataka,1,2021
Indoor,Airtel,4G,1,Poor Voice Quality,12.29187392,76.60293846,Karnataka,1,2021
Indoor,Airtel,4G,5,Satisfactory,26.8625882,81.0179446,Uttar Pradesh,1,2021
Indoor,Airtel,4G,5,Satisfactory,26.88674916,80.9299409,Uttar Pradesh,1,2021
Indoor,Airtel,4G,5,Satisfactory,26.86261462,81.01795861,Uttar Pradesh,1,2021
Indoor,Airtel,4G,5,Satisfactory,26.86261462,81.01795861,Uttar Pradesh,1,2021
Indoor,Airtel,4G,5,Satisfactory,28.63492599,77.05247166,Delhi,1,2021
Indoor,Airtel,4G,4,Satisfactory,14.02771726,75.9320574,Karnataka,1,2021
Indoor,Airtel,4G,5,Satisfactory,12.9949835,80.2604489,Tamil Nadu,1,2021
Indoor,Airtel,4G,5,Satisfactory,28.4910242,77.0799226,Haryana,1,2021
Indoor,Airtel,4G,5,Satisfactory,26.86261462,81.01795861,Uttar Pradesh,1,2021
Indoor,Airtel,4G,5,Satisfactory,23.04564723,72.5156467,Gujarat,1,2021
Indoor,Airtel,4G,2,Poor Voice Quality,18.44308661,73.8476885,Maharashtra,12,2021
Indoor,Airtel,4G,4,Satisfactory,13.99283675,75.7544829,Karnataka,12,2021
Indoor,Airtel,4G,2,Call Dropped,28.6609538,77.2668403,Delhi,12,2021
Indoor,Airtel,4G,5,Satisfactory,28.60326842,77.19055228,Delhi,12,2021
Indoor,Airtel,4G,5,Satisfactory,28.60326842,77.19055228,Delhi,12,2021
Indoor,Airtel,4G,5,Satisfactory,28.5569802,77.0540936,Delhi,12,2021
Indoor,Airtel,4G,5,Satisfactory,28.56372851,77.33456603,Uttar Pradesh,12,2021
Indoor,Airtel,4G,3,Call Dropped,28.57205639,77.06569159,Delhi,12,2021
Indoor,Airtel,4G,5,Satisfactory,28.55668943,77.05435993,Delhi,12,2021
Indoor,Airtel,4G,5,Satisfactory,28.55668943,77.05435993,Delhi,12,2021
Indoor,Airtel,4G,5,Satisfactory,28.55721305,77.05366859,Delhi,12,2021
Indoor,Airtel,4G,5,Satisfactory,28.55721305,77.05366859,Delhi,12,2021
Indoor,Airtel,4G,5,Satisfactory,28.55721305,77.05366859,Delhi,12,2021
Indoor,Airtel,4G,5,Satisfactory,28.63094693,77.2160051,Delhi,12,2021
Indoor,Airtel,4G,5,Satisfactory,28.5569736,77.0540902,Delhi,12,2021
Indoor,Airtel,4G,5,Satisfactory,28.54401649,77.20300645,Delhi,12,2021
Indoor,Airtel,4G,1,Call Dropped,28.56501383,77.05969057,Delhi,12,2021
Indoor,Airtel,4G,5,Satisfactory,28.5569802,77.0540936,Delhi,12,2021
Indoor,Airtel,4G,5,Satisfactory,28.56372851,77.33456603,Uttar Pradesh,12,2021
Indoor,Airtel,4G,5,Satisfactory,28.56372851,77.33456603,Uttar Pradesh,12,2021
Indoor,Airtel,4G,3,Call Dropped,28.57205639,77.06569159,Delhi,12,2021
Indoor,Airtel,4G,5,Satisfactory,28.57205639,77.06569159,Delhi,12,2021
Indoor,Airtel,4G,5,Satisfactory,28.5569867,77.0541247,Delhi,12,2021
Indoor,Airtel,4G,5,Satisfactory,28.5569646,77.0540883,Delhi,12,2021
Indoor,Airtel,4G,5,Satisfactory,28.59054159,77.15748902,Delhi,12,2021
Indoor,Airtel,4G,5,Satisfactory,28.55721305,77.05366859,Delhi,12,2021
Indoor,Airtel,4G,5,Satisfactory,28.55721305,77.05366859,Delhi,12,2021
Indoor,Airtel,4G,5,Satisfactory,28.5569764,77.0540961,Delhi,12,2021
Indoor,Airtel,4G,3,Satisfactory,21.137328,72.777448,Gujarat,12,2021
Indoor,Airtel,4G,4,Satisfactory,21.13732497,72.77730838,Gujarat,12,2021
Indoor,Airtel,4G,4,Satisfactory,13.93677811,75.54821538,Karnataka,10,2021
Indoor,Airtel,4G,4,Satisfactory,13.9291272,75.5680169,Karnataka,10,2021
Indoor,Airtel,4G,5,Satisfactory,28.62435758,77.19987639,Delhi,10,2021
Indoor,Airtel,4G,5,Satisfactory,28.59861001,77.06331138,Delhi,10,2021
Indoor,Airtel,4G,5,Satisfactory,28.59542832,77.05161922,Delhi,10,2021
Indoor,Airtel,4G,4,Satisfactory,13.93670833,75.54813732,Karnataka,10,2021
Indoor,Airtel,4G,1,Call Dropped,21.16534711,72.78619812,Gujarat,10,2021
Indoor,Airtel,4G,4,Satisfactory,16.88429723,79.69176523,Telangana,10,2021
Indoor,Airtel,4G,3,Satisfactory,18.52314399,73.87067331,Maharashtra,10,2021
Indoor,Airtel,4G,4,Satisfactory,13.93656809,75.54852051,Karnataka,10,2021
Indoor,Airtel,4G,4,Satisfactory,13.93638881,75.54874351,Karnataka,10,2021
Indoor,Airtel,4G,5,Satisfactory,23.37963,77.76894833,Madhya Pradesh,10,2021
Indoor,Airtel,4G,4,Satisfactory,13.9368193,75.5481071,Karnataka,10,2021
Indoor,Airtel,4G,4,Satisfactory,16.88392985,79.69179512,Telangana,10,2021
Indoor,Airtel,4G,5,Satisfactory,10.34669315,76.20668734,Kerala,10,2021
Indoor,Airtel,4G,2,Poor Voice Quality,28.5569871,77.0540869,Delhi,9,2021
Indoor,Airtel,4G,5,Satisfactory,28.5569879,77.0540951,Delhi,9,2021
Indoor,Airtel,4G,3,Poor Voice Quality,28.5569894,77.0540899,Delhi,9,2021
Indoor,Airtel,4G,3,Satisfactory,25.10546498,76.49906438,Rajasthan,9,2021
Indoor,Airtel,4G,3,Satisfactory,25.10546498,76.49906438,Rajasthan,9,2021
Indoor,Airtel,4G,4,Satisfactory,25.10546498,76.49906438,Rajasthan,9,2021
Indoor,Airtel,4G,4,Satisfactory,18.13860447,83.43326652,Andhra Pradesh,9,2021
Indoor,Airtel,4G,5,Satisfactory,10.3029798,76.2231115,Kerala,9,2021
Indoor,Airtel,4G,2,Poor Voice Quality,30.48090667,76.51463833,Punjab,9,2021
Indoor,Airtel,4G,4,Satisfactory,16.88412441,79.69174471,Telangana,9,2021
Indoor,Airtel,4G,3,Poor Voice Quality,28.5569679,77.0540775,Delhi,9,2021
Indoor,Airtel,4G,2,Poor Voice Quality,28.5569619,77.0540871,Delhi,9,2021
Indoor,Airtel,4G,5,Satisfactory,28.5569645,77.0540948,Delhi,9,2021
Indoor,Airtel,4G,4,Satisfactory,24.8521442,87.7632641,West Bengal,7,2021
Indoor,Airtel,4G,5,Satisfactory,11.31285382,75.88260045,Kerala,7,2021
Indoor,Airtel,4G,4,Satisfactory,16.88405518,79.69197774,Telangana,7,2021
Indoor,Airtel,4G,4,Satisfactory,13.936692,75.5481589,Karnataka,7,2021
Indoor,Airtel,4G,5,Satisfactory,10.30296526,76.22313777,Kerala,7,2021
Indoor,Airtel,4G,4,Satisfactory,13.93431471,75.54692072,Karnataka,7,2021
Indoor,Airtel,4G,3,Satisfactory,16.98089933,82.25374708,Andhra Pradesh,6,2021
Indoor,Airtel,4G,4,Satisfactory,13.90163071,75.55870771,Karnataka,6,2021
Indoor,Airtel,4G,2,Poor Voice Quality,29.29670865,73.90104887,Rajasthan,6,2021
Indoor,Airtel,4G,4,Satisfactory,22.81026341,86.22138007,Jharkhand,6,2021
Indoor,Airtel,4G,3,Satisfactory,16.97471786,82.26723046,Andhra Pradesh,6,2021
Indoor,Airtel,4G,4,Satisfactory,14.02788965,75.93193553,Karnataka,7,2021
Indoor,Airtel,4G,1,Poor Voice Quality,22.64772333,78.38849667,Madhya Pradesh,7,2021
Indoor,Airtel,4G,4,Satisfactory,13.9367028,75.5481442,Karnataka,7,2021
Indoor,Airtel,4G,4,Satisfactory,16.8840381,79.691828,Telangana,7,2021
Indoor,Airtel,4G,4,Satisfactory,24.7427397,87.8206346,Jharkhand,7,2021
Indoor,Airtel,4G,4,Satisfactory,24.7454199,87.8176682,West Bengal,7,2021
Indoor,Airtel,4G,4,Satisfactory,22.8081493,86.1886881,Jharkhand,5,2021
Indoor,Airtel,4G,4,Satisfactory,22.8081485,86.1886878,Jharkhand,5,2021
Indoor,Airtel,4G,4,Satisfactory,16.8687441,79.5624968,Telangana,5,2021
Indoor,Airtel,4G,3,Satisfactory,16.86872364,79.56254076,Telangana,5,2021
Indoor,Airtel,4G,2,Poor Voice Quality,18.44220398,73.84868219,Maharashtra,5,2021
Indoor,Airtel,4G,3,Satisfactory,28.6143699,77.12554895,Delhi,5,2021
Indoor,Airtel,4G,4,Satisfactory,28.6143699,77.12554895,Delhi,5,2021
Indoor,Airtel,4G,3,Satisfactory,28.61455533,77.12530748,Delhi,5,2021
Indoor,Airtel,4G,2,Poor Voice Quality,28.61455533,77.12530748,Delhi,5,2021
Indoor,Airtel,4G,4,Satisfactory,16.86877047,79.56257943,Telangana,5,2021
Indoor,Airtel,4G,4,Satisfactory,22.8081455,86.188694,Jharkhand,5,2021
Indoor,Airtel,4G,3,Poor Voice Quality,13.04934992,80.25780871,Tamil Nadu,5,2021
Indoor,Airtel,4G,1,Call Dropped,17.80003892,79.98138173,Telangana,4,2021
Indoor,Airtel,4G,1,Call Dropped,21.92000008,82.77999878,Chhattisgarh,4,2021
Indoor,Airtel,4G,5,Satisfactory,11.34749413,75.90204298,Kerala,4,2021
Indoor,Airtel,4G,2,Poor Voice Quality,28.60810926,77.07927054,Delhi,4,2021
Indoor,Airtel,4G,4,Satisfactory,13.9367231,75.5481623,Karnataka,4,2021
Indoor,Airtel,4G,1,Poor Voice Quality,17.58880096,79.65331906,Telangana,4,2021
Indoor,Airtel,4G,3,Satisfactory,28.6053798,77.08172888,Delhi,4,2021
Indoor,Airtel,4G,3,Satisfactory,28.6053798,77.08172888,Delhi,4,2021
Indoor,Airtel,4G,4,Satisfactory,22.7532305,86.2095672,Jharkhand,4,2021
Indoor,Airtel,4G,1,Poor Voice Quality,18.45231536,73.8511077,Maharashtra,4,2021
Indoor,Airtel,4G,1,Poor Voice Quality,16.5408288,81.5249199,Andhra Pradesh,4,2021
Indoor,Airtel,4G,4,Satisfactory,13.93665485,75.54818835,Karnataka,4,2021
Indoor,Airtel,4G,4,Satisfactory,26.7246205,88.4381869,West Bengal,4,2021
Indoor,Airtel,4G,4,Satisfactory,13.9367271,75.5481642,Karnataka,4,2021
Indoor,Airtel,4G,1,Poor Voice Quality,20.3812377,72.9197168,Gujarat,4,2021
Indoor,Airtel,4G,4,Satisfactory,23.26497049,85.43488185,Jharkhand,4,2021
Indoor,Airtel,4G,4,Satisfactory,23.26497049,85.43488185,Jharkhand,4,2021
Indoor,Airtel,4G,2,Call Dropped,17.79924169,79.97894418,Telangana,4,2021
Indoor,Airtel,4G,4,Satisfactory,22.7532441,86.2095521,Jharkhand,4,2021
Indoor,Airtel,4G,5,Satisfactory,26.2752176,72.9803974,Rajasthan,4,2021
Indoor,Airtel,4G,3,Satisfactory,18.4422189,73.84835968,Maharashtra,11,2021
Indoor,Airtel,4G,3,Satisfactory,18.4422189,73.84835968,Maharashtra,11,2021
Indoor,Airtel,4G,1,Poor Voice Quality,29.2964968,73.9024308,Rajasthan,11,2021
Indoor,Airtel,4G,2,Poor Voice Quality,18.4422189,73.84835968,Maharashtra,11,2021
Indoor,Airtel,4G,4,Satisfactory,14.02791482,75.93166312,Karnataka,11,2021
Indoor,Airtel,4G,5,Satisfactory,10.34682956,76.20735269,Kerala,11,2021
Indoor,Airtel,4G,1,Poor Voice Quality,29.2966969,73.9019343,Rajasthan,11,2021
Indoor,Airtel,4G,4,Satisfactory,13.93681922,75.54806036,Karnataka,11,2021
Indoor,Airtel,4G,5,Satisfactory,10.30807928,76.2185927,Kerala,11,2021
Indoor,Airtel,4G,5,Satisfactory,28.5569897,77.054095,Delhi,11,2021
Indoor,Airtel,4G,5,Satisfactory,28.5570075,77.0541215,Delhi,11,2021
Indoor,Airtel,4G,5,Satisfactory,28.5569933,77.0541067,Delhi,11,2021
Indoor,Airtel,4G,5,Satisfactory,28.5569819,77.05412,Delhi,11,2021
Indoor,Airtel,4G,5,Satisfactory,28.55699,77.0540955,Delhi,11,2021
Indoor,Airtel,4G,4,Satisfactory,13.93670812,75.5482287,Karnataka,11,2021
Indoor,Airtel,4G,4,Satisfactory,13.93670812,75.5482287,Karnataka,11,2021
Indoor,Airtel,4G,5,Satisfactory,28.55708686,77.05443411,Delhi,11,2021
Indoor,Airtel,4G,5,Satisfactory,28.55751044,77.05393044,Delhi,11,2021
Indoor,Airtel,4G,5,Satisfactory,28.5569719,77.0541074,Delhi,11,2021
Indoor,Airtel,4G,4,Satisfactory,13.93674924,75.54824129,Karnataka,10,2021
Indoor,Airtel,4G,5,Satisfactory,28.56092263,77.05616858,Delhi,10,2021
Indoor,Airtel,4G,5,Satisfactory,28.56092263,77.05616858,Delhi,10,2021
Indoor,Airtel,4G,1,Call Dropped,28.6629469,77.2820706,Delhi,10,2021
Indoor,Airtel,4G,4,Satisfactory,16.88400559,79.69177197,Telangana,10,2021
Indoor,Airtel,4G,4,Satisfactory,16.87655262,79.68267671,Telangana,10,2021
Indoor,Airtel,4G,1,Poor Voice Quality,28.56092263,77.05616858,Delhi,10,2021
Indoor,Airtel,4G,4,Satisfactory,13.9368031,75.5480945,Karnataka,10,2021
Indoor,Airtel,4G,4,Satisfactory,16.88412793,79.69184417,Telangana,10,2021
Indoor,Airtel,4G,3,Satisfactory,18.4432241,73.8479711,Maharashtra,10,2021
Indoor,Airtel,4G,1,Call Dropped,28.5569668,77.0540872,Delhi,10,2021
Indoor,Airtel,4G,5,Satisfactory,28.5569696,77.0540891,Delhi,10,2021
Indoor,Airtel,4G,5,Satisfactory,28.5569644,77.0540917,Delhi,10,2021
Indoor,Airtel,4G,5,Satisfactory,28.5569696,77.0540833,Delhi,10,2021
Indoor,Airtel,4G,1,Call Dropped,28.5569645,77.0540928,Delhi,10,2021
Indoor,Airtel,4G,5,Satisfactory,23.37947,77.76849667,Madhya Pradesh,10,2021
Indoor,Airtel,4G,4,Satisfactory,14.02792576,75.9318312,Karnataka,10,2021
Indoor,Airtel,4G,4,Satisfactory,14.0279085,75.9320035,Karnataka,10,2021
Indoor,Airtel,4G,4,Satisfactory,16.88403247,79.69174988,Telangana,10,2021
Indoor,Airtel,4G,5,Satisfactory,28.56519488,77.05969929,Delhi,10,2021
Indoor,Airtel,4G,4,Satisfactory,13.93515678,75.54791832,Karnataka,10,2021
Indoor,Airtel,4G,5,Satisfactory,28.56519488,77.05969929,Delhi,10,2021
Indoor,Airtel,4G,5,Satisfactory,28.56519488,77.05969929,Delhi,10,2021
Indoor,Airtel,4G,4,Satisfactory,14.02805984,75.93200414,Karnataka,10,2021
Indoor,Airtel,4G,4,Satisfactory,14.02805984,75.93200414,Karnataka,10,2021
Indoor,Airtel,4G,5,Satisfactory,28.56519488,77.05969929,Delhi,10,2021
Indoor,Airtel,4G,1,Poor Voice Quality,28.56519488,77.05969929,Delhi,10,2021
Indoor,Airtel,4G,5,Satisfactory,28.56519488,77.05969929,Delhi,10,2021
Indoor,Airtel,4G,3,Poor Voice Quality,28.56519488,77.05969929,Delhi,10,2021
Indoor,Airtel,4G,1,Poor Voice Quality,28.6609481,77.2669805,Delhi,10,2021
Indoor,Airtel,4G,3,Satisfactory,18.44205897,73.84868525,Maharashtra,12,2021
Indoor,Airtel,4G,5,Satisfactory,13.93656062,75.54827377,Karnataka,12,2021
Indoor,Airtel,4G,2,Poor Voice Quality,18.9548717,72.8014143,Maharashtra,12,2021
Indoor,Airtel,4G,1,Call Dropped,18.44984517,73.85120266,Maharashtra,12,2021
Indoor,Airtel,4G,4,Satisfactory,13.93672762,75.54820219,Karnataka,12,2021
Indoor,Airtel,4G,4,Satisfactory,13.937157,75.547882,Karnataka,12,2021
Indoor,Airtel,4G,4,Satisfactory,13.937157,75.547882,Karnataka,12,2021
Indoor,Airtel,4G,2,Poor Voice Quality,26.2625,87.82577167,Bihar,12,2021
Indoor,Airtel,4G,5,Satisfactory,12.9225004,77.6817813,Karnataka,12,2021
Indoor,Airtel,4G,4,Satisfactory,12.99285083,77.71654231,Karnataka,12,2021
Indoor,Airtel,4G,4,Satisfactory,16.87642808,79.6825484,Telangana,12,2021
Indoor,Airtel,4G,1,Poor Voice Quality,28.61471369,77.12492691,Delhi,5,2021
Indoor,Airtel,4G,1,Poor Voice Quality,28.61471369,77.12492691,Delhi,5,2021
Indoor,Airtel,4G,1,Call Dropped,19.83957322,75.35246757,Maharashtra,5,2021
Indoor,Airtel,4G,4,Satisfactory,16.86877817,79.56257499,Telangana,5,2021
Indoor,Airtel,4G,2,Poor Voice Quality,28.6154668,77.12714381,Delhi,5,2021
Indoor,Airtel,4G,3,Satisfactory,28.6154668,77.12714381,Delhi,5,2021
Indoor,Airtel,4G,2,Poor Voice Quality,18.6084631,73.7891832,Maharashtra,5,2021
Indoor,Airtel,4G,4,Satisfactory,14.027894,75.93194615,Karnataka,5,2021
Indoor,Airtel,4G,4,Satisfactory,13.9366979,75.5481481,Karnataka,5,2021
Indoor,Airtel,4G,4,Satisfactory,13.93678178,75.54820513,Karnataka,5,2021
Indoor,Airtel,4G,4,Satisfactory,13.93692495,75.54822675,Karnataka,5,2021
Indoor,Airtel,4G,4,Satisfactory,13.9367007,75.5481431,Karnataka,5,2021
Indoor,Airtel,4G,4,Satisfactory,13.9367062,75.5481409,Karnataka,5,2021
Indoor,Airtel,4G,4,Satisfactory,13.93679513,75.5480807,Karnataka,6,2021
Indoor,Airtel,4G,4,Satisfactory,18.30673618,83.5659,Andhra Pradesh,6,2021
Indoor,Airtel,4G,1,Poor Voice Quality,18.30656226,83.56561678,Andhra Pradesh,6,2021
Indoor,Airtel,4G,4,Satisfactory,13.93710947,75.54809995,Karnataka,9,2021
Indoor,Airtel,4G,5,Satisfactory,10.30295565,76.22313474,Kerala,9,2021
Indoor,Airtel,4G,2,Poor Voice Quality,18.9549331,72.8012761,Maharashtra,9,2021
Indoor,Airtel,4G,4,Satisfactory,13.93697215,75.54883426,Karnataka,9,2021
Indoor,Airtel,4G,4,Satisfactory,13.93294996,75.54714059,Karnataka,9,2021
Indoor,Airtel,4G,4,Satisfactory,13.93309407,75.54717189,Karnataka,9,2021
Indoor,Airtel,4G,4,Satisfactory,13.93704459,75.54803815,Karnataka,9,2021
Indoor,Airtel,4G,4,Satisfactory,13.93679407,75.54797839,Karnataka,9,2021
Indoor,Airtel,4G,1,Poor Voice Quality,28.2885422,77.5600976,Uttar Pradesh,9,2021
Indoor,Airtel,4G,4,Satisfactory,13.93654957,75.54813675,Karnataka,9,2021
Indoor,Airtel,4G,5,Satisfactory,12.9949835,80.2604489,Tamil Nadu,1,2021
Indoor,Airtel,4G,5,Satisfactory,23.04806734,72.53151189,Gujarat,1,2021
Indoor,Airtel,4G,1,Call Dropped,23.27603113,72.13489314,Gujarat,1,2021
Indoor,Airtel,4G,5,Satisfactory,12.9949835,80.2604489,Tamil Nadu,1,2021
Indoor,Airtel,4G,5,Satisfactory,28.4910489,77.0799427,Haryana,1,2021
Indoor,Airtel,4G,5,Satisfactory,28.4910439,77.079937,Haryana,1,2021
Indoor,Airtel,4G,5,Satisfactory,23.0454265,72.5159495,Gujarat,1,2021
Indoor,Airtel,4G,5,Satisfactory,23.0454333,72.5159587,Gujarat,1,2021
Indoor,Airtel,4G,5,Satisfactory,23.0454333,72.5159587,Gujarat,1,2021
Indoor,Airtel,4G,5,Satisfactory,22.74925613,86.23004904,Jharkhand,1,2021
Indoor,Airtel,4G,4,Satisfactory,16.88402192,79.69184203,Telangana,1,2021
Indoor,Airtel,4G,5,Satisfactory,12.9949562,80.2604292,Tamil Nadu,1,2021
Indoor,Airtel,4G,5,Satisfactory,26.84428747,80.88416229,Uttar Pradesh,1,2021
Indoor,Airtel,4G,5,Satisfactory,12.9949562,80.2604292,Tamil Nadu,1,2021
Indoor,Airtel,4G,5,Satisfactory,13.0331738,80.2771661,Tamil Nadu,1,2021
Indoor,Airtel,4G,5,Satisfactory,26.8600303,81.0200059,Uttar Pradesh,1,2021
Indoor,Airtel,4G,5,Satisfactory,23.0454525,72.5159626,Gujarat,1,2021
Indoor,Airtel,4G,5,Satisfactory,26.862593,81.0180467,Uttar Pradesh,1,2021
Indoor,Airtel,4G,1,Poor Voice Quality,28.5054665,77.2996619,Delhi,1,2021
Indoor,Airtel,4G,5,Satisfactory,13.033269,80.2772185,Tamil Nadu,1,2021
Indoor,Airtel,4G,1,Call Dropped,28.61443302,77.12489788,Delhi,4,2021
Indoor,Airtel,4G,1,Call Dropped,28.6140823,77.1254286,Delhi,4,2021
Indoor,Airtel,4G,3,Satisfactory,28.63934185,77.23554506,Delhi,4,2021
Indoor,Airtel,4G,3,Satisfactory,28.63934185,77.23554506,Delhi,4,2021
Indoor,Airtel,4G,4,Satisfactory,16.8687438,79.5624939,Telangana,4,2021
Indoor,Airtel,4G,4,Satisfactory,22.80939782,86.1888535,Jharkhand,5,2021
Indoor,Airtel,4G,4,Satisfactory,16.8840529,79.6918717,Telangana,5,2021
Indoor,Airtel,4G,1,Poor Voice Quality,18.3069316,83.5657846,Andhra Pradesh,5,2021
Indoor,Airtel,4G,2,Poor Voice Quality,18.30670123,83.56566715,Andhra Pradesh,5,2021
Indoor,Airtel,4G,1,Poor Voice Quality,18.45214943,73.8515565,Maharashtra,5,2021
Indoor,Airtel,4G,5,Satisfactory,16.98588519,82.25023106,Andhra Pradesh,5,2021
Indoor,Airtel,4G,5,Satisfactory,16.98588519,82.25023106,Andhra Pradesh,5,2021
Indoor,Airtel,4G,4,Satisfactory,13.93641321,75.5483763,Karnataka,5,2021
Indoor,Airtel,4G,5,Satisfactory,16.985944,82.2501208,Andhra Pradesh,5,2021
Indoor,Airtel,4G,1,Call Dropped,16.9859479,82.2501214,Andhra Pradesh,5,2021
Indoor,Airtel,4G,3,Satisfactory,16.97315879,82.26627828,Andhra Pradesh,5,2021
Indoor,Airtel,4G,5,Satisfactory,16.97315879,82.26627828,Andhra Pradesh,5,2021
Indoor,Airtel,4G,5,Satisfactory,16.97315879,82.26627828,Andhra Pradesh,5,2021
Indoor,Airtel,4G,1,Poor Voice Quality,18.45018255,73.85135814,Maharashtra,5,2021
Indoor,Airtel,4G,3,Satisfactory,16.88404461,79.69177441,Telangana,5,2021
Indoor,Airtel,4G,3,Satisfactory,16.9770357,82.2635918,Andhra Pradesh,5,2021
Indoor,Airtel,4G,2,Poor Voice Quality,18.306933,83.5657851,Andhra Pradesh,5,2021
Indoor,Airtel,4G,2,Poor Voice Quality,18.4420608,73.8485537,Maharashtra,5,2021
Indoor,Airtel,4G,4,Satisfactory,22.80798417,86.18835126,Jharkhand,5,2021
Indoor,Airtel,4G,1,Poor Voice Quality,18.44459009,73.84849637,Maharashtra,5,2021
Indoor,Airtel,4G,1,Poor Voice Quality,18.44459009,73.84849637,Maharashtra,5,2021
Indoor,Airtel,4G,5,Satisfactory,26.2752153,72.9803995,Rajasthan,5,2021
Indoor,Airtel,4G,4,Satisfactory,16.86873408,79.56257297,Telangana,5,2021
Indoor,Airtel,4G,4,Satisfactory,22.80816765,86.18851361,Jharkhand,5,2021
Indoor,Airtel,4G,5,Satisfactory,28.54407948,77.06576091,Haryana,11,2021
Indoor,Airtel,4G,5,Satisfactory,28.54407948,77.06576091,Haryana,11,2021
Indoor,Airtel,4G,3,Poor Voice Quality,28.54407948,77.06576091,Haryana,11,2021
Indoor,Airtel,4G,5,Satisfactory,28.54407948,77.06576091,Haryana,11,2021
Indoor,Airtel,4G,5,Satisfactory,28.6816649,77.20104173,Delhi,11,2021
Indoor,Airtel,4G,5,Satisfactory,28.6816649,77.20104173,Delhi,11,2021
Indoor,Airtel,4G,3,Satisfactory,18.4422189,73.84835968,Maharashtra,11,2021
Indoor,Airtel,4G,4,Satisfactory,13.93637717,75.5464173,Karnataka,7,2021
Indoor,Airtel,4G,1,Call Dropped,22.64803667,78.38846833,Madhya Pradesh,8,2021
Indoor,Airtel,4G,1,Poor Voice Quality,22.64803667,78.38846833,Madhya Pradesh,8,2021
Indoor,Airtel,4G,4,Satisfactory,16.88399174,79.69189959,Telangana,8,2021
Indoor,Airtel,4G,4,Satisfactory,13.9368013,75.548104,Karnataka,8,2021
Indoor,Airtel,4G,4,Satisfactory,16.5149446,80.5176238,Andhra Pradesh,8,2021
Indoor,Airtel,4G,4,Satisfactory,13.936774,75.548114,Karnataka,8,2021
Indoor,Airtel,4G,4,Satisfactory,13.93664405,75.54844992,Karnataka,8,2021
Indoor,Airtel,4G,1,Poor Voice Quality,18.44543003,73.84879866,Maharashtra,8,2021
Indoor,Airtel,4G,2,Poor Voice Quality,18.95204577,72.83013055,Maharashtra,8,2021
Indoor,Airtel,4G,4,Satisfactory,12.9248974,79.1378035,Tamil Nadu,8,2021
Indoor,Airtel,4G,1,Call Dropped,10.81550833,77.20920833,Tamil Nadu,8,2021
Indoor,Airtel,4G,1,Poor Voice Quality,16.8707208,74.195148,Maharashtra,8,2021
Indoor,Airtel,4G,5,Satisfactory,10.30308902,76.22321963,Kerala,8,2021
Indoor,Airtel,4G,4,Satisfactory,16.884039,79.6918392,Telangana,8,2021
Indoor,Airtel,4G,3,Satisfactory,18.30654474,83.56559507,Andhra Pradesh,8,2021
Indoor,Airtel,4G,4,Satisfactory,13.936781,75.5481291,Karnataka,8,2021
Indoor,Airtel,4G,5,Satisfactory,12.95259229,77.4901308,Karnataka,8,2021
Indoor,Airtel,4G,4,Satisfactory,13.9367436,75.5481457,Karnataka,8,2021
Indoor,Airtel,4G,4,Satisfactory,16.8840388,79.6918281,Telangana,8,2021
Indoor,Airtel,4G,4,Satisfactory,16.8840386,79.6918282,Telangana,8,2021
Indoor,Airtel,4G,4,Satisfactory,13.9367519,75.54831107,Karnataka,8,2021
Indoor,Airtel,4G,4,Satisfactory,13.9367238,75.5481753,Karnataka,8,2021
Indoor,Airtel,4G,4,Satisfactory,13.93624086,75.5480148,Karnataka,8,2021
Indoor,Airtel,4G,2,Poor Voice Quality,10.81562158,79.84057345,Tamil Nadu,1,2021
Indoor,Airtel,4G,4,Satisfactory,23.54259562,87.30688728,West Bengal,1,2021
Indoor,Airtel,4G,5,Satisfactory,26.27528534,72.98072775,Rajasthan,1,2021
Indoor,Airtel,4G,2,Poor Voice Quality,12.88484709,74.86625457,Karnataka,1,2021
Indoor,Airtel,4G,5,Satisfactory,26.8644789,81.0077057,Uttar Pradesh,1,2021
Indoor,Airtel,4G,4,Satisfactory,23.54256339,87.30665708,West Bengal,1,2021
Indoor,Airtel,4G,4,Satisfactory,23.5424873,87.30664926,West Bengal,1,2021
Indoor,Airtel,4G,1,Call Dropped,13.0074641,77.4995341,Karnataka,1,2021
Indoor,Airtel,4G,1,Poor Voice Quality,26.73489081,88.4068664,West Bengal,1,2021
Indoor,Airtel,4G,5,Satisfactory,28.4561901,77.0818942,Haryana,1,2021
Indoor,Airtel,4G,5,Satisfactory,28.4908982,77.07986364,Haryana,1,2021
Indoor,Airtel,4G,1,Poor Voice Quality,12.28789214,76.60011945,Karnataka,1,2021
Indoor,Airtel,4G,1,Poor Voice Quality,12.28789214,76.60011945,Karnataka,1,2021
Indoor,Airtel,4G,4,Satisfactory,22.80809154,86.18854641,Jharkhand,1,2021
Indoor,Airtel,4G,1,Poor Voice Quality,12.29176952,76.60289353,Karnataka,1,2021
Indoor,Airtel,4G,5,Satisfactory,26.72454167,88.43813206,West Bengal,1,2021
Indoor,Airtel,4G,4,Satisfactory,26.72454167,88.43813206,West Bengal,1,2021
Indoor,Airtel,4G,4,Satisfactory,13.9367095,75.5481239,Karnataka,1,2021
Indoor,Airtel,4G,5,Satisfactory,23.07371138,72.50525493,Gujarat,1,2021
Indoor,Airtel,4G,1,Call Dropped,26.95276953,75.74427375,Rajasthan,1,2021
Indoor,Airtel,4G,5,Satisfactory,17.41567434,78.37083058,Telangana,1,2021
Indoor,Airtel,4G,1,Poor Voice Quality,26.95277936,75.74419537,Rajasthan,1,2021
Indoor,Airtel,4G,1,Poor Voice Quality,26.95272785,75.74444359,Rajasthan,1,2021
Indoor,Airtel,4G,2,Poor Voice Quality,32.6385037,74.97100798,Jammu and Kashmir,9,2021
Indoor,Airtel,4G,4,Satisfactory,16.88391903,79.69187858,Telangana,9,2021
Indoor,Airtel,4G,1,Poor Voice Quality,22.64769833,78.386475,Madhya Pradesh,9,2021
Indoor,Airtel,4G,4,Satisfactory,13.93692965,75.54807965,Karnataka,9,2021
Indoor,Airtel,4G,5,Satisfactory,19.02538333,73.09263833,Maharashtra,9,2021
Indoor,Airtel,4G,5,Satisfactory,19.02538333,73.09263833,Maharashtra,9,2021
Indoor,Airtel,4G,4,Satisfactory,13.9368027,75.5481061,Karnataka,9,2021
Indoor,Airtel,4G,4,Satisfactory,16.8840357,79.6918435,Telangana,9,2021
Indoor,Airtel,4G,4,Satisfactory,13.6259874,79.4319901,Andhra Pradesh,7,2021
Indoor,Airtel,4G,4,Satisfactory,16.8840389,79.6918384,Telangana,7,2021
Indoor,Airtel,4G,1,Poor Voice Quality,16.87072129,74.19512604,Maharashtra,7,2021
Indoor,Airtel,4G,1,Call Dropped,16.87072887,74.19508748,Maharashtra,7,2021
Indoor,Airtel,4G,1,Poor Voice Quality,16.87072887,74.19508748,Maharashtra,7,2021
Indoor,Airtel,4G,3,Poor Voice Quality,16.88390897,79.69178931,Telangana,7,2021
Indoor,Airtel,4G,4,Satisfactory,13.93677823,75.54820211,Karnataka,7,2021
Indoor,Airtel,4G,4,Satisfactory,13.93675997,75.54804562,Karnataka,11,2021
Indoor,Airtel,4G,5,Satisfactory,13.9367427,75.54855374,Karnataka,11,2021
Indoor,Airtel,4G,1,Poor Voice Quality,28.6617305,77.2661959,Delhi,11,2021
Indoor,Airtel,4G,2,Poor Voice Quality,18.44204302,73.84860687,Maharashtra,11,2021
Indoor,Airtel,4G,4,Satisfactory,13.93678162,75.54829905,Karnataka,11,2021
Indoor,Airtel,4G,4,Satisfactory,18.4647499,79.1111713,Telangana,11,2021
Indoor,Airtel,4G,4,Satisfactory,13.93653171,75.5481743,Karnataka,11,2021
Indoor,Airtel,4G,2,Poor Voice Quality,18.45193116,73.85138085,Maharashtra,11,2021
Indoor,Airtel,4G,5,Satisfactory,26.36715865,78.08784578,Madhya Pradesh,12,2021
Indoor,Airtel,4G,5,Satisfactory,26.36715865,78.08784578,Madhya Pradesh,12,2021
Indoor,Airtel,4G,4,Satisfactory,13.9368068,75.5481078,Karnataka,9,2021
Indoor,Airtel,4G,4,Satisfactory,13.93669934,75.55840325,Karnataka,9,2021
Indoor,Airtel,4G,3,Poor Voice Quality,12.9225006,79.1368377,Tamil Nadu,9,2021
Indoor,Airtel,4G,4,Satisfactory,16.8840381,79.6918281,Telangana,7,2021
Indoor,Airtel,4G,1,Poor Voice Quality,29.2992819,73.9042359,Rajasthan,7,2021
Indoor,Airtel,4G,4,Satisfactory,13.9367029,75.5481475,Karnataka,7,2021
Indoor,Airtel,4G,1,Poor Voice Quality,25.71664333,94.10983,Nagaland,7,2021
Indoor,Airtel,4G,1,Poor Voice Quality,29.2990281,73.904256,Rajasthan,7,2021
Indoor,Airtel,4G,5,Satisfactory,10.30293928,76.22318875,Kerala,7,2021
Indoor,Airtel,4G,1,Call Dropped,10.81835,77.206955,Tamil Nadu,7,2021
Indoor,Airtel,4G,4,Satisfactory,16.88402491,79.69180134,Telangana,6,2021
Indoor,Airtel,4G,1,Poor Voice Quality,22.64863333,78.38921,Madhya Pradesh,6,2021
Indoor,Airtel,4G,5,Satisfactory,11.3475265,75.9019111,Kerala,6,2021
Indoor,Airtel,4G,1,Poor Voice Quality,10.30295491,76.22317672,Kerala,6,2021
Indoor,Airtel,4G,1,Call Dropped,13.9367216,75.5481418,Karnataka,6,2021
Indoor,Airtel,4G,4,Satisfactory,16.8840195,79.6919166,Telangana,6,2021
Indoor,Airtel,4G,1,Poor Voice Quality,12.2880054,76.6002997,Karnataka,2,2021
Indoor,Airtel,4G,2,Poor Voice Quality,18.95499814,72.8014609,Maharashtra,2,2021
Indoor,Airtel,4G,1,Poor Voice Quality,28.640891,77.2290879,Delhi,2,2021
Indoor,Airtel,4G,1,Poor Voice Quality,28.6408972,77.2291132,Delhi,2,2021
Indoor,Airtel,4G,1,Poor Voice Quality,26.952789,75.7441238,Rajasthan,2,2021
Indoor,Airtel,4G,4,Satisfactory,12.9765235,77.711819,Karnataka,2,2021
Indoor,Airtel,4G,4,Satisfactory,22.80362894,86.18252401,Jharkhand,2,2021
Indoor,Airtel,4G,4,Satisfactory,24.09720833,88.25254667,West Bengal,2,2021
Indoor,Airtel,4G,4,Satisfactory,12.9765145,77.7118293,Karnataka,2,2021
Indoor,Airtel,4G,5,Satisfactory,17.41626892,78.36992261,Telangana,2,2021
Indoor,Airtel,4G,5,Satisfactory,17.4164078,78.3704341,Telangana,2,2021
Indoor,Airtel,4G,4,Satisfactory,19.0798707,72.84305713,Maharashtra,2,2021
Indoor,Airtel,4G,3,Satisfactory,19.0798707,72.84305713,Maharashtra,2,2021
Indoor,Airtel,4G,5,Satisfactory,17.41626892,78.36992261,Telangana,2,2021
Indoor,Airtel,4G,1,Poor Voice Quality,28.5054593,77.2996848,Delhi,2,2021
Indoor,Airtel,4G,5,Satisfactory,17.41566587,78.37055359,Telangana,2,2021
Indoor,Airtel,4G,3,Satisfactory,19.0801155,72.84942218,Maharashtra,2,2021
Indoor,Airtel,4G,4,Satisfactory,19.0801155,72.84942218,Maharashtra,2,2021
Indoor,Airtel,4G,4,Satisfactory,26.72471444,88.43820403,West Bengal,2,2021
Indoor,Airtel,4G,4,Satisfactory,12.98732428,77.70835478,Karnataka,2,2021
Indoor,Airtel,4G,4,Satisfactory,12.95828112,77.71796562,Karnataka,2,2021
Indoor,Airtel,4G,4,Satisfactory,12.95828112,77.71796562,Karnataka,2,2021
Indoor,Airtel,4G,5,Satisfactory,12.9407551,77.5409678,Karnataka,2,2021
Indoor,Airtel,4G,4,Satisfactory,12.9593638,77.7204993,Karnataka,2,2021
Indoor,Airtel,4G,4,Satisfactory,24.08863,88.255255,West Bengal,3,2021
Indoor,Airtel,4G,4,Satisfactory,24.09617,88.25511667,West Bengal,3,2021
Indoor,Airtel,4G,4,Satisfactory,24.09617,88.25511667,West Bengal,3,2021
Indoor,Airtel,4G,5,Satisfactory,16.5444105,81.5236716,Andhra Pradesh,3,2021
Indoor,Airtel,4G,4,Satisfactory,26.72471444,88.43820403,West Bengal,3,2021
Indoor,Airtel,4G,4,Satisfactory,16.885306,79.6931571,Telangana,3,2021
Indoor,Airtel,4G,1,Poor Voice Quality,23.68305846,85.02662994,Jharkhand,3,2021
Indoor,Airtel,4G,4,Satisfactory,16.88533187,79.69150023,Telangana,3,2021
Indoor,Airtel,4G,5,Satisfactory,13.00293003,77.71152973,Karnataka,3,2021
Indoor,Airtel,4G,4,Satisfactory,12.93564292,77.69501141,Karnataka,3,2021
Indoor,Airtel,4G,4,Satisfactory,22.8034864,86.1824966,Jharkhand,3,2021
Indoor,Airtel,4G,4,Satisfactory,12.9358727,77.6945501,Karnataka,3,2021
Indoor,Airtel,4G,4,Satisfactory,12.9362747,77.6945053,Karnataka,3,2021
Indoor,Airtel,4G,4,Satisfactory,24.088645,88.25496333,West Bengal,3,2021
Indoor,Airtel,4G,5,Satisfactory,16.5444132,81.5236689,Andhra Pradesh,3,2021
Indoor,Airtel,4G,4,Satisfactory,24.0887892,88.2552447,West Bengal,3,2021
Indoor,Airtel,4G,4,Satisfactory,24.0966566,88.2526587,West Bengal,3,2021
Indoor,Airtel,4G,2,Poor Voice Quality,15.7357316,79.2657289,Andhra Pradesh,3,2021
Indoor,Airtel,4G,5,Satisfactory,16.5423323,81.5121448,Andhra Pradesh,3,2021
Indoor,Airtel,4G,3,Satisfactory,12.7829591,77.6573707,Karnataka,3,2021
Indoor,Airtel,4G,5,Satisfactory,23.01752816,72.47035509,Gujarat,3,2021
Indoor,Airtel,4G,5,Satisfactory,16.5443903,81.5236603,Andhra Pradesh,3,2021
Indoor,Airtel,4G,4,Satisfactory,24.08855167,88.25513667,West Bengal,3,2021
Indoor,Airtel,4G,1,Poor Voice Quality,26.952788,75.7441256,Rajasthan,2,2021
Indoor,Airtel,4G,2,Poor Voice Quality,18.96320075,72.81813,Maharashtra,2,2021
Indoor,Airtel,4G,4,Satisfactory,16.88401615,79.69176465,Telangana,2,2021
Indoor,Airtel,4G,5,Satisfactory,31.26770167,76.35045667,Himachal Pradesh,2,2021
Indoor,Airtel,4G,1,Call Dropped,26.6220923,83.7685718,Uttar Pradesh,2,2021
Indoor,Airtel,4G,1,Poor Voice Quality,26.9527891,75.7441243,Rajasthan,2,2021
Indoor,Airtel,4G,5,Satisfactory,23.10193667,72.60376167,Gujarat,1,2021
Indoor,Airtel,4G,4,Satisfactory,26.7245994,88.4381645,West Bengal,1,2021
Indoor,Airtel,4G,5,Satisfactory,18.57475,73.7694587,Maharashtra,1,2021
Indoor,Airtel,4G,1,Call Dropped,12.2981044,76.6970326,Karnataka,1,2021
Indoor,Airtel,4G,5,Satisfactory,10.1231813,76.3569553,Kerala,1,2021
Indoor,Airtel,4G,2,Poor Voice Quality,12.9050252,74.8640694,Karnataka,1,2021
Indoor,Airtel,4G,5,Satisfactory,23.10169333,72.60381167,Gujarat,1,2021
Indoor,Airtel,4G,5,Satisfactory,17.41880768,78.37269552,Telangana,1,2021
Indoor,Airtel,4G,5,Satisfactory,26.86383634,81.00867092,Uttar Pradesh,1,2021
Indoor,Airtel,4G,5,Satisfactory,26.86383634,81.00867092,Uttar Pradesh,1,2021
Indoor,Airtel,4G,5,Satisfactory,26.7246261,88.4381985,West Bengal,1,2021
Indoor,Airtel,4G,5,Satisfactory,26.724626,88.4381967,West Bengal,1,2021
Indoor,Airtel,4G,5,Satisfactory,26.86383634,81.00867092,Uttar Pradesh,1,2021
Indoor,Airtel,4G,4,Satisfactory,26.7246191,88.4381952,West Bengal,1,2021
Indoor,Airtel,4G,3,Satisfactory,10.87116356,79.30115853,Tamil Nadu,1,2021
Indoor,Airtel,4G,5,Satisfactory,9.940073253,76.3173933,Kerala,1,2021
Indoor,Airtel,4G,4,Satisfactory,12.9765488,77.7118415,Karnataka,1,2021
Indoor,Airtel,4G,5,Satisfactory,26.8645062,81.0077282,Uttar Pradesh,1,2021
Indoor,Airtel,4G,5,Satisfactory,21.22370642,72.82391835,Gujarat,1,2021
Indoor,Airtel,4G,5,Satisfactory,21.22370642,72.82391835,Gujarat,1,2021
Indoor,Airtel,4G,5,Satisfactory,21.22370642,72.82391835,Gujarat,1,2021
Indoor,Airtel,4G,1,Call Dropped,12.28817155,76.59999481,Karnataka,1,2021
Indoor,Airtel,4G,1,Call Dropped,13.0029513,77.7117002,Karnataka,1,2021
Indoor,Airtel,4G,4,Satisfactory,13.0029673,77.7116678,Karnataka,1,2021
Indoor,Airtel,4G,3,Satisfactory,24.08929833,88.25541167,West Bengal,1,2021
Indoor,Airtel,4G,3,Satisfactory,24.09734333,88.2528,West Bengal,1,2021
Indoor,Airtel,4G,5,Satisfactory,26.8645035,81.0077313,Uttar Pradesh,1,2021
Indoor,Airtel,4G,5,Satisfactory,21.20897602,72.78103888,Gujarat,1,2021
Indoor,Airtel,4G,5,Satisfactory,21.20897602,72.78103888,Gujarat,1,2021
Indoor,Airtel,4G,1,Poor Voice Quality,12.2879808,76.6003073,Karnataka,1,2021
Indoor,Airtel,4G,5,Satisfactory,13.24298203,77.55201967,Karnataka,1,2021
Indoor,Airtel,4G,4,Satisfactory,24.08632667,88.25190167,West Bengal,1,2021
Indoor,Airtel,4G,4,Satisfactory,24.093175,88.25146333,West Bengal,1,2021
Indoor,Airtel,4G,5,Satisfactory,12.9949672,80.26052,Tamil Nadu,1,2021
Indoor,Airtel,4G,5,Satisfactory,23.04549543,72.51555366,Gujarat,1,2021
Indoor,Airtel,4G,5,Satisfactory,23.04538772,72.51619991,Gujarat,1,2021
Indoor,Airtel,4G,5,Satisfactory,23.04538772,72.51619991,Gujarat,1,2021
Indoor,Airtel,4G,5,Satisfactory,23.04538772,72.51619991,Gujarat,1,2021
Indoor,Airtel,4G,5,Satisfactory,23.04538772,72.51619991,Gujarat,1,2021
Indoor,Airtel,4G,5,Satisfactory,26.86264683,81.01793312,Uttar Pradesh,1,2021
Indoor,Airtel,4G,5,Satisfactory,26.86264683,81.01793312,Uttar Pradesh,1,2021
Indoor,Airtel,4G,5,Satisfactory,26.86264683,81.01793312,Uttar Pradesh,1,2021
Indoor,Airtel,4G,5,Satisfactory,26.86264683,81.01793312,Uttar Pradesh,1,2021
Indoor,Airtel,4G,5,Satisfactory,26.86264683,81.01793312,Uttar Pradesh,1,2021
Indoor,Airtel,4G,5,Satisfactory,13.0332577,80.2772011,Tamil Nadu,1,2021
Indoor,Airtel,4G,1,Call Dropped,23.27566886,72.13462668,Gujarat,1,2021
Indoor,Airtel,4G,4,Satisfactory,24.09173333,88.25325,West Bengal,1,2021
Indoor,Airtel,4G,5,Satisfactory,26.8625859,81.0179877,Uttar Pradesh,1,2021
Indoor,Airtel,4G,1,Poor Voice Quality,28.6408899,77.2291002,Delhi,1,2021
Indoor,Airtel,4G,5,Satisfactory,28.6408931,77.229095,Delhi,1,2021
Indoor,Airtel,4G,5,Satisfactory,28.640891,77.2290879,Delhi,1,2021
Indoor,Airtel,4G,5,Satisfactory,28.6408931,77.229095,Delhi,1,2021
Indoor,Airtel,4G,1,Poor Voice Quality,28.6408899,77.2291002,Delhi,1,2021
Indoor,Airtel,4G,5,Satisfactory,28.6408931,77.229095,Delhi,1,2021
Indoor,Airtel,4G,5,Satisfactory,28.640891,77.2290879,Delhi,1,2021
Indoor,Airtel,4G,5,Satisfactory,28.6408931,77.229095,Delhi,1,2021
Indoor,Airtel,4G,2,Call Dropped,28.6407071,77.2291061,Delhi,1,2021
Indoor,Airtel,4G,1,Call Dropped,28.64295455,77.12069641,Delhi,1,2021
Indoor,Airtel,4G,1,Poor Voice Quality,12.29176671,76.60288422,Karnataka,1,2021
Indoor,Airtel,4G,1,Call Dropped,12.2879366,76.6002921,Karnataka,1,2021
Indoor,Airtel,4G,4,Satisfactory,30.76786134,75.33603539,Punjab,1,2021
Indoor,Airtel,4G,4,Satisfactory,12.99022631,77.71334406,Karnataka,1,2021
Indoor,Airtel,4G,4,Satisfactory,12.9760566,77.7121745,Karnataka,1,2021
Indoor,Airtel,4G,4,Satisfactory,13.93686565,75.54830987,Karnataka,1,2021
Indoor,Airtel,4G,5,Satisfactory,23.0454617,72.5159515,Gujarat,1,2021
Indoor,Airtel,4G,5,Satisfactory,23.0481336,72.5315642,Gujarat,1,2021
Indoor,Airtel,4G,5,Satisfactory,31.24020667,76.363945,Himachal Pradesh,1,2021
Indoor,Airtel,4G,4,Satisfactory,13.93668044,75.5474219,Karnataka,1,2021
Indoor,Airtel,4G,5,Satisfactory,17.41585968,78.36986726,Telangana,1,2021
Indoor,Airtel,4G,4,Satisfactory,13.00448443,77.70990744,Karnataka,1,2021
Indoor,Airtel,4G,4,Satisfactory,24.09734333,88.2528,West Bengal,1,2021
Indoor,Airtel,4G,4,Satisfactory,24.08881667,88.25562333,West Bengal,1,2021
Indoor,Airtel,4G,4,Satisfactory,24.09734333,88.2528,West Bengal,1,2021
Indoor,Airtel,4G,4,Satisfactory,24.08859833,88.25514333,West Bengal,1,2021
Indoor,Airtel,4G,5,Satisfactory,26.8644803,81.0077673,Uttar Pradesh,1,2021
Indoor,Airtel,4G,5,Satisfactory,9.9403743,76.317752,Kerala,1,2021
Indoor,Airtel,4G,5,Satisfactory,17.41570498,78.37086956,Telangana,1,2021
Indoor,Airtel,4G,4,Satisfactory,12.9765397,77.7118277,Karnataka,1,2021
Indoor,Airtel,4G,5,Satisfactory,26.8645037,81.0077338,Uttar Pradesh,1,2021
Indoor,Airtel,4G,2,Poor Voice Quality,22.65758716,75.90457951,Madhya Pradesh,1,2021
Indoor,Airtel,4G,5,Satisfactory,11.35617872,77.21880861,Tamil Nadu,1,2021
Indoor,Airtel,4G,5,Satisfactory,10.12317618,76.35690263,Kerala,1,2021
Indoor,Airtel,4G,1,Call Dropped,28.5054663,77.2996331,Delhi,1,2021
Indoor,Airtel,4G,5,Satisfactory,10.30296349,76.2231536,Kerala,6,2021
Indoor,Airtel,4G,4,Satisfactory,16.88418951,79.6922945,Telangana,6,2021
Indoor,Airtel,4G,4,Satisfactory,14.02792244,75.93197638,Karnataka,6,2021
Indoor,Airtel,4G,1,Poor Voice Quality,25.3273891,81.6169323,Uttar Pradesh,6,2021
Indoor,Airtel,4G,3,Satisfactory,16.981626,82.2686838,Andhra Pradesh,5,2021
Indoor,Airtel,4G,3,Satisfactory,16.9859434,82.2501168,Andhra Pradesh,5,2021
Indoor,Airtel,4G,4,Satisfactory,16.870978,79.6632088,Telangana,5,2021
Indoor,Airtel,4G,3,Satisfactory,16.98602847,82.2501463,Andhra Pradesh,5,2021
Indoor,Airtel,4G,1,Poor Voice Quality,16.98166974,82.24920759,Andhra Pradesh,5,2021
Indoor,Airtel,4G,1,Poor Voice Quality,16.98166974,82.24920759,Andhra Pradesh,5,2021
Indoor,Airtel,4G,1,Poor Voice Quality,16.98166974,82.24920759,Andhra Pradesh,5,2021
Indoor,Airtel,4G,3,Satisfactory,16.98166974,82.24920759,Andhra Pradesh,5,2021
Indoor,Airtel,4G,3,Satisfactory,16.98166974,82.24920759,Andhra Pradesh,5,2021
Indoor,Airtel,4G,3,Satisfactory,16.98166974,82.24920759,Andhra Pradesh,5,2021
Indoor,Airtel,4G,4,Satisfactory,13.9367002,75.5481724,Karnataka,5,2021
Indoor,Airtel,4G,4,Satisfactory,22.808123,86.1886673,Jharkhand,5,2021
Indoor,Airtel,4G,3,Satisfactory,18.44925047,73.85792328,Maharashtra,5,2021
Indoor,Airtel,4G,3,Satisfactory,16.97400958,82.2663488,Andhra Pradesh,5,2021
Indoor,Airtel,4G,4,Satisfactory,13.9366937,75.5481458,Karnataka,5,2021
Indoor,Airtel,4G,1,Call Dropped,18.3011052,83.5568153,Andhra Pradesh,5,2021
Indoor,Airtel,4G,4,Satisfactory,24.7434417,87.8185999,Jharkhand,5,2021
Indoor,Airtel,4G,4,Satisfactory,22.8104834,86.2216063,Jharkhand,5,2021
Indoor,Airtel,4G,4,Satisfactory,22.8124083,86.2125336,Jharkhand,5,2021
Indoor,Airtel,4G,4,Satisfactory,22.8097867,86.2214002,Jharkhand,5,2021
Indoor,Airtel,4G,3,Satisfactory,16.98034268,82.26241866,Andhra Pradesh,5,2021
Indoor,Airtel,4G,4,Satisfactory,22.80711047,86.18886586,Jharkhand,1,2021
Indoor,Airtel,4G,4,Satisfactory,22.80711047,86.18886586,Jharkhand,1,2021
Indoor,Airtel,4G,5,Satisfactory,28.6404544,77.2295611,Delhi,1,2021
Indoor,Airtel,4G,5,Satisfactory,23.10169333,72.60356,Gujarat,1,2021
Indoor,Airtel,4G,5,Satisfactory,9.9403728,76.3177541,Kerala,1,2021
Indoor,Airtel,4G,4,Satisfactory,22.7532177,86.2095661,Jharkhand,4,2021
Indoor,Airtel,4G,4,Satisfactory,19.18065716,77.28855632,Maharashtra,3,2021
Indoor,Airtel,4G,5,Satisfactory,28.6408505,77.2293762,Delhi,3,2021
Indoor,Airtel,4G,1,Poor Voice Quality,12.78334868,77.66066139,Karnataka,3,2021
Indoor,Airtel,4G,4,Satisfactory,13.00306588,77.71158843,Karnataka,3,2021
Indoor,Airtel,4G,5,Satisfactory,11.34742395,75.90192177,Kerala,3,2021
Indoor,Airtel,4G,4,Satisfactory,22.80351933,86.18254034,Jharkhand,3,2021
Indoor,Airtel,4G,1,Poor Voice Quality,26.1540142,75.7780868,Rajasthan,3,2021
Indoor,Airtel,4G,4,Satisfactory,22.80347834,86.18252279,Jharkhand,3,2021
Indoor,Airtel,4G,4,Satisfactory,22.8009666,86.1812907,Jharkhand,3,2021
Indoor,Airtel,4G,4,Satisfactory,22.80347834,86.18252279,Jharkhand,3,2021
Indoor,Airtel,4G,4,Satisfactory,24.0971768,88.2525359,West Bengal,3,2021
Indoor,Airtel,4G,4,Satisfactory,16.88420898,79.69185054,Telangana,3,2021
Indoor,Airtel,4G,4,Satisfactory,13.0029651,77.7116869,Karnataka,3,2021
Indoor,Airtel,4G,4,Satisfactory,13.93070099,75.5671346,Karnataka,3,2021
Indoor,Airtel,4G,5,Satisfactory,11.35816876,77.16085233,Tamil Nadu,3,2021
Indoor,Airtel,4G,5,Satisfactory,26.2753668,72.9804117,Rajasthan,3,2021
Indoor,Airtel,4G,4,Satisfactory,22.80457967,86.1863563,Jharkhand,3,2021
Indoor,Airtel,4G,4,Satisfactory,26.72471444,88.43820403,West Bengal,3,2021
Indoor,Airtel,4G,4,Satisfactory,24.08801667,88.25477333,West Bengal,4,2021
Indoor,Airtel,4G,4,Satisfactory,22.81071488,86.20534059,Jharkhand,4,2021
Indoor,Airtel,4G,4,Satisfactory,26.7246192,88.4381988,West Bengal,4,2021
Indoor,Airtel,4G,3,Poor Voice Quality,24.7402727,87.8207399,Jharkhand,4,2021
Indoor,Airtel,4G,3,Poor Voice Quality,24.7402727,87.8207399,Jharkhand,4,2021
Indoor,Airtel,4G,4,Satisfactory,22.80817559,86.18838576,Jharkhand,4,2021
Indoor,Airtel,4G,3,Call Dropped,26.7246356,88.4381916,West Bengal,4,2021
Indoor,Airtel,4G,1,Poor Voice Quality,18.4501945,73.85011342,Maharashtra,4,2021
Indoor,Airtel,4G,5,Satisfactory,12.9949674,77.71795257,Karnataka,4,2021
Indoor,Airtel,4G,4,Satisfactory,24.08847,88.254715,West Bengal,4,2021
Indoor,Airtel,4G,5,Satisfactory,11.34751037,75.90187649,Kerala,4,2021
Indoor,Airtel,4G,2,Poor Voice Quality,24.9920857,93.8967128,Manipur,4,2021
Indoor,Airtel,4G,2,Poor Voice Quality,24.9920857,93.8967128,Manipur,4,2021
Indoor,Airtel,4G,1,Poor Voice Quality,28.49534884,77.09519829,Haryana,4,2021
Indoor,Airtel,4G,3,Call Dropped,16.8853462,79.6930529,Telangana,4,2021
Indoor,Airtel,4G,5,Satisfactory,11.3319928,75.89153046,Kerala,4,2021
Indoor,Airtel,4G,4,Satisfactory,24.08861833,88.25502,West Bengal,4,2021
Indoor,Airtel,4G,4,Satisfactory,24.08860333,88.25503,West Bengal,4,2021
Indoor,Airtel,4G,4,Satisfactory,22.7531426,86.2095901,Jharkhand,4,2021
Indoor,Airtel,4G,4,Satisfactory,12.9607701,77.7204129,Karnataka,4,2021
Indoor,Airtel,4G,4,Satisfactory,24.08866,88.2552,West Bengal,3,2021
Indoor,Airtel,4G,5,Satisfactory,11.63902832,75.98280888,Kerala,3,2021
Indoor,Airtel,4G,5,Satisfactory,14.43769377,75.95637278,Karnataka,3,2021
Indoor,Airtel,4G,4,Satisfactory,24.08870333,88.25452167,West Bengal,3,2021
Indoor,Airtel,4G,4,Satisfactory,25.8055666,93.7715704,Nagaland,6,2021
Indoor,Airtel,4G,1,Poor Voice Quality,26.9528064,75.7441257,Rajasthan,2,2021
Indoor,Airtel,4G,1,Poor Voice Quality,26.95438532,75.74572776,Rajasthan,3,2021
Indoor,Airtel,4G,5,Satisfactory,11.3475321,75.9019071,Kerala,3,2021
Indoor,Airtel,4G,1,Poor Voice Quality,31.4512101,77.6330803,Himachal Pradesh,3,2021
Indoor,Airtel,4G,1,Poor Voice Quality,12.9765594,77.7118535,Karnataka,3,2021
Indoor,Airtel,4G,2,Poor Voice Quality,22.90712303,70.87094296,Gujarat,3,2021
Indoor,Airtel,4G,1,Call Dropped,31.4512191,77.6331066,Himachal Pradesh,3,2021
Indoor,Airtel,4G,4,Satisfactory,24.08921667,88.25592833,West Bengal,3,2021
Indoor,Airtel,4G,5,Satisfactory,16.5443927,81.5236691,Andhra Pradesh,3,2021
Indoor,Airtel,4G,4,Satisfactory,13.0029812,77.711699,Karnataka,3,2021
Indoor,Airtel,4G,4,Satisfactory,22.80350307,86.18261975,Jharkhand,3,2021
Indoor,Airtel,4G,4,Satisfactory,24.088585,88.25527833,West Bengal,3,2021
Indoor,Airtel,4G,4,Satisfactory,13.002986,77.7116945,Karnataka,3,2021
Indoor,Airtel,4G,1,Poor Voice Quality,12.9763692,77.711901,Karnataka,3,2021
Indoor,Airtel,4G,4,Satisfactory,24.08857333,88.25498833,West Bengal,3,2021
Indoor,Airtel,4G,4,Satisfactory,22.80149066,86.18169421,Jharkhand,3,2021
Indoor,Airtel,4G,5,Satisfactory,16.5444306,81.52369897,Andhra Pradesh,3,2021
Indoor,Airtel,4G,1,Poor Voice Quality,18.44199346,73.84859862,Maharashtra,3,2021
Indoor,Airtel,4G,3,Satisfactory,18.95617898,72.81370697,Maharashtra,3,2021
Indoor,Airtel,4G,4,Satisfactory,26.72457288,88.43820919,West Bengal,2,2021
Indoor,Airtel,4G,1,Poor Voice Quality,26.95274718,75.74430712,Rajasthan,2,2021
Indoor,Airtel,4G,1,Poor Voice Quality,26.9527858,75.7441253,Rajasthan,2,2021
Indoor,Airtel,4G,4,Satisfactory,12.9566876,77.72153575,Karnataka,2,2021
Indoor,Airtel,4G,4,Satisfactory,12.9593154,77.7204944,Karnataka,2,2021
Indoor,Airtel,4G,1,Call Dropped,13.0536631,77.5088603,Karnataka,2,2021
Indoor,Airtel,4G,4,Satisfactory,24.097165,88.2528,West Bengal,2,2021
Indoor,Airtel,4G,1,Poor Voice Quality,26.95297613,75.74430893,Rajasthan,2,2021
Indoor,Airtel,4G,1,Poor Voice Quality,19.0816494,72.8503841,Maharashtra,2,2021
Indoor,Airtel,4G,1,Call Dropped,19.0819685,72.8505237,Maharashtra,2,2021
Indoor,Airtel,4G,4,Satisfactory,22.75312,86.20960333,Jharkhand,2,2021
Indoor,Airtel,4G,4,Satisfactory,12.9764206,77.7119584,Karnataka,2,2021
Indoor,Airtel,4G,1,Poor Voice Quality,26.9528062,75.7441247,Rajasthan,2,2021
Indoor,Airtel,4G,4,Satisfactory,24.08861,88.25514333,West Bengal,2,2021
Indoor,Airtel,4G,4,Satisfactory,24.08882333,88.25583833,West Bengal,2,2021
Indoor,Airtel,4G,4,Satisfactory,12.9765463,77.7118453,Karnataka,2,2021
Indoor,Airtel,4G,4,Satisfactory,19.18076318,77.28873335,Maharashtra,3,2021
Indoor,Airtel,4G,3,Satisfactory,12.78337108,77.66077757,Karnataka,3,2021
Indoor,Airtel,4G,5,Satisfactory,28.63359554,77.22689291,Delhi,3,2021
Indoor,Airtel,4G,4,Satisfactory,24.08856833,88.25500667,West Bengal,3,2021
Indoor,Airtel,4G,5,Satisfactory,16.5445303,81.5234811,Andhra Pradesh,3,2021
Indoor,Airtel,4G,5,Satisfactory,28.6408405,77.2293654,Delhi,3,2021
Indoor,Airtel,4G,5,Satisfactory,28.6408405,77.2293654,Delhi,3,2021
Indoor,Airtel,4G,4,Satisfactory,22.8034787,86.1824505,Jharkhand,4,2021
Indoor,Airtel,4G,4,Satisfactory,24.08858333,88.25494667,West Bengal,4,2021
Indoor,Airtel,4G,1,Call Dropped,22.647675,78.38829833,Madhya Pradesh,4,2021
Indoor,Airtel,4G,1,Poor Voice Quality,17.25609167,78.57637167,Telangana,4,2021
Indoor,Airtel,4G,5,Satisfactory,22.5904242,88.3936999,West Bengal,4,2021
Indoor,Airtel,4G,5,Satisfactory,26.7246364,88.4381868,West Bengal,4,2021
Indoor,Airtel,4G,4,Satisfactory,12.9358077,77.6945741,Karnataka,4,2021
Indoor,Airtel,4G,3,Satisfactory,26.7246401,88.4381876,West Bengal,4,2021
Indoor,Airtel,4G,4,Satisfactory,12.9358059,77.694596,Karnataka,4,2021
Indoor,Airtel,4G,1,Poor Voice Quality,18.44688432,73.8490248,Maharashtra,4,2021
Indoor,Airtel,4G,4,Satisfactory,24.08864667,88.25694333,West Bengal,4,2021
Indoor,Airtel,4G,4,Satisfactory,24.08864667,88.25694333,West Bengal,4,2021
Indoor,Airtel,4G,4,Satisfactory,24.08857167,88.25507167,West Bengal,4,2021
Indoor,Airtel,4G,4,Satisfactory,13.0030121,77.7117308,Karnataka,4,2021
Indoor,Airtel,4G,1,Call Dropped,13.00291439,77.71173211,Karnataka,4,2021
Indoor,Airtel,4G,1,Call Dropped,13.00291439,77.71173211,Karnataka,4,2021
Indoor,Airtel,4G,4,Satisfactory,13.00291439,77.71173211,Karnataka,4,2021
Indoor,Airtel,4G,4,Satisfactory,22.808154,86.1886788,Jharkhand,4,2021
Indoor,Airtel,4G,5,Satisfactory,26.2751413,72.9803991,Rajasthan,4,2021
Indoor,Airtel,4G,2,Poor Voice Quality,18.3067796,83.56591785,Andhra Pradesh,4,2021
Indoor,Airtel,4G,3,Satisfactory,18.30671301,83.56603906,Andhra Pradesh,4,2021
Indoor,Airtel,4G,5,Satisfactory,26.7246326,88.4381889,West Bengal,4,2021
Indoor,Airtel,4G,4,Satisfactory,26.7246354,88.4381868,West Bengal,4,2021
Indoor,Airtel,4G,5,Satisfactory,11.34770066,75.90181162,Kerala,4,2021
Indoor,Airtel,4G,4,Satisfactory,13.00281256,77.71175009,Karnataka,4,2021
Indoor,Airtel,4G,1,Poor Voice Quality,28.2760188,74.9501935,Rajasthan,4,2021
Indoor,Airtel,4G,3,Satisfactory,28.5976155,77.0755043,Delhi,4,2021
Indoor,Airtel,4G,3,Satisfactory,28.6140469,77.12650147,Delhi,4,2021
Indoor,Airtel,4G,5,Satisfactory,12.87912258,77.72460959,Karnataka,6,2021
Indoor,Airtel,4G,1,Call Dropped,10.46455523,77.81558746,Tamil Nadu,6,2021
Indoor,Airtel,4G,4,Satisfactory,13.83423002,75.6633095,Karnataka,6,2021
Indoor,Airtel,4G,4,Satisfactory,13.83449163,75.66317535,Karnataka,6,2021
Indoor,Airtel,4G,5,Satisfactory,26.72471444,88.43820403,West Bengal,3,2021
Indoor,Airtel,4G,1,Poor Voice Quality,26.9528055,75.7441257,Rajasthan,3,2021
Indoor,Airtel,4G,3,Poor Voice Quality,13.0493536,80.2576867,Tamil Nadu,3,2021
Indoor,Airtel,4G,4,Satisfactory,22.61766333,88.46716333,West Bengal,3,2021
Indoor,Airtel,4G,4,Satisfactory,22.57040167,88.50898333,West Bengal,3,2021
Indoor,Airtel,4G,4,Satisfactory,22.57040167,88.50898333,West Bengal,3,2021
Indoor,Airtel,4G,5,Satisfactory,26.72457288,88.43820919,West Bengal,2,2021
Indoor,Airtel,4G,4,Satisfactory,13.93665838,75.54751279,Karnataka,2,2021
Indoor,Airtel,4G,4,Satisfactory,13.9366963,75.5481274,Karnataka,2,2021
Indoor,Airtel,4G,4,Satisfactory,13.93682414,75.54624272,Karnataka,2,2021
Indoor,Airtel,4G,1,Poor Voice Quality,26.9200426,75.796349,Rajasthan,2,2021
Indoor,Airtel,4G,5,Satisfactory,17.41669403,78.3703698,Telangana,2,2021
Indoor,Airtel,4G,1,Poor Voice Quality,31.366743,75.5696988,Punjab,2,2021
Indoor,Airtel,4G,4,Satisfactory,13.9367081,75.5480628,Karnataka,2,2021
Indoor,Airtel,4G,5,Satisfactory,17.41669403,78.3703698,Telangana,2,2021
Indoor,Airtel,4G,1,Poor Voice Quality,26.9528152,75.7441325,Rajasthan,2,2021
Indoor,Airtel,4G,4,Satisfactory,22.80811083,86.18857307,Jharkhand,2,2021
Indoor,Airtel,4G,5,Satisfactory,22.80803253,86.18859419,Jharkhand,2,2021
Indoor,Airtel,4G,4,Satisfactory,24.08876167,88.25525833,West Bengal,2,2021
Indoor,Airtel,4G,4,Satisfactory,24.097785,88.2492,West Bengal,2,2021
Indoor,Airtel,4G,4,Satisfactory,24.097785,88.2492,West Bengal,2,2021
Indoor,Airtel,4G,4,Satisfactory,24.08864667,88.25510667,West Bengal,2,2021
Indoor,Airtel,4G,4,Satisfactory,22.80803253,86.18859419,Jharkhand,2,2021
Indoor,Airtel,4G,4,Satisfactory,26.7246143,88.4381902,West Bengal,2,2021
Indoor,Airtel,4G,4,Satisfactory,26.7246143,88.4381902,West Bengal,2,2021
Indoor,Airtel,4G,4,Satisfactory,16.88525488,79.69308068,Telangana,2,2021
Indoor,Airtel,4G,1,Poor Voice Quality,26.952814,75.7441331,Rajasthan,2,2021
Indoor,Airtel,4G,5,Satisfactory,31.6070811,74.9027908,Punjab,2,2021
Indoor,Airtel,4G,5,Satisfactory,31.6070811,74.9027908,Punjab,2,2021
Indoor,Airtel,4G,3,Satisfactory,24.08557,88.25179833,West Bengal,2,2021
Indoor,Airtel,4G,5,Satisfactory,26.20565667,78.18953667,Madhya Pradesh,2,2021
Indoor,Airtel,4G,1,Poor Voice Quality,26.91134969,75.74122529,Rajasthan,2,2021
Indoor,Airtel,4G,4,Satisfactory,24.08895833,88.25571,West Bengal,2,2021
Indoor,Airtel,4G,4,Satisfactory,16.88404782,79.69192184,Telangana,2,2021
Indoor,Airtel,4G,4,Satisfactory,12.9765742,77.7120656,Karnataka,2,2021
Indoor,Airtel,4G,1,Poor Voice Quality,22.27253601,70.80973958,Gujarat,2,2021
Indoor,Airtel,4G,4,Satisfactory,26.72471444,88.43820403,West Bengal,3,2021
Indoor,Airtel,4G,1,Call Dropped,18.4860695,73.8770773,Maharashtra,3,2021
Indoor,Airtel,4G,1,Call Dropped,18.4860784,73.8827758,Maharashtra,3,2021
Indoor,Airtel,4G,1,Call Dropped,12.2910632,76.6958448,Karnataka,3,2021
Indoor,Airtel,4G,5,Satisfactory,16.5408935,81.5249896,Andhra Pradesh,3,2021
Indoor,Airtel,4G,5,Satisfactory,16.54422937,81.52428964,Andhra Pradesh,3,2021
Indoor,Airtel,4G,1,Poor Voice Quality,26.96705687,75.72136371,Rajasthan,3,2021
Indoor,Airtel,4G,5,Satisfactory,16.7655944,81.6939887,Andhra Pradesh,3,2021
Indoor,Airtel,4G,1,Poor Voice Quality,26.9686113,75.7169734,Rajasthan,3,2021
Indoor,Airtel,4G,4,Satisfactory,24.08875833,88.25563167,West Bengal,3,2021
Indoor,Airtel,4G,5,Satisfactory,18.57475515,73.76952166,Maharashtra,3,2021
Indoor,Airtel,4G,1,Poor Voice Quality,12.98254475,80.16705999,Tamil Nadu,3,2021
Indoor,Airtel,4G,4,Satisfactory,24.08942,88.25581333,West Bengal,3,2021
Indoor,Airtel,4G,4,Satisfactory,13.93673635,75.54819549,Karnataka,3,2021
Indoor,Airtel,4G,4,Satisfactory,12.97644543,77.71087621,Karnataka,3,2021
Indoor,Airtel,4G,5,Satisfactory,26.865919,81.0241875,Uttar Pradesh,1,2021
Indoor,Airtel,4G,5,Satisfactory,9.98424606,76.35220229,Kerala,1,2021
Indoor,Airtel,4G,5,Satisfactory,11.3562747,77.21885321,Tamil Nadu,1,2021
Indoor,Airtel,4G,5,Satisfactory,26.86251765,81.01797132,Uttar Pradesh,1,2021
Indoor,Airtel,4G,4,Satisfactory,24.08852333,88.25503667,West Bengal,1,2021
Indoor,Airtel,4G,4,Satisfactory,26.7246244,88.4382002,West Bengal,1,2021
Indoor,Airtel,4G,5,Satisfactory,10.9137673,76.1242616,Kerala,1,2021
Indoor,Airtel,4G,5,Satisfactory,23.04511146,72.52117155,Gujarat,1,2021
Indoor,Airtel,4G,5,Satisfactory,23.04511146,72.52117155,Gujarat,1,2021
Indoor,Airtel,4G,5,Satisfactory,23.04608292,72.53038301,Gujarat,1,2021
Indoor,Airtel,4G,5,Satisfactory,26.8644822,81.007704,Uttar Pradesh,1,2021
Indoor,Airtel,4G,1,Poor Voice Quality,19.15593926,72.88391847,Maharashtra,1,2021
Indoor,Airtel,4G,1,Call Dropped,12.2924855,76.6966717,Karnataka,1,2021
Indoor,Airtel,4G,1,Call Dropped,28.5054597,77.29966,Delhi,1,2021
Indoor,Airtel,4G,5,Satisfactory,26.86258916,81.01808476,Uttar Pradesh,1,2021
Indoor,Airtel,4G,5,Satisfactory,26.86258916,81.01808476,Uttar Pradesh,1,2021
Indoor,Airtel,4G,5,Satisfactory,26.86258916,81.01808476,Uttar Pradesh,1,2021
Indoor,Airtel,4G,5,Satisfactory,10.1231943,76.3568997,Kerala,1,2021
Indoor,Airtel,4G,1,Poor Voice Quality,12.26275707,76.60469555,Karnataka,1,2021
Indoor,Airtel,4G,1,Poor Voice Quality,12.28793949,76.60024485,Karnataka,1,2021
Indoor,Airtel,4G,1,Call Dropped,12.28794079,76.60042003,Karnataka,1,2021
Indoor,Airtel,4G,4,Satisfactory,14.02767122,75.93207839,Karnataka,1,2021
Indoor,Airtel,4G,4,Satisfactory,14.02789019,75.93187791,Karnataka,1,2021
Indoor,Airtel,4G,4,Satisfactory,14.04017503,76.18402256,Karnataka,1,2021
Indoor,Airtel,4G,4,Satisfactory,14.03008368,76.18766511,Karnataka,1,2021
Indoor,Airtel,4G,4,Satisfactory,14.03008368,76.18766511,Karnataka,1,2021
Indoor,Airtel,4G,4,Satisfactory,14.03005344,76.18713076,Karnataka,1,2021
Indoor,Airtel,4G,1,Poor Voice Quality,12.31768783,76.65064858,Karnataka,1,2021
Indoor,Airtel,4G,5,Satisfactory,12.31768783,76.65064858,Karnataka,1,2021
Indoor,Airtel,4G,5,Satisfactory,17.4155296,78.3708162,Telangana,1,2021
Indoor,Airtel,4G,5,Satisfactory,12.94093023,77.54094531,Karnataka,1,2021
Indoor,Airtel,4G,2,Poor Voice Quality,12.29189265,76.60292689,Karnataka,1,2021
Indoor,Airtel,4G,1,Poor Voice Quality,12.28553318,76.63647235,Karnataka,1,2021
Indoor,Airtel,4G,1,Poor Voice Quality,22.34382555,73.17686958,Gujarat,1,2021
Indoor,Airtel,4G,4,Satisfactory,13.93678105,75.54828707,Karnataka,3,2022
Indoor,Airtel,4G,1,Poor Voice Quality,18.45011295,73.85000282,Maharashtra,3,2022
Indoor,Airtel,4G,4,Satisfactory,12.9361315,77.6946504,Karnataka,3,2022
Indoor,Airtel,4G,4,Satisfactory,12.96940104,77.70669547,Karnataka,3,2022
Indoor,Airtel,4G,1,Poor Voice Quality,27.39691555,75.45520185,Rajasthan,3,2022
Indoor,Airtel,4G,1,Call Dropped,18.74915167,73.42932833,Maharashtra,3,2022
Indoor,Airtel,4G,3,Satisfactory,17.67830667,73.987875,Maharashtra,3,2022
Indoor,Airtel,4G,4,Satisfactory,13.93656145,75.54820645,Karnataka,3,2022
Indoor,Airtel,4G,4,Satisfactory,13.93663152,75.54815804,Karnataka,3,2022
Indoor,Airtel,4G,3,Poor Voice Quality,26.43228833,91.18672833,Assam,3,2022
Indoor,Airtel,4G,4,Satisfactory,12.96533818,77.70227863,Karnataka,3,2022
Indoor,Airtel,4G,4,Satisfactory,13.9379665,75.5694343,Karnataka,3,2022
Indoor,Airtel,4G,4,Satisfactory,13.93670794,75.54821536,Karnataka,3,2022
Indoor,Airtel,4G,1,Call Dropped,10.61846847,76.11473719,Kerala,2,2022
Indoor,Airtel,4G,4,Satisfactory,13.94952298,75.5651055,Karnataka,2,2022
Indoor,Airtel,4G,4,Satisfactory,13.93687279,75.54820064,Karnataka,2,2022
Indoor,Airtel,4G,1,Poor Voice Quality,10.6002404,76.2115315,Kerala,2,2022
Indoor,Airtel,4G,4,Satisfactory,13.9367845,75.5480963,Karnataka,2,2022
Indoor,Airtel,4G,2,Poor Voice Quality,19.1293064,72.9387074,Maharashtra,2,2022
Indoor,Airtel,4G,4,Satisfactory,28.67430956,77.07365798,Delhi,2,2022
Indoor,Airtel,4G,4,Satisfactory,13.93693004,75.54852596,Karnataka,2,2022
Indoor,Airtel,4G,2,Call Dropped,26.58159973,93.29342452,Assam,2,2022
Indoor,Airtel,4G,1,Poor Voice Quality,26.11364167,87.93221,Bihar,2,2022
Indoor,Airtel,4G,2,Poor Voice Quality,28.67434,77.0738041,Delhi,2,2022
Indoor,Airtel,4G,1,Call Dropped,28.67429527,77.07370558,Delhi,2,2022
Indoor,Airtel,4G,3,Satisfactory,17.67812333,73.98790833,Maharashtra,2,2022
Indoor,Airtel,4G,1,Poor Voice Quality,26.58176414,93.29318723,Assam,2,2022
Indoor,Airtel,4G,5,Satisfactory,13.9368525,75.5482911,Karnataka,1,2022
Indoor,Airtel,4G,4,Satisfactory,13.93677982,75.54806232,Karnataka,1,2022
Indoor,Airtel,4G,5,Satisfactory,28.5569839,77.0541023,Delhi,1,2022
Indoor,Airtel,4G,4,Satisfactory,13.93668126,75.54825386,Karnataka,1,2022
Indoor,Airtel,4G,5,Satisfactory,13.93665397,75.5482169,Karnataka,1,2022
Indoor,Airtel,4G,4,Satisfactory,13.93665397,75.5482169,Karnataka,1,2022
Indoor,Airtel,4G,1,Poor Voice Quality,21.14102728,72.76523284,Gujarat,1,2022
Indoor,Airtel,4G,4,Satisfactory,13.9367576,75.5482107,Karnataka,1,2022
Indoor,Airtel,4G,1,Poor Voice Quality,18.4513939,73.8504819,Maharashtra,1,2022
Indoor,Airtel,4G,2,Poor Voice Quality,19.8553789,75.3413873,Maharashtra,1,2022
Indoor,Airtel,4G,2,Poor Voice Quality,27.15486109,78.01031113,Uttar Pradesh,1,2022
Indoor,Airtel,4G,1,Poor Voice Quality,18.44914611,73.84401644,Maharashtra,1,2022
Indoor,Airtel,4G,4,Satisfactory,13.93673926,75.54825448,Karnataka,1,2022
Indoor,Airtel,4G,4,Satisfactory,13.93665121,75.54803938,Karnataka,1,2022
Indoor,Airtel,4G,2,Poor Voice Quality,18.44233476,73.84802168,Maharashtra,1,2022
Indoor,Airtel,4G,4,Satisfactory,13.93669645,75.54813315,Karnataka,1,2022
Indoor,Airtel,4G,4,Satisfactory,13.93678105,75.54828707,Karnataka,4,2022
Indoor,Airtel,4G,1,Call Dropped,10.5619675,76.1674931,Kerala,4,2022
Indoor,Airtel,4G,2,Poor Voice Quality,10.5619714,76.1675282,Kerala,4,2022
Indoor,Airtel,4G,1,Poor Voice Quality,21.1409578,72.76524222,Gujarat,4,2022
Indoor,Airtel,4G,5,Satisfactory,12.99018683,77.71356548,Karnataka,4,2022
Indoor,Airtel,4G,4,Satisfactory,13.00295931,77.7118076,Karnataka,4,2022
Indoor,Airtel,4G,3,Poor Voice Quality,18.44196437,73.84849702,Maharashtra,4,2022
Indoor,Airtel,4G,1,Poor Voice Quality,21.14107425,72.76497782,Gujarat,4,2022
Indoor,Airtel,4G,4,Satisfactory,13.0030067,77.7117646,Karnataka,4,2022
Indoor,Airtel,4G,4,Satisfactory,13.24595306,77.27724799,Karnataka,4,2022
Indoor,Airtel,4G,4,Satisfactory,13.8427351,75.70872079,Karnataka,4,2022
Indoor,Airtel,4G,4,Satisfactory,13.93656145,75.54820645,Karnataka,4,2022
Indoor,Airtel,4G,4,Satisfactory,14.02137306,75.95832896,Karnataka,4,2022
Indoor,Airtel,4G,5,Satisfactory,10.30299935,76.22307315,Kerala,4,2022
Indoor,Airtel,4G,4,Satisfactory,13.00299594,77.711342,Karnataka,4,2022
Indoor,Airtel,4G,4,Satisfactory,13.11079949,77.46996126,Karnataka,4,2022
Indoor,Airtel,4G,4,Satisfactory,13.9366733,75.54806997,Karnataka,4,2022
Indoor,Airtel,4G,5,Satisfactory,13.002983,77.711753,Karnataka,7,2022
Indoor,Airtel,4G,5,Satisfactory,12.9361385,77.6946291,Karnataka,7,2022
Indoor,Airtel,4G,5,Satisfactory,13.0029904,77.7117572,Karnataka,7,2022
Indoor,Airtel,4G,1,Poor Voice Quality,28.93399184,77.4513623,Uttar Pradesh,7,2022
Indoor,Airtel,4G,1,Poor Voice Quality,28.9341104,77.45148505,Uttar Pradesh,7,2022
Indoor,Airtel,4G,5,Satisfactory,13.0029864,77.7117373,Karnataka,7,2022
Indoor,Airtel,4G,5,Satisfactory,13.0029743,77.7117238,Karnataka,7,2022
Indoor,Airtel,4G,1,Poor Voice Quality,21.137264,72.7773975,Gujarat,7,2022
Indoor,Airtel,4G,5,Satisfactory,12.9358413,77.6945388,Karnataka,7,2022
Indoor,Airtel,4G,5,Satisfactory,13.002994,77.7117669,Karnataka,7,2022
Indoor,Airtel,4G,3,Call Dropped,12.95650515,77.48964281,Karnataka,7,2022
Indoor,Airtel,4G,5,Satisfactory,13.0029953,77.7117221,Karnataka,7,2022
Indoor,Airtel,4G,5,Satisfactory,22.99475754,72.53718734,Gujarat,7,2022
Indoor,Airtel,4G,5,Satisfactory,13.00621546,77.70014646,Karnataka,7,2022
Indoor,Airtel,4G,5,Satisfactory,13.02345366,77.55137352,Karnataka,7,2022
Indoor,Airtel,4G,5,Satisfactory,13.94371203,75.58351212,Karnataka,7,2022
Indoor,Airtel,4G,1,Call Dropped,21.1372713,72.7774274,Gujarat,7,2022
Indoor,Airtel,4G,2,Poor Voice Quality,12.24229667,78.177005,Tamil Nadu,5,2022
Indoor,Airtel,4G,2,Poor Voice Quality,27.4781945,75.0861181,Rajasthan,5,2022
Indoor,Airtel,4G,3,Poor Voice Quality,21.18290668,72.81437616,Gujarat,5,2022
Indoor,Airtel,4G,1,Call Dropped,21.18290668,72.81437616,Gujarat,5,2022
Indoor,Airtel,4G,4,Satisfactory,13.0029948,77.7117415,Karnataka,5,2022
Indoor,Airtel,4G,4,Satisfactory,13.0030144,77.7117059,Karnataka,5,2022
Indoor,Airtel,4G,4,Satisfactory,12.94276878,77.6540557,Karnataka,5,2022
Indoor,Airtel,4G,4,Satisfactory,12.95517899,77.65329405,Karnataka,5,2022
Indoor,Airtel,4G,4,Satisfactory,12.95526409,77.65313576,Karnataka,5,2022
Indoor,Airtel,4G,4,Satisfactory,12.96800098,77.70478103,Karnataka,5,2022
Indoor,Airtel,4G,4,Satisfactory,13.00292415,77.71203695,Karnataka,5,2022
Indoor,Airtel,4G,1,Poor Voice Quality,28.6617127,77.2661613,Delhi,5,2022
Indoor,Airtel,4G,4,Satisfactory,12.94823068,77.6992809,Karnataka,5,2022
Indoor,Airtel,4G,5,Satisfactory,22.58246167,88.56778667,West Bengal,5,2022
Indoor,Airtel,4G,1,Poor Voice Quality,21.14129517,72.76524187,Gujarat,5,2022
Indoor,Airtel,4G,4,Satisfactory,13.84404826,75.71105484,Karnataka,5,2022
Indoor,Airtel,4G,4,Satisfactory,13.93691242,75.5480263,Karnataka,5,2022
Indoor,Airtel,4G,1,Poor Voice Quality,18.7540064,73.4292548,Maharashtra,5,2022
Indoor,Airtel,4G,5,Satisfactory,13.9369472,75.5477901,Karnataka,5,2022
Indoor,Airtel,4G,4,Satisfactory,13.0030421,77.7117807,Karnataka,5,2022
Indoor,Airtel,4G,1,Poor Voice Quality,18.44200303,73.84851465,Maharashtra,6,2022
Indoor,Airtel,4G,4,Satisfactory,14.02770586,75.93185868,Karnataka,6,2022
Indoor,Airtel,4G,5,Satisfactory,13.83440012,75.66232586,Karnataka,6,2022
Indoor,Airtel,4G,5,Satisfactory,13.93348851,75.55977127,Karnataka,6,2022
Indoor,Airtel,4G,5,Satisfactory,12.936028,77.6946679,Karnataka,6,2022
Indoor,Airtel,4G,5,Satisfactory,13.0029109,77.7117344,Karnataka,6,2022
Indoor,Airtel,4G,2,Poor Voice Quality,18.44208851,73.84835771,Maharashtra,1,2022
Indoor,Airtel,4G,5,Satisfactory,26.23834521,78.16560291,Madhya Pradesh,1,2022
Indoor,Airtel,4G,4,Satisfactory,13.9366714,75.5481345,Karnataka,1,2022
Indoor,Airtel,4G,1,Poor Voice Quality,18.44208851,73.84835771,Maharashtra,1,2022
Indoor,Airtel,4G,4,Satisfactory,13.9368119,75.5480614,Karnataka,1,2022
Indoor,Airtel,4G,5,Satisfactory,12.9358347,77.6946272,Karnataka,10,2022
Indoor,Airtel,4G,3,Satisfactory,30.1100879,78.2953295,Uttarakhand,10,2022
Indoor,Airtel,4G,1,Poor Voice Quality,13.74861806,79.68698535,Andhra Pradesh,10,2022
Indoor,Airtel,4G,5,Satisfactory,13.05979142,77.55926491,Karnataka,10,2022
Indoor,Airtel,4G,2,Poor Voice Quality,30.1047947,78.287668,Uttarakhand,10,2022
Indoor,Airtel,4G,5,Satisfactory,28.64949052,77.28120845,Delhi,10,2022
Indoor,Airtel,4G,3,Satisfactory,30.11538936,78.28190716,Uttarakhand,10,2022
Indoor,Airtel,4G,5,Satisfactory,12.9750563,77.6977575,Karnataka,10,2022
Indoor,Airtel,4G,5,Satisfactory,13.06856261,77.55966737,Karnataka,10,2022
Indoor,Airtel,4G,3,Satisfactory,30.1157763,78.28172888,Uttarakhand,10,2022
Indoor,Airtel,4G,3,Satisfactory,30.1155317,78.28189516,Uttarakhand,10,2022
Indoor,Airtel,4G,3,Satisfactory,30.10413936,78.28790994,Uttarakhand,10,2022
Indoor,Airtel,4G,5,Satisfactory,13.0613692,77.5590547,Karnataka,10,2022
Indoor,Airtel,4G,1,Poor Voice Quality,16.4800251,81.1501129,Andhra Pradesh,10,2022
Indoor,Airtel,4G,5,Satisfactory,13.0726048,77.5601899,Karnataka,10,2022
Indoor,Airtel,4G,3,Satisfactory,30.11595788,78.28113031,Uttarakhand,10,2022
Indoor,Airtel,4G,3,Satisfactory,30.10478484,78.28757827,Uttarakhand,10,2022
Indoor,Airtel,4G,5,Satisfactory,13.0724009,77.55997972,Karnataka,10,2022
Indoor,Airtel,4G,5,Satisfactory,12.93534852,77.69476399,Karnataka,10,2022
Indoor,Airtel,4G,3,Satisfactory,30.11063574,78.29466698,Uttarakhand,10,2022
Indoor,Airtel,4G,5,Satisfactory,14.02792824,75.93200836,Karnataka,10,2022
Indoor,Airtel,4G,1,Poor Voice Quality,18.1885151,76.0430829,Maharashtra,10,2022
Indoor,Airtel,4G,5,Satisfactory,14.02783146,75.93148357,Karnataka,10,2022
Indoor,Airtel,4G,5,Satisfactory,12.9358173,77.6945328,Karnataka,10,2022
Indoor,Airtel,4G,3,Satisfactory,30.1048096,78.2876544,Uttarakhand,10,2022
Indoor,Airtel,4G,3,Satisfactory,30.1058743,78.2877045,Uttarakhand,10,2022
Indoor,Airtel,4G,1,Call Dropped,13.07334021,77.56110627,Karnataka,10,2022
Indoor,Airtel,4G,5,Satisfactory,13.06490729,77.55950148,Karnataka,10,2022
Indoor,Airtel,4G,2,Poor Voice Quality,30.1047456,78.287732,Uttarakhand,10,2022
Indoor,Airtel,4G,5,Satisfactory,13.05846001,77.55914837,Karnataka,10,2022
Indoor,Airtel,4G,3,Satisfactory,30.11640669,78.28083329,Uttarakhand,10,2022
Indoor,Airtel,4G,3,Satisfactory,30.11640669,78.28083329,Uttarakhand,10,2022
Indoor,Airtel,4G,3,Satisfactory,30.11640669,78.28083329,Uttarakhand,10,2022
Indoor,Airtel,4G,5,Satisfactory,13.93255644,75.55035999,Karnataka,10,2022
Indoor,Airtel,4G,3,Satisfactory,30.1155212,78.2817945,Uttarakhand,10,2022
Indoor,Airtel,4G,5,Satisfactory,12.94585328,77.69857123,Karnataka,10,2022
Indoor,Airtel,4G,5,Satisfactory,14.02803841,75.93173342,Karnataka,10,2022
Indoor,Airtel,4G,5,Satisfactory,14.02793252,75.93188835,Karnataka,10,2022
Indoor,Airtel,4G,5,Satisfactory,12.936846,77.69506032,Karnataka,10,2022
Indoor,Airtel,4G,5,Satisfactory,13.04352217,77.55741946,Karnataka,10,2022
Indoor,Airtel,4G,5,Satisfactory,13.07261,77.5602111,Karnataka,10,2022
Indoor,Airtel,4G,3,Satisfactory,30.11576493,78.28157966,Uttarakhand,10,2022
Indoor,Airtel,4G,5,Satisfactory,13.0707761,77.5603222,Karnataka,10,2022
Indoor,Airtel,4G,5,Satisfactory,13.07029638,77.56012732,Karnataka,10,2022
Indoor,Airtel,4G,5,Satisfactory,12.9361314,77.694617,Karnataka,10,2022
Indoor,Airtel,4G,3,Satisfactory,30.11576493,78.28157966,Uttarakhand,10,2022
Indoor,Airtel,4G,5,Satisfactory,13.93685249,75.54822611,Karnataka,10,2022
Indoor,Airtel,4G,5,Satisfactory,13.93798693,75.54591478,Karnataka,10,2022
Indoor,Airtel,4G,1,Poor Voice Quality,30.10428424,78.28906232,Uttarakhand,10,2022
Indoor,Airtel,4G,3,Satisfactory,30.10428424,78.28906232,Uttarakhand,10,2022
Indoor,Airtel,4G,1,Poor Voice Quality,19.20789002,72.8481155,Maharashtra,10,2022
Indoor,Airtel,4G,5,Satisfactory,13.93675866,75.54816136,Karnataka,10,2022
Indoor,Airtel,4G,5,Satisfactory,13.94564724,75.56517186,Karnataka,10,2022
Indoor,Airtel,4G,3,Satisfactory,19.2206442,72.8428118,Maharashtra,10,2022
Indoor,Airtel,4G,5,Satisfactory,14.02788783,75.93191352,Karnataka,10,2022
Indoor,Airtel,4G,1,Poor Voice Quality,19.22055909,72.84291727,Maharashtra,10,2022
Indoor,Airtel,4G,3,Satisfactory,30.20616416,78.12555857,Uttarakhand,10,2022
Indoor,Airtel,4G,1,Poor Voice Quality,19.22082282,72.84151202,Maharashtra,10,2022
Indoor,Airtel,4G,1,Call Dropped,19.22144808,72.83925478,Maharashtra,10,2022
Indoor,Airtel,4G,5,Satisfactory,12.9356821,77.6946021,Karnataka,10,2022
Indoor,Airtel,4G,3,Satisfactory,30.1153668,78.2818925,Uttarakhand,10,2022
Indoor,Airtel,4G,1,Call Dropped,19.2206135,72.842824,Maharashtra,10,2022
Indoor,Airtel,4G,5,Satisfactory,13.0725598,77.5602126,Karnataka,10,2022
Indoor,Airtel,4G,5,Satisfactory,12.9360815,77.6946449,Karnataka,10,2022
Indoor,Airtel,4G,1,Poor Voice Quality,19.2205434,72.8427794,Maharashtra,10,2022
Indoor,Airtel,4G,2,Poor Voice Quality,19.2205516,72.8428546,Maharashtra,10,2022
Indoor,Airtel,4G,5,Satisfactory,13.0717192,77.5605561,Karnataka,10,2022
Indoor,Airtel,4G,5,Satisfactory,13.06653857,77.58240007,Karnataka,10,2022
Indoor,Airtel,4G,1,Poor Voice Quality,25.465215,81.847985,Uttar Pradesh,10,2022
Indoor,Airtel,4G,5,Satisfactory,13.0726006,77.5602071,Karnataka,10,2022
Indoor,Airtel,4G,5,Satisfactory,12.93650518,77.69458956,Karnataka,10,2022
Indoor,Airtel,4G,5,Satisfactory,12.9357008,77.6946205,Karnataka,10,2022
Indoor,Airtel,4G,5,Satisfactory,12.9716168,77.69960298,Karnataka,10,2022
Indoor,Airtel,4G,5,Satisfactory,13.0725897,77.5602206,Karnataka,10,2022
Indoor,Airtel,4G,5,Satisfactory,13.0725947,77.5602089,Karnataka,10,2022
Indoor,Airtel,4G,1,Poor Voice Quality,19.2206347,72.8430267,Maharashtra,10,2022
Indoor,Airtel,4G,5,Satisfactory,13.05035531,77.55766561,Karnataka,10,2022
Indoor,Airtel,4G,5,Satisfactory,12.94329312,77.69752508,Karnataka,10,2022
Indoor,Airtel,4G,2,Poor Voice Quality,19.22081952,72.84297147,Maharashtra,10,2022
Indoor,Airtel,4G,5,Satisfactory,13.07097862,77.56015295,Karnataka,10,2022
Indoor,Airtel,4G,5,Satisfactory,13.0029873,77.71245401,Karnataka,8,2022
Indoor,Airtel,4G,5,Satisfactory,12.93484578,77.69344403,Karnataka,8,2022
Indoor,Airtel,4G,5,Satisfactory,12.93484578,77.69344403,Karnataka,8,2022
Indoor,Airtel,4G,5,Satisfactory,13.07280114,77.56007675,Karnataka,8,2022
Indoor,Airtel,4G,5,Satisfactory,13.0708652,77.5579022,Karnataka,8,2022
Indoor,Airtel,4G,5,Satisfactory,13.08139501,77.55924642,Karnataka,8,2022
Indoor,Airtel,4G,5,Satisfactory,13.08137141,77.55922137,Karnataka,8,2022
Indoor,Airtel,4G,5,Satisfactory,13.08265928,77.55818451,Karnataka,8,2022
Indoor,Airtel,4G,5,Satisfactory,13.08152533,77.55741951,Karnataka,8,2022
Indoor,Airtel,4G,5,Satisfactory,13.07950359,77.55827431,Karnataka,8,2022
Indoor,Airtel,4G,5,Satisfactory,13.00301193,77.71259122,Karnataka,8,2022
Indoor,Airtel,4G,5,Satisfactory,14.42903773,75.91435629,Karnataka,8,2022
Indoor,Airtel,4G,5,Satisfactory,13.90214731,75.55901401,Karnataka,8,2022
Indoor,Airtel,4G,5,Satisfactory,13.93688831,75.54808106,Karnataka,8,2022
Indoor,Airtel,4G,5,Satisfactory,13.0030611,77.7117816,Karnataka,8,2022
Indoor,Airtel,4G,5,Satisfactory,12.9358245,77.6946256,Karnataka,8,2022
Indoor,Airtel,4G,5,Satisfactory,13.0030496,77.7117578,Karnataka,8,2022
Indoor,Airtel,4G,5,Satisfactory,13.0725827,77.5602167,Karnataka,8,2022
Indoor,Airtel,4G,5,Satisfactory,13.072508,77.5601091,Karnataka,8,2022
Indoor,Airtel,4G,5,Satisfactory,15.89155,76.48567,Karnataka,8,2022
Indoor,Airtel,4G,5,Satisfactory,13.0724601,77.5600847,Karnataka,8,2022
Indoor,Airtel,4G,5,Satisfactory,13.06965436,77.55999646,Karnataka,8,2022
Indoor,Airtel,4G,1,Call Dropped,12.936098,77.6946733,Karnataka,8,2022
Indoor,Airtel,4G,5,Satisfactory,12.93128642,77.68628249,Karnataka,8,2022
Indoor,Airtel,4G,3,Satisfactory,30.11597549,78.28117077,Uttarakhand,9,2022
Indoor,Airtel,4G,3,Satisfactory,30.1046826,78.2876467,Uttarakhand,9,2022
Indoor,Airtel,4G,3,Satisfactory,30.11597549,78.28117077,Uttarakhand,9,2022
Indoor,Airtel,4G,5,Satisfactory,13.072607,77.5602839,Karnataka,9,2022
Indoor,Airtel,4G,5,Satisfactory,12.94416364,77.69763086,Karnataka,9,2022
Indoor,Airtel,4G,5,Satisfactory,13.0725807,77.5601948,Karnataka,9,2022
Indoor,Airtel,4G,3,Satisfactory,30.11597549,78.28117077,Uttarakhand,9,2022
Indoor,Airtel,4G,3,Satisfactory,30.1155198,78.2817971,Uttarakhand,9,2022
Indoor,Airtel,4G,5,Satisfactory,26.20570268,78.1894443,Madhya Pradesh,9,2022
Indoor,Airtel,4G,5,Satisfactory,12.9360907,77.6946286,Karnataka,9,2022
Indoor,Airtel,4G,5,Satisfactory,12.9361122,77.6946329,Karnataka,9,2022
Indoor,Airtel,4G,1,Poor Voice Quality,19.22068445,72.84292245,Maharashtra,11,2022
Indoor,Airtel,4G,1,Poor Voice Quality,19.22144808,72.83925478,Maharashtra,11,2022
Indoor,Airtel,4G,5,Satisfactory,13.07255126,77.56036906,Karnataka,11,2022
Indoor,Airtel,4G,3,Satisfactory,30.1153668,78.2818925,Uttarakhand,11,2022
Indoor,Airtel,4G,3,Satisfactory,30.1153668,78.2818925,Uttarakhand,11,2022
Indoor,Airtel,4G,5,Satisfactory,12.96186054,77.70180743,Karnataka,11,2022
Indoor,Airtel,4G,1,Poor Voice Quality,25.465215,81.847985,Uttar Pradesh,11,2022
Indoor,Airtel,4G,1,Poor Voice Quality,19.22038108,72.84287457,Maharashtra,11,2022
Indoor,Airtel,4G,1,Poor Voice Quality,19.22038108,72.84287457,Maharashtra,11,2022
Indoor,Airtel,4G,5,Satisfactory,13.0725997,77.5602083,Karnataka,11,2022
Indoor,Airtel,4G,5,Satisfactory,12.93650518,77.69458956,Karnataka,11,2022
Indoor,Airtel,4G,5,Satisfactory,12.9358322,77.6945719,Karnataka,11,2022
Indoor,Airtel,4G,5,Satisfactory,12.9716168,77.69960298,Karnataka,11,2022
Indoor,Airtel,4G,1,Poor Voice Quality,19.2205586,72.8429089,Maharashtra,11,2022
Indoor,Airtel,4G,5,Satisfactory,13.0599183,80.2148768,Tamil Nadu,11,2022
Indoor,Airtel,4G,1,Poor Voice Quality,19.2206347,72.8430267,Maharashtra,11,2022
Indoor,Airtel,4G,2,Poor Voice Quality,19.22062151,72.84287017,Maharashtra,11,2022
Indoor,Airtel,4G,5,Satisfactory,13.06193735,77.58937756,Karnataka,11,2022
Indoor,Airtel,4G,5,Satisfactory,12.94329312,77.69752508,Karnataka,11,2022
Indoor,Airtel,4G,3,Satisfactory,30.10479084,78.2876835,Uttarakhand,11,2022
Indoor,Airtel,4G,5,Satisfactory,12.93305118,77.69639115,Karnataka,11,2022
Indoor,Airtel,4G,5,Satisfactory,13.06854268,77.55997109,Karnataka,11,2022
Indoor,Airtel,4G,4,Satisfactory,19.22987208,72.84131332,Maharashtra,11,2022
Indoor,Airtel,4G,1,Poor Voice Quality,13.74861806,79.68698535,Andhra Pradesh,11,2022
Indoor,Airtel,4G,5,Satisfactory,13.05979142,77.55926491,Karnataka,11,2022
Indoor,Airtel,4G,5,Satisfactory,12.9344549,77.6969111,Karnataka,12,2022
Indoor,Airtel,4G,5,Satisfactory,13.06856261,77.55966737,Karnataka,12,2022
Indoor,Airtel,4G,5,Satisfactory,13.04705477,77.570274,Karnataka,12,2022
Indoor,Airtel,4G,5,Satisfactory,12.9359149,77.6946525,Karnataka,12,2022
Indoor,Airtel,4G,5,Satisfactory,12.97314693,77.69888033,Karnataka,12,2022
Indoor,Airtel,4G,5,Satisfactory,13.02154726,77.64989703,Karnataka,12,2022
Indoor,Airtel,4G,5,Satisfactory,13.06842929,77.55989771,Karnataka,12,2022
Indoor,Airtel,4G,5,Satisfactory,13.04626335,77.55654805,Karnataka,12,2022
Indoor,Airtel,4G,3,Satisfactory,30.11595788,78.28113031,Uttarakhand,12,2022
Indoor,Airtel,4G,5,Satisfactory,13.05730233,77.55873225,Karnataka,12,2022
Indoor,Airtel,4G,5,Satisfactory,13.06004799,77.55865184,Karnataka,12,2022
Indoor,Airtel,4G,5,Satisfactory,13.0726055,77.5601891,Karnataka,12,2022
Indoor,Airtel,4G,5,Satisfactory,13.0726054,77.5601895,Karnataka,12,2022
Indoor,Airtel,4G,5,Satisfactory,13.04633444,77.55679041,Karnataka,12,2022
Indoor,Airtel,4G,5,Satisfactory,13.0726049,77.560191,Karnataka,12,2022
Indoor,Airtel,4G,3,Satisfactory,30.11063574,78.29466698,Uttarakhand,12,2022
Indoor,Airtel,4G,1,Poor Voice Quality,18.1885151,76.0430829,Maharashtra,12,2022
Indoor,Airtel,4G,1,Poor Voice Quality,18.1885151,76.0430829,Maharashtra,12,2022
Indoor,Airtel,4G,5,Satisfactory,14.02805947,75.93191319,Karnataka,12,2022
Indoor,Airtel,4G,5,Satisfactory,14.02666667,75.93015407,Karnataka,12,2022
Indoor,Airtel,4G,5,Satisfactory,13.072605,77.5601906,Karnataka,1,2023
Indoor,Airtel,4G,5,Satisfactory,13.0726085,77.5601884,Karnataka,1,2023
Indoor,Airtel,4G,1,Poor Voice Quality,27.23708921,74.1317101,Rajasthan,1,2023
Indoor,Airtel,4G,5,Satisfactory,12.9358353,77.6945753,Karnataka,1,2023
Indoor,Airtel,4G,3,Satisfactory,30.1048201,78.287656,Uttarakhand,1,2023
Indoor,Airtel,4G,5,Satisfactory,13.06853782,77.55977004,Karnataka,1,2023
Indoor,Airtel,4G,5,Satisfactory,13.07124465,77.55891881,Karnataka,1,2023
Indoor,Airtel,4G,5,Satisfactory,13.05846001,77.55914837,Karnataka,1,2023
Indoor,Airtel,4G,1,Call Dropped,13.072603,77.5601881,Karnataka,1,2023
Indoor,Airtel,4G,1,Call Dropped,13.072603,77.5601881,Karnataka,1,2023
Indoor,Airtel,4G,5,Satisfactory,12.9360085,77.6945616,Karnataka,1,2023
Indoor,Airtel,4G,5,Satisfactory,12.9342913,77.6932403,Karnataka,1,2023
Indoor,Airtel,4G,5,Satisfactory,12.9358537,77.6945386,Karnataka,1,2023
Indoor,Airtel,4G,3,Satisfactory,30.10484772,78.28763594,Uttarakhand,1,2023
Indoor,Airtel,4G,5,Satisfactory,13.06852903,77.55967178,Karnataka,1,2023
Indoor,Airtel,4G,2,Poor Voice Quality,30.28993472,78.08145174,Uttarakhand,1,2023
Indoor,Airtel,4G,5,Satisfactory,13.04362738,77.60066541,Karnataka,1,2023
Indoor,Airtel,4G,3,Satisfactory,30.28993472,78.08145174,Uttarakhand,1,2023
Indoor,Airtel,4G,5,Satisfactory,13.93559672,75.57151221,Karnataka,1,2023
Indoor,Airtel,4G,3,Satisfactory,30.10566842,78.2975683,Uttarakhand,1,2023
Indoor,Airtel,4G,5,Satisfactory,13.93707288,75.54795188,Karnataka,2,2023
Indoor,Airtel,4G,5,Satisfactory,13.0726076,77.5601937,Karnataka,2,2023
Indoor,Airtel,4G,5,Satisfactory,12.9361678,77.694444,Karnataka,2,2023
Indoor,Airtel,4G,5,Satisfactory,12.99585926,77.66697303,Karnataka,2,2023
Indoor,Airtel,4G,5,Satisfactory,12.9358537,77.6945386,Karnataka,10,2022
Indoor,Airtel,4G,3,Satisfactory,30.10484772,78.28763594,Uttarakhand,10,2022
Indoor,Airtel,4G,5,Satisfactory,13.04504867,77.55673296,Karnataka,10,2022
Indoor,Airtel,4G,3,Satisfactory,30.28993472,78.08145174,Uttarakhand,10,2022
Indoor,Airtel,4G,3,Satisfactory,30.28993472,78.08145174,Uttarakhand,10,2022
Indoor,Airtel,4G,3,Satisfactory,30.28993472,78.08145174,Uttarakhand,10,2022
Indoor,Airtel,4G,3,Satisfactory,30.28993472,78.08145174,Uttarakhand,10,2022
Indoor,Airtel,4G,3,Satisfactory,30.10566842,78.2975683,Uttarakhand,10,2022
Indoor,Airtel,4G,5,Satisfactory,14.02788054,75.9295658,Karnataka,10,2022
Indoor,Airtel,4G,1,Poor Voice Quality,30.10566842,78.2975683,Uttarakhand,10,2022
Indoor,Airtel,4G,3,Satisfactory,30.10497463,78.28755775,Uttarakhand,10,2022
Indoor,Airtel,4G,5,Satisfactory,12.9743916,77.7117415,Karnataka,3,2023
Indoor,Airtel,4G,5,Satisfactory,13.06865674,77.55962231,Karnataka,3,2023
Indoor,Airtel,4G,5,Satisfactory,12.9566399,77.48961152,Karnataka,3,2023
Indoor,Airtel,4G,5,Satisfactory,12.97417395,77.55109141,Karnataka,3,2023
Indoor,Airtel,4G,5,Satisfactory,10.79942508,76.63724596,Kerala,3,2023
Indoor,Airtel,4G,5,Satisfactory,10.65044306,76.58952389,Kerala,3,2023
Indoor,Airtel,4G,3,Satisfactory,16.48204157,81.15175972,Andhra Pradesh,3,2023
Indoor,Airtel,4G,1,Poor Voice Quality,16.48216833,81.15156584,Andhra Pradesh,3,2023
Indoor,Airtel,4G,5,Satisfactory,10.74964876,76.5792978,Kerala,3,2023
Indoor,Airtel,4G,5,Satisfactory,10.74965806,76.57927606,Kerala,3,2023
Indoor,Airtel,4G,5,Satisfactory,10.69023818,76.42142395,Kerala,3,2023
Indoor,Airtel,4G,5,Satisfactory,10.69033055,76.42145996,Kerala,3,2023
Indoor,Airtel,4G,5,Satisfactory,10.69027821,76.42144046,Kerala,3,2023
Indoor,Airtel,4G,1,Poor Voice Quality,21.16900918,86.54443912,Odisha,3,2023
Indoor,Airtel,4G,5,Satisfactory,10.61165043,76.72854415,Kerala,3,2023
Indoor,Airtel,4G,5,Satisfactory,10.61159188,76.72852391,Kerala,3,2023
Indoor,Airtel,4G,5,Satisfactory,10.61162852,76.72835998,Kerala,3,2023
Indoor,Airtel,4G,5,Satisfactory,10.64022431,76.60409175,Kerala,3,2023
Indoor,Airtel,4G,5,Satisfactory,10.6402916,76.60349092,Kerala,3,2023
Indoor,Airtel,4G,5,Satisfactory,10.64155987,76.59737901,Kerala,3,2023
Indoor,Airtel,4G,5,Satisfactory,10.74964986,76.57932463,Kerala,3,2023
Indoor,Airtel,4G,1,Poor Voice Quality,10.76462621,76.62427227,Kerala,3,2023
Indoor,Airtel,4G,5,Satisfactory,12.956617,77.4896099,Karnataka,3,2023
Indoor,Airtel,4G,5,Satisfactory,12.9566026,77.4896319,Karnataka,3,2023
Indoor,Airtel,4G,2,Poor Voice Quality,16.4813969,81.15187665,Andhra Pradesh,7,2023
Indoor,Airtel,4G,5,Satisfactory,12.9566841,77.489676,Karnataka,7,2023
Indoor,Airtel,4G,1,Poor Voice Quality,16.4814843,81.1501129,Andhra Pradesh,4,2023
Indoor,Airtel,4G,4,Satisfactory,10.78832146,76.04786779,Kerala,4,2023
Indoor,Airtel,4G,1,Poor Voice Quality,25.2928899,83.1211445,Uttar Pradesh,6,2023
Indoor,Airtel,4G,1,Poor Voice Quality,22.182919,87.5944117,West Bengal,8,2023
Indoor,Airtel,4G,3,Poor Voice Quality,25.6071325,85.11341,Bihar,8,2023
Indoor,Airtel,4G,1,Poor Voice Quality,25.251785,87.04566167,Bihar,8,2023
Indoor,Airtel,4G,1,Poor Voice Quality,16.4822471,81.15197396,Andhra Pradesh,5,2023
Indoor,Airtel,4G,2,Poor Voice Quality,30.10674058,78.29577948,Uttarakhand,9,2023
Indoor,Airtel,4G,3,Satisfactory,30.10674058,78.29577948,Uttarakhand,9,2023
Indoor,Airtel,4G,3,Satisfactory,30.1108451,78.2950502,Uttarakhand,9,2023
Indoor,Airtel,4G,3,Satisfactory,30.1108347,78.2950403,Uttarakhand,9,2023
Indoor,Airtel,4G,3,Satisfactory,30.1108377,78.2950413,Uttarakhand,9,2023
Indoor,Airtel,4G,3,Satisfactory,30.1108377,78.2950413,Uttarakhand,9,2023
Indoor,Airtel,4G,3,Satisfactory,30.1108423,78.2950386,Uttarakhand,9,2023
Indoor,Airtel,4G,3,Satisfactory,30.11553231,78.28172095,Uttarakhand,11,2023
Indoor,Airtel,4G,3,Satisfactory,30.11553231,78.28172095,Uttarakhand,11,2023
Indoor,Airtel,4G,1,Poor Voice Quality,30.1155912,78.2818584,Uttarakhand,11,2023
Indoor,Airtel,4G,3,Satisfactory,30.1024611,78.28884583,Uttarakhand,11,2023
Indoor,Airtel,4G,3,Satisfactory,30.1024611,78.28884583,Uttarakhand,11,2023
Indoor,Airtel,4G,3,Satisfactory,30.1024611,78.28884583,Uttarakhand,11,2023
Indoor,Airtel,4G,3,Satisfactory,30.10489412,78.28764122,Uttarakhand,11,2023
Indoor,Airtel,4G,3,Satisfactory,30.11078106,78.28907042,Uttarakhand,11,2023
Indoor,Airtel,4G,3,Satisfactory,30.10429715,78.28905184,Uttarakhand,11,2023
Indoor,Airtel,4G,3,Satisfactory,30.10715106,78.28908614,Uttarakhand,10,2023
Indoor,Airtel,4G,3,Satisfactory,30.1026319,78.287655,Uttarakhand,10,2023
Indoor,Airtel,4G,3,Satisfactory,30.1047947,78.287649,Uttarakhand,10,2023
Indoor,Airtel,4G,3,Satisfactory,30.104794,78.2876473,Uttarakhand,10,2023
Indoor,Airtel,4G,3,Satisfactory,30.1047946,78.2876505,Uttarakhand,10,2023
Indoor,Airtel,4G,1,Poor Voice Quality,30.1048104,78.2876031,Uttarakhand,10,2023
Indoor,Airtel,4G,3,Satisfactory,30.1048079,78.2875952,Uttarakhand,10,2023
Indoor,Airtel,4G,4,Satisfactory,13.19951833,77.708385,Karnataka,10,2023
Indoor,Airtel,4G,3,Satisfactory,8.5156852,76.8974144,Kerala,8,2024
Indoor,Airtel,4G,1,Call Dropped,28.6630008,77.2820947,Delhi,3,2024
Indoor,Airtel,4G,5,Satisfactory,8.5298175,76.885963,Kerala,3,2024
Indoor,Airtel,4G,3,Satisfactory,30.11553956,78.28203693,Uttarakhand,12,2023
Indoor,Airtel,4G,3,Satisfactory,30.1149871,78.28201589,Uttarakhand,12,2023
Indoor,Airtel,4G,3,Satisfactory,30.10513077,78.2873834,Uttarakhand,12,2023
Indoor,Airtel,4G,1,Poor Voice Quality,28.5951338,77.3176496,Uttar Pradesh,5,2024
Indoor,Airtel,4G,1,Poor Voice Quality,28.5951338,77.3176496,Uttar Pradesh,5,2024
Indoor,Airtel,4G,1,Poor Voice Quality,28.5951338,77.3176496,Uttar Pradesh,5,2024
Indoor,Airtel,4G,1,Poor Voice Quality,9.5869473,76.5463291,Kerala,1,2024
Indoor,Airtel,4G,5,Satisfactory,8.432044,77.1184934,Kerala,2,2024
Indoor,Airtel,4G,5,Satisfactory,8.4254174,77.1170742,Kerala,2,2024
Indoor,Airtel,4G,5,Satisfactory,12.956708,77.4896812,Karnataka,2,2024
Indoor,Airtel,4G,2,Poor Voice Quality,26.11241230275482,84.91375629790127,Bihar,1,2025
Indoor,Airtel,4G,4,Satisfactory,26.75681283333333,88.44777613333332,West Bengal,1,2025
Indoor,Airtel,4G,5,Satisfactory,28.45933161,77.5223877,Uttar Pradesh,1,2025
Indoor,Airtel,4G,5,Satisfactory,28.639129,77.03988777,Delhi,1,2025
Indoor,Airtel,4G,4,Satisfactory,28.646149999999995,77.16755166666667,Delhi,1,2025
Indoor,Airtel,4G,5,Satisfactory,26.89456855,81.00482155,Uttar Pradesh,1,2025
Indoor,Airtel,4G,5,Satisfactory,12.8452971,77.6692413,Karnataka,10,2024
Indoor,Airtel,4G,2,Poor Voice Quality,27.17766075,82.9304659,Uttar Pradesh,10,2024
Indoor,Airtel,4G,5,Satisfactory,12.8453923,77.66934721,Karnataka,10,2024
Indoor,Airtel,4G,5,Satisfactory,15.84385069,74.50459848,Karnataka,10,2024
Indoor,Airtel,4G,4,Satisfactory,22.46830621,88.34291429,West Bengal,9,2024
Indoor,Airtel,4G,5,Satisfactory,30.87427833,76.51380333,Punjab,9,2024
Indoor,Airtel,4G,1,Call Dropped,28.31416833,79.53123,Uttar Pradesh,9,2024
Indoor,Airtel,4G,1,Poor Voice Quality,26.74392333333333,80.95422,Uttar Pradesh,1,2025
Indoor,Airtel,4G,5,Satisfactory,19.214323333333333,72.87599166666668,Maharashtra,1,2025
Indoor,Airtel,4G,5,Satisfactory,15.50550885,80.04071591,Andhra Pradesh,12,2024
Indoor,Airtel,4G,5,Satisfactory,15.50550885,80.04071591,Andhra Pradesh,12,2024
Indoor,Airtel,4G,1,Poor Voice Quality,24.38989333,71.62586833,Gujarat,12,2024
Indoor,Airtel,4G,4,Satisfactory,17.4411011,78.5756768,Telangana,1,2025
Indoor,Airtel,4G,1,Call Dropped,23.19311209,77.44933976,Madhya Pradesh,1,2025
Indoor,Airtel,4G,1,Call Dropped,23.19311209,77.44933976,Madhya Pradesh,1,2025
Indoor,Airtel,4G,1,Call Dropped,23.19311209,77.44933976,Madhya Pradesh,1,2025
Indoor,Airtel,4G,1,Poor Voice Quality,27.891496666666665,79.81477166666667,Uttar Pradesh,1,2025
Indoor,Airtel,4G,5,Satisfactory,21.85650666666667,83.92581333333334,Odisha,1,2025
Indoor,Airtel,4G,1,Call Dropped,25.5898096,86.2576018,Bihar,11,2024
Indoor,Airtel,4G,5,Satisfactory,25.60691333,85.113535,Bihar,9,2024
Indoor,Airtel,4G,5,Satisfactory,28.65172202,77.40347131,Uttar Pradesh,12,2024
Indoor,Airtel,4G,5,Satisfactory,28.3014804,74.9616097,Rajasthan,1,2025
Indoor,Airtel,4G,1,Call Dropped,25.34168194,76.35699049,Rajasthan,1,2025
Indoor,Airtel,4G,2,Poor Voice Quality,30.206716033333336,76.15686401666667,Punjab,1,2025
Indoor,Airtel,4G,2,Poor Voice Quality,30.206716033333336,76.15686401666667,Punjab,1,2025
Indoor,Airtel,4G,1,Poor Voice Quality,25.8450592,85.1357356,Bihar,1,2025
Indoor,Airtel,4G,1,Call Dropped,26.465993333333337,86.500905,Bihar,1,2025
Indoor,Airtel,4G,1,Poor Voice Quality,27.895311666666665,79.80883833333334,Uttar Pradesh,1,2025
Indoor,Airtel,4G,2,Poor Voice Quality,28.79261275,77.13746816,Delhi,1,2025
Indoor,Airtel,4G,2,Poor Voice Quality,30.1055503,75.885891,Punjab,1,2025
Indoor,Airtel,4G,2,Poor Voice Quality,25.433218725956976,81.87772317789495,Uttar Pradesh,1,2025
Indoor,Airtel,4G,1,Call Dropped,25.84481455385685,85.13569886796176,Bihar,1,2025
Indoor,Airtel,4G,2,Poor Voice Quality,23.1333398,72.5768239,Gujarat,1,2025
Indoor,Airtel,4G,2,Poor Voice Quality,26.113739367574453,84.91574507206678,Bihar,1,2025
Indoor,Airtel,4G,1,Poor Voice Quality,30.9639926,75.9538078,Punjab,1,2025
Indoor,Airtel,4G,1,Poor Voice Quality,15.031530000000002,77.81237833333333,Andhra Pradesh,1,2025
Indoor,Airtel,4G,1,Call Dropped,30.38226562,74.63989197,Punjab,1,2025
Indoor,Airtel,4G,2,Poor Voice Quality,30.85036778,75.83835843,Punjab,1,2025
Indoor,Airtel,4G,1,Poor Voice Quality,26.920910000000003,75.82446333333334,Rajasthan,1,2025
Indoor,Airtel,4G,2,Poor Voice Quality,28.7006224,77.3047696,Delhi,1,2025
Indoor,Airtel,4G,1,Poor Voice Quality,15.0461127,77.815821,Andhra Pradesh,1,2025
Indoor,Airtel,4G,1,Poor Voice Quality,15.0461127,77.815821,Andhra Pradesh,1,2025
Indoor,Airtel,4G,1,Poor Voice Quality,15.0461127,77.815821,Andhra Pradesh,1,2025
Indoor,Airtel,4G,1,Poor Voice Quality,15.0319,77.81236333333332,Andhra Pradesh,1,2025
Indoor,Airtel,4G,1,Call Dropped,12.926043333333332,77.564425,Karnataka,2,2025
Indoor,Airtel,4G,2,Call Dropped,28.92507,79.32771833333332,Uttar Pradesh,2,2025
Indoor,Airtel,4G,1,Poor Voice Quality,25.58638224,82.12263014,Uttar Pradesh,2,2025
Indoor,Airtel,4G,3,Satisfactory,31.98348333333333,75.88768166666667,Himachal Pradesh,1,2025
Indoor,Airtel,4G,5,Satisfactory,22.07046666666667,88.43189499999998,West Bengal,2,2025
Indoor,Airtel,4G,5,Satisfactory,30.65224773,74.77143743,Punjab,2,2025
Indoor,Airtel,4G,1,Poor Voice Quality,15.031436666666666,77.81219666666667,Andhra Pradesh,2,2025
Indoor,Airtel,4G,1,Poor Voice Quality,15.031436666666666,77.81219666666667,Andhra Pradesh,2,2025
Indoor,Airtel,4G,5,Satisfactory,30.95964833333333,74.60806833333332,Punjab,2,2025
Indoor,Airtel,4G,1,Poor Voice Quality,31.4803161,76.05387699999999,Punjab,2,2025
Indoor,Airtel,4G,2,Poor Voice Quality,31.4803161,76.05387699999999,Punjab,2,2025
Indoor,Airtel,4G,1,Call Dropped,31.4803161,76.05387699999999,Punjab,2,2025
Indoor,Airtel,4G,4,Satisfactory,19.36361869,73.1707843,Maharashtra,2,2025
Indoor,Airtel,4G,2,Poor Voice Quality,19.3667621,73.19604,Maharashtra,2,2025
Indoor,Airtel,4G,1,Poor Voice Quality,30.2051783,74.9237024,Punjab,2,2025
Indoor,Airtel,4G,5,Satisfactory,22.033231666666666,88.41879666666667,West Bengal,2,2025
Indoor,Airtel,4G,1,Poor Voice Quality,28.35493411,76.93225673,Haryana,2,2025
Indoor,Airtel,4G,1,Poor Voice Quality,28.494675373658534,77.53898263,Uttar Pradesh,2,2025
Indoor,Airtel,4G,5,Satisfactory,31.61477468,75.70515464,Punjab,2,2025
Indoor,Airtel,4G,5,Satisfactory,28.37217,79.43217666666666,Uttar Pradesh,2,2025
Indoor,Airtel,4G,1,Call Dropped,20.46893747,85.89187797,Odisha,2,2025
Indoor,Airtel,4G,5,Satisfactory,26.85397369,80.99761682,Uttar Pradesh,2,2025
Indoor,Airtel,4G,1,Poor Voice Quality,31.4905524,76.3425633,Himachal Pradesh,2,2025
Indoor,Airtel,4G,5,Satisfactory,29.2771578,78.8411543,Uttarakhand,2,2025
Indoor,Airtel,4G,2,Poor Voice Quality,28.63996151666667,77.24081581666665,Delhi,2,2025
Indoor,Airtel,4G,4,Satisfactory,26.723678566666663,88.39569208333333,West Bengal,2,2025
Indoor,Airtel,4G,3,Satisfactory,28.635351666666665,77.14379333333333,Delhi,2,2025
Indoor,Airtel,4G,1,Call Dropped,15.781473333333334,76.76648833333334,Karnataka,2,2025
Indoor,Airtel,4G,3,Satisfactory,25.9963801,84.68941232,Bihar,1,2025
Indoor,Airtel,4G,2,Poor Voice Quality,25.43318448588252,81.87777983956039,Uttar Pradesh,3,2025
Indoor,Airtel,4G,2,Poor Voice Quality,30.769169,75.4164455,Punjab,3,2025
Indoor,Airtel,4G,5,Satisfactory,15.8243068,78.0304756,Andhra Pradesh,3,2025
Indoor,Airtel,4G,2,Poor Voice Quality,31.01899602,74.88831726,Punjab,3,2025
Indoor,Airtel,4G,4,Satisfactory,26.86984826666667,88.7362691,West Bengal,3,2025
Indoor,Airtel,4G,4,Satisfactory,28.63612833333333,77.14294833333334,Delhi,2,2025
Indoor,Airtel,4G,5,Satisfactory,28.654695,77.272135,Delhi,7,2025
Indoor,Airtel,4G,5,Satisfactory,19.10337942,72.88449175,Maharashtra,7,2025
Indoor,Airtel,4G,4,Satisfactory,32.151055,75.9726304,Himachal Pradesh,7,2025
Indoor,Airtel,4G,1,Poor Voice Quality,26.423435,84.92517,Bihar,7,2025
Indoor,Airtel,4G,1,Call Dropped,22.54423057,88.35914089,West Bengal,7,2025
Indoor,Airtel,4G,5,Satisfactory,19.1412575,72.87925787,Maharashtra,7,2025
Indoor,Airtel,4G,1,Call Dropped,19.1003246,72.8891195,Maharashtra,7,2025
Indoor,Airtel,4G,5,Satisfactory,23.85019623,72.11835181,Gujarat,7,2025
Indoor,Airtel,4G,5,Satisfactory,11.00141,76.991845,Tamil Nadu,7,2025
Indoor,Airtel,4G,1,Poor Voice Quality,17.91549535,76.09395317,Maharashtra,7,2025
Indoor,Airtel,4G,1,Call Dropped,28.56373343,77.39945319,Uttar Pradesh,7,2025
Indoor,Airtel,4G,5,Satisfactory,28.6475529,77.2787479,Delhi,7,2025
Indoor,Airtel,4G,1,Call Dropped,29.94629833,78.14629667,Uttarakhand,7,2025
Indoor,Airtel,4G,5,Satisfactory,19.17264877,72.85230573,Maharashtra,7,2025
Indoor,Airtel,4G,4,Satisfactory,22.753194,86.2095804,Jharkhand,4,2021
Indoor,Airtel,4G,4,Satisfactory,24.08858333,88.25494667,West Bengal,4,2021
Indoor,Airtel,4G,4,Satisfactory,24.08858333,88.25494667,West Bengal,4,2021
Indoor,Airtel,4G,4,Satisfactory,22.80808704,86.18860281,Jharkhand,4,2021
Indoor,Airtel,4G,4,Satisfactory,24.0973114,88.2526136,West Bengal,4,2021
Indoor,Airtel,4G,4,Satisfactory,24.0972115,88.2525362,West Bengal,4,2021
Indoor,Airtel,4G,4,Satisfactory,24.10999333,88.24887167,West Bengal,4,2021
Indoor,Airtel,4G,1,Call Dropped,19.2226528,73.1294422,Maharashtra,4,2021
Indoor,Airtel,4G,4,Satisfactory,24.08873667,88.25520167,West Bengal,4,2021
Indoor,Airtel,4G,4,Satisfactory,24.08873667,88.25520167,West Bengal,4,2021
Indoor,Airtel,4G,4,Satisfactory,22.80349489,86.18248236,Jharkhand,4,2021
Indoor,Airtel,4G,3,Satisfactory,16.54447294,81.52419693,Andhra Pradesh,4,2021
Indoor,Airtel,4G,2,Poor Voice Quality,24.9920889,93.8967104,Manipur,4,2021
Indoor,Airtel,4G,1,Poor Voice Quality,24.9920857,93.8967128,Manipur,4,2021
Indoor,Airtel,4G,5,Satisfactory,11.34752679,75.90199748,Kerala,4,2021
Indoor,Airtel,4G,4,Satisfactory,24.08861833,88.25502,West Bengal,4,2021
Indoor,Airtel,4G,1,Call Dropped,25.8639762,75.6878975,Rajasthan,4,2021
Indoor,Airtel,4G,5,Satisfactory,11.34708297,75.90322243,Kerala,4,2021
Indoor,Airtel,4G,1,Poor Voice Quality,22.81636167,88.34863667,West Bengal,4,2021
Indoor,Airtel,4G,4,Satisfactory,13.93666508,75.54815578,Karnataka,4,2021
Indoor,Airtel,4G,5,Satisfactory,11.34769961,75.90171306,Kerala,4,2021
Indoor,Airtel,4G,4,Satisfactory,16.87147963,79.67191825,Telangana,4,2021
Indoor,Airtel,4G,4,Satisfactory,12.93463389,77.69473563,Karnataka,4,2021
Indoor,Airtel,4G,5,Satisfactory,11.34970391,75.9009886,Kerala,4,2021
Indoor,Airtel,4G,4,Satisfactory,13.0029973,77.7117106,Karnataka,4,2021
Indoor,Airtel,4G,2,Poor Voice Quality,28.5977928,77.0755441,Delhi,4,2021
Indoor,Airtel,4G,3,Poor Voice Quality,13.0492887,80.2577436,Tamil Nadu,4,2021
Indoor,Airtel,4G,1,Call Dropped,13.00291439,77.71173211,Karnataka,4,2021
Indoor,Airtel,4G,4,Satisfactory,24.80019514,85.01221556,Bihar,4,2021
Indoor,Airtel,4G,3,Satisfactory,28.59777652,77.07603814,Delhi,4,2021
Indoor,Airtel,4G,1,Call Dropped,17.8000336,79.98141855,Telangana,4,2021
Indoor,Airtel,4G,3,Satisfactory,28.61458143,77.12497809,Delhi,4,2021
Indoor,Airtel,4G,3,Satisfactory,28.61443302,77.12489788,Delhi,4,2021
Indoor,Airtel,4G,3,Satisfactory,28.59811009,77.07533692,Delhi,4,2021
Indoor,Airtel,4G,4,Satisfactory,22.8081475,86.1886832,Jharkhand,4,2021
Indoor,Airtel,4G,3,Satisfactory,28.63934185,77.23554506,Delhi,4,2021
Indoor,Airtel,4G,3,Satisfactory,28.63934185,77.23554506,Delhi,4,2021
Indoor,Airtel,4G,4,Satisfactory,16.8687328,79.5624871,Telangana,4,2021
Indoor,Airtel,4G,2,Poor Voice Quality,18.44972239,73.84982244,Maharashtra,4,2021
Indoor,Airtel,4G,3,Satisfactory,18.30691329,83.56589447,Andhra Pradesh,4,2021
Indoor,Airtel,4G,4,Satisfactory,28.65243599,77.09610097,Delhi,4,2021
Indoor,Airtel,4G,4,Satisfactory,22.80806235,86.18855065,Jharkhand,4,2021
Indoor,Airtel,4G,1,Poor Voice Quality,28.2760191,74.9501926,Rajasthan,4,2021
Indoor,Airtel,4G,1,Poor Voice Quality,12.31768783,76.65064858,Karnataka,1,2021
Indoor,Airtel,4G,1,Poor Voice Quality,12.25101834,76.6336034,Karnataka,1,2021
Indoor,Airtel,4G,1,Poor Voice Quality,12.2879687,76.60020554,Karnataka,1,2021
Indoor,Airtel,4G,3,Satisfactory,12.2879955,76.6003112,Karnataka,1,2021
Indoor,Airtel,4G,4,Satisfactory,13.9366953,75.5481277,Karnataka,1,2021
Indoor,Airtel,4G,1,Poor Voice Quality,21.9425875,87.52254232,West Bengal,1,2021
Indoor,Airtel,4G,1,Poor Voice Quality,12.28789214,76.60011945,Karnataka,1,2021
Indoor,Airtel,4G,1,Poor Voice Quality,12.29176952,76.60289353,Karnataka,1,2021
Indoor,Airtel,4G,2,Call Dropped,9.9076631,78.1240683,Tamil Nadu,1,2021
Indoor,Airtel,4G,1,Call Dropped,26.952446,75.74418732,Rajasthan,1,2021
Indoor,Airtel,4G,3,Satisfactory,18.9548783,72.801228,Maharashtra,2,2021
Indoor,Airtel,4G,2,Poor Voice Quality,26.9527863,75.7441351,Rajasthan,2,2021
Indoor,Airtel,4G,4,Satisfactory,22.8080685,86.18865189,Jharkhand,2,2021
Indoor,Airtel,4G,4,Satisfactory,26.7246588,88.4381386,West Bengal,2,2021
Indoor,Airtel,4G,4,Satisfactory,24.08877667,88.253885,West Bengal,4,2021
Indoor,Airtel,4G,4,Satisfactory,24.08857167,88.25507167,West Bengal,4,2021
Indoor,Airtel,4G,3,Call Dropped,26.6999796,88.4338762,West Bengal,4,2021
Indoor,Airtel,4G,4,Satisfactory,22.80825506,86.18832608,Jharkhand,4,2021
Indoor,Airtel,4G,5,Satisfactory,28.640836,77.2293505,Delhi,4,2021
Indoor,Airtel,4G,3,Poor Voice Quality,24.7402994,87.8225829,Jharkhand,4,2021
Indoor,Airtel,4G,4,Satisfactory,13.0030125,77.7117188,Karnataka,4,2021
Indoor,Airtel,4G,4,Satisfactory,13.0030003,77.7117306,Karnataka,4,2021
Indoor,Airtel,4G,4,Satisfactory,12.9595855,77.7181983,Karnataka,4,2021
Indoor,Airtel,4G,4,Satisfactory,12.960742,77.7199862,Karnataka,4,2021
Indoor,Airtel,4G,4,Satisfactory,24.08866,88.2552,West Bengal,3,2021
Indoor,Airtel,4G,4,Satisfactory,16.88401483,79.69176942,Telangana,3,2021
Indoor,Airtel,4G,2,Poor Voice Quality,18.57481762,73.76941836,Maharashtra,3,2021
Indoor,Airtel,4G,2,Call Dropped,26.8682023,75.75403453,Rajasthan,3,2021
Indoor,Airtel,4G,4,Satisfactory,24.093365,88.26926667,West Bengal,3,2021
Indoor,Airtel,4G,1,Poor Voice Quality,26.9527862,75.7441239,Rajasthan,2,2021
Indoor,Airtel,4G,1,Poor Voice Quality,26.95284172,75.74425681,Rajasthan,2,2021
Indoor,Airtel,4G,4,Satisfactory,16.8886663,79.6968683,Telangana,2,2021
Indoor,Airtel,4G,1,Poor Voice Quality,26.952789,75.7441246,Rajasthan,2,2021
Indoor,Airtel,4G,1,Call Dropped,26.95259214,75.74394937,Rajasthan,2,2021
Indoor,Airtel,4G,5,Satisfactory,13.0332577,80.2772011,Tamil Nadu,1,2021
Indoor,Airtel,4G,1,Call Dropped,23.27581882,72.13477286,Gujarat,1,2021
Indoor,Airtel,4G,1,Call Dropped,23.27583415,72.13475467,Gujarat,1,2021
Indoor,Airtel,4G,1,Call Dropped,23.27599505,72.13482759,Gujarat,1,2021
Indoor,Airtel,4G,5,Satisfactory,26.86259,81.0179874,Uttar Pradesh,1,2021
Indoor,Airtel,4G,5,Satisfactory,26.86259,81.0179874,Uttar Pradesh,1,2021
Indoor,Airtel,4G,5,Satisfactory,13.01919034,80.26768321,Tamil Nadu,1,2021
Indoor,Airtel,4G,1,Poor Voice Quality,28.640891,77.2290879,Delhi,1,2021
Indoor,Airtel,4G,1,Poor Voice Quality,28.6408899,77.2291002,Delhi,1,2021
Indoor,Airtel,4G,1,Poor Voice Quality,28.640891,77.2290879,Delhi,1,2021
Indoor,Airtel,4G,1,Poor Voice Quality,28.6408899,77.2291002,Delhi,1,2021
Indoor,Airtel,4G,1,Poor Voice Quality,28.6408972,77.2291132,Delhi,1,2021
Indoor,Airtel,4G,1,Poor Voice Quality,28.640891,77.2290879,Delhi,1,2021
Indoor,Airtel,4G,1,Poor Voice Quality,28.6408899,77.2291002,Delhi,1,2021
Indoor,Airtel,4G,1,Call Dropped,28.6408956,77.2290954,Delhi,1,2021
Indoor,Airtel,4G,1,Call Dropped,28.6408831,77.2291019,Delhi,1,2021
Indoor,Airtel,4G,4,Satisfactory,28.6528403,77.0967797,Delhi,1,2021
Indoor,Airtel,4G,1,Poor Voice Quality,12.29193158,76.6029657,Karnataka,1,2021
Indoor,Airtel,4G,1,Call Dropped,12.28799297,76.60023311,Karnataka,1,2021
Indoor,Airtel,4G,1,Call Dropped,12.28779864,76.60055598,Karnataka,1,2021
Indoor,Airtel,4G,5,Satisfactory,17.4153366,78.3707725,Telangana,1,2021
Indoor,Airtel,4G,4,Satisfactory,28.65196397,77.09537208,Delhi,1,2021
Indoor,Airtel,4G,5,Satisfactory,23.0454188,72.5159649,Gujarat,1,2021
Indoor,Airtel,4G,5,Satisfactory,23.0456518,72.5161331,Gujarat,1,2021
Indoor,Airtel,4G,4,Satisfactory,13.93666528,75.54832871,Karnataka,1,2021
Indoor,Airtel,4G,1,Poor Voice Quality,12.26275707,76.60469555,Karnataka,1,2021
Indoor,Airtel,4G,1,Call Dropped,28.27599745,74.95018888,Rajasthan,4,2021
Indoor,Airtel,4G,4,Satisfactory,13.00287787,77.7119205,Karnataka,4,2021
Indoor,Airtel,4G,3,Satisfactory,16.88448063,79.69177927,Telangana,4,2021
Indoor,Airtel,4G,3,Satisfactory,28.59816211,77.07517854,Delhi,4,2021
Indoor,Airtel,4G,4,Satisfactory,13.0030155,77.7117296,Karnataka,4,2021
Indoor,Airtel,4G,1,Call Dropped,17.7998419,79.9809853,Telangana,4,2021
Indoor,Airtel,4G,4,Satisfactory,28.61219347,77.08621212,Delhi,4,2021
Indoor,Airtel,4G,5,Satisfactory,11.3475219,75.9019116,Kerala,4,2021
Indoor,Airtel,4G,4,Satisfactory,22.89612024,70.87263895,Gujarat,4,2021
Indoor,Airtel,4G,4,Satisfactory,16.8840387,79.6918396,Telangana,4,2021
Indoor,Airtel,4G,3,Satisfactory,28.60810926,77.07927054,Delhi,4,2021
Indoor,Airtel,4G,3,Satisfactory,28.60810926,77.07927054,Delhi,4,2021
Indoor,Airtel,4G,3,Satisfactory,31.4512106,77.6330843,Himachal Pradesh,3,2021
Indoor,Airtel,4G,4,Satisfactory,12.9821263,77.70842077,Karnataka,3,2021
Indoor,Airtel,4G,4,Satisfactory,13.0029854,77.711697,Karnataka,3,2021
Indoor,Airtel,4G,4,Satisfactory,22.807898,86.18855263,Jharkhand,3,2021
Indoor,Airtel,4G,4,Satisfactory,22.807898,86.18855263,Jharkhand,3,2021
Indoor,Airtel,4G,4,Satisfactory,13.0029812,77.7116969,Karnataka,3,2021
Indoor,Airtel,4G,4,Satisfactory,12.9765607,77.71183,Karnataka,3,2021
Indoor,Airtel,4G,3,Satisfactory,18.9548492,72.8010828,Maharashtra,3,2021
Indoor,Airtel,4G,4,Satisfactory,24.088765,88.25536833,West Bengal,3,2021
Indoor,Airtel,4G,4,Satisfactory,16.885306,79.6931571,Telangana,3,2021
Indoor,Airtel,4G,4,Satisfactory,12.9765004,77.7118846,Karnataka,3,2021
Indoor,Airtel,4G,4,Satisfactory,12.93564292,77.69501141,Karnataka,3,2021
Indoor,Airtel,4G,4,Satisfactory,22.80785738,86.18865105,Jharkhand,3,2021
Indoor,Airtel,4G,4,Satisfactory,22.65525333,88.3837,West Bengal,3,2021
Indoor,Airtel,4G,1,Call Dropped,26.9528122,75.7441438,Rajasthan,3,2021
Indoor,Airtel,4G,1,Call Dropped,18.4860695,73.8770773,Maharashtra,3,2021
Indoor,Airtel,4G,1,Call Dropped,18.486072,73.8770779,Maharashtra,3,2021
Indoor,Airtel,4G,1,Call Dropped,18.486072,73.8770779,Maharashtra,3,2021
Indoor,Airtel,4G,1,Call Dropped,18.4860784,73.8827758,Maharashtra,3,2021
Indoor,Airtel,4G,4,Satisfactory,22.80818037,86.18860641,Jharkhand,3,2021
Indoor,Airtel,4G,4,Satisfactory,24.08853833,88.25522833,West Bengal,3,2021
Indoor,Airtel,4G,1,Call Dropped,19.0816434,72.8503898,Maharashtra,3,2021
Indoor,Airtel,4G,4,Satisfactory,26.72471444,88.43820403,West Bengal,3,2021
Indoor,Airtel,4G,1,Poor Voice Quality,16.5443751,81.5236406,Andhra Pradesh,3,2021
Indoor,Airtel,4G,5,Satisfactory,12.9949562,80.2604292,Tamil Nadu,1,2021
Indoor,Airtel,4G,5,Satisfactory,26.8611694,81.019967,Uttar Pradesh,1,2021
Indoor,Airtel,4G,5,Satisfactory,13.0331738,80.2771661,Tamil Nadu,1,2021
Indoor,Airtel,4G,5,Satisfactory,12.994965,80.2604558,Tamil Nadu,1,2021
Indoor,Airtel,4G,5,Satisfactory,23.0454931,72.515971,Gujarat,1,2021
Indoor,Airtel,4G,5,Satisfactory,23.0454301,72.515958,Gujarat,1,2021
Indoor,Airtel,4G,5,Satisfactory,23.04608292,72.53038301,Gujarat,1,2021
Indoor,Airtel,4G,5,Satisfactory,26.86258916,81.01808476,Uttar Pradesh,1,2021
Indoor,Airtel,4G,5,Satisfactory,26.86258916,81.01808476,Uttar Pradesh,1,2021
Indoor,Airtel,4G,5,Satisfactory,26.8625839,81.017967,Uttar Pradesh,1,2021
Indoor,Airtel,4G,5,Satisfactory,11.3562747,77.21885321,Tamil Nadu,1,2021
Indoor,Airtel,4G,4,Satisfactory,24.0962851,88.2526587,West Bengal,1,2021
Indoor,Airtel,4G,4,Satisfactory,26.72462,88.4382005,West Bengal,1,2021
Indoor,Airtel,4G,4,Satisfactory,24.08848667,88.255165,West Bengal,1,2021
Indoor,Airtel,4G,5,Satisfactory,26.7246208,88.4382001,West Bengal,1,2021
Indoor,Airtel,4G,5,Satisfactory,21.20897602,72.78103888,Gujarat,1,2021
Indoor,Airtel,4G,5,Satisfactory,21.20897602,72.78103888,Gujarat,1,2021
Indoor,Airtel,4G,5,Satisfactory,21.2420453,72.7901968,Gujarat,1,2021
Indoor,Airtel,4G,4,Satisfactory,12.98214278,77.70858511,Karnataka,1,2021
Indoor,Airtel,4G,5,Satisfactory,12.9950125,80.2604936,Tamil Nadu,1,2021
Indoor,Airtel,4G,5,Satisfactory,17.415796,78.36998793,Telangana,1,2021
Indoor,Airtel,4G,5,Satisfactory,12.9949672,80.26052,Tamil Nadu,1,2021
Indoor,Airtel,4G,5,Satisfactory,12.9949672,80.26052,Tamil Nadu,1,2021
Indoor,Airtel,4G,5,Satisfactory,23.04549543,72.51555366,Gujarat,1,2021
Indoor,Airtel,4G,5,Satisfactory,23.04538772,72.51619991,Gujarat,1,2021
Indoor,Airtel,4G,5,Satisfactory,12.9950016,80.2604789,Tamil Nadu,1,2021
Indoor,Airtel,4G,5,Satisfactory,12.9950016,80.2604789,Tamil Nadu,1,2021
Indoor,Airtel,4G,5,Satisfactory,17.41568823,78.37084742,Telangana,1,2021
Indoor,Airtel,4G,5,Satisfactory,26.86264683,81.01793312,Uttar Pradesh,1,2021
Indoor,Airtel,4G,5,Satisfactory,26.86264683,81.01793312,Uttar Pradesh,1,2021
Indoor,Airtel,4G,5,Satisfactory,26.10385833,80.35722667,Uttar Pradesh,1,2021
Indoor,Airtel,4G,5,Satisfactory,26.10385833,80.35722667,Uttar Pradesh,1,2021
Indoor,Airtel,4G,5,Satisfactory,26.86264683,81.01793312,Uttar Pradesh,1,2021
Indoor,Airtel,4G,1,Call Dropped,12.6062685,77.0477721,Karnataka,1,2021
Indoor,Airtel,4G,1,Poor Voice Quality,12.26636766,76.63266865,Karnataka,1,2021
Indoor,Airtel,4G,4,Satisfactory,26.7246,88.4381643,West Bengal,1,2021
Indoor,Airtel,4G,5,Satisfactory,25.3605146,83.0086489,Uttar Pradesh,1,2021
Indoor,Airtel,4G,5,Satisfactory,25.3605044,83.0087166,Uttar Pradesh,1,2021
Indoor,Airtel,4G,4,Satisfactory,13.00286109,77.71174902,Karnataka,1,2021
Indoor,Airtel,4G,5,Satisfactory,28.6108766,77.441851,Uttar Pradesh,1,2021
Indoor,Airtel,4G,4,Satisfactory,12.9763505,77.7119737,Karnataka,1,2021
Indoor,Airtel,4G,5,Satisfactory,26.8645038,81.0077028,Uttar Pradesh,1,2021
Indoor,Airtel,4G,5,Satisfactory,26.86257324,81.01799624,Uttar Pradesh,1,2021
Indoor,Airtel,4G,5,Satisfactory,26.86257324,81.01799624,Uttar Pradesh,1,2021
Indoor,Airtel,4G,5,Satisfactory,23.10203667,72.60319,Gujarat,1,2021
Indoor,Airtel,4G,5,Satisfactory,26.86257324,81.01799624,Uttar Pradesh,1,2021
Indoor,Airtel,4G,1,Call Dropped,23.27589694,72.13468862,Gujarat,1,2021
Indoor,Airtel,4G,1,Call Dropped,12.2928355,76.6966717,Karnataka,1,2021
Indoor,Airtel,4G,1,Poor Voice Quality,12.2922064,76.6981151,Karnataka,1,2021
Indoor,Airtel,4G,5,Satisfactory,10.1231813,76.3569553,Kerala,1,2021
Indoor,Airtel,4G,5,Satisfactory,10.02184095,76.30990321,Kerala,1,2021
Indoor,Airtel,4G,5,Satisfactory,10.1231813,76.3569553,Kerala,1,2021
Indoor,Airtel,4G,5,Satisfactory,9.9403729,76.3177562,Kerala,1,2021
Indoor,Airtel,4G,4,Satisfactory,22.80135075,86.18228843,Jharkhand,1,2021
Indoor,Airtel,4G,3,Satisfactory,21.13860065,81.77978252,Chhattisgarh,1,2021
Indoor,Airtel,4G,5,Satisfactory,26.86383634,81.00867092,Uttar Pradesh,1,2021
Indoor,Airtel,4G,5,Satisfactory,26.86383634,81.00867092,Uttar Pradesh,1,2021
Indoor,Airtel,4G,1,Poor Voice Quality,30.310457,78.0077168,Uttarakhand,1,2021
Indoor,Airtel,4G,1,Call Dropped,30.310457,78.0077168,Uttarakhand,1,2021
Indoor,Airtel,4G,5,Satisfactory,28.63497632,77.05251457,Delhi,1,2021
Indoor,Airtel,4G,5,Satisfactory,28.53290878,77.24331343,Delhi,1,2021
Indoor,Airtel,4G,1,Call Dropped,22.46974345,72.80180345,Gujarat,1,2021
Indoor,Airtel,4G,5,Satisfactory,28.53290878,77.24331343,Delhi,1,2021
Indoor,Airtel,4G,2,Poor Voice Quality,28.52132846,77.27749419,Delhi,1,2021
Indoor,Airtel,4G,5,Satisfactory,23.04564723,72.5156467,Gujarat,1,2021
Indoor,Airtel,4G,1,Call Dropped,23.27586487,72.13439961,Gujarat,1,2021
Indoor,Airtel,4G,2,Call Dropped,23.27590276,72.13423256,Gujarat,1,2021
Indoor,Airtel,4G,5,Satisfactory,22.7594592,75.9326446,Madhya Pradesh,1,2021
Indoor,Airtel,4G,5,Satisfactory,26.77672897,80.94891326,Uttar Pradesh,1,2021
Indoor,Airtel,4G,5,Satisfactory,12.9949835,80.2604489,Tamil Nadu,1,2021
Indoor,Airtel,4G,5,Satisfactory,12.9949835,80.2604489,Tamil Nadu,1,2021
Indoor,Airtel,4G,5,Satisfactory,23.10197667,72.603965,Gujarat,1,2021
Indoor,Airtel,4G,5,Satisfactory,28.4561907,77.0818877,Haryana,1,2021
Indoor,Airtel,4G,5,Satisfactory,28.4561902,77.0818943,Haryana,1,2021
Indoor,Airtel,4G,5,Satisfactory,28.4910227,77.0799124,Haryana,1,2021
Indoor,Airtel,4G,5,Satisfactory,28.4909138,77.0799074,Haryana,1,2021
Indoor,Airtel,4G,5,Satisfactory,23.10238333,72.60232167,Gujarat,1,2021
Indoor,Airtel,4G,5,Satisfactory,23.0454265,72.5159495,Gujarat,1,2021
Indoor,Airtel,4G,5,Satisfactory,23.0454275,72.5159607,Gujarat,1,2021
Indoor,Airtel,4G,5,Satisfactory,23.0454333,72.5159587,Gujarat,1,2021
Indoor,Airtel,4G,5,Satisfactory,26.8645067,81.0077034,Uttar Pradesh,1,2021
Indoor,Airtel,4G,5,Satisfactory,23.0454365,72.5159575,Gujarat,1,2021
Indoor,Airtel,4G,5,Satisfactory,26.8645079,81.0077132,Uttar Pradesh,1,2021
Indoor,Airtel,4G,5,Satisfactory,23.10198833,72.60283667,Gujarat,1,2021
Indoor,Airtel,4G,5,Satisfactory,11.3474937,75.9017225,Kerala,3,2021
Indoor,Airtel,4G,4,Satisfactory,24.096917,88.2527087,West Bengal,3,2021
Indoor,Airtel,4G,5,Satisfactory,22.7381115,75.8853681,Madhya Pradesh,3,2021
Indoor,Airtel,4G,5,Satisfactory,19.18076318,77.28873335,Maharashtra,3,2021
Indoor,Airtel,4G,4,Satisfactory,24.08856833,88.25500667,West Bengal,3,2021
Indoor,Airtel,4G,5,Satisfactory,28.6408405,77.2293654,Delhi,3,2021
Indoor,Airtel,4G,1,Call Dropped,18.4860753,73.8770753,Maharashtra,3,2021
Indoor,Airtel,4G,1,Poor Voice Quality,12.98254475,80.16705999,Tamil Nadu,3,2021
Indoor,Airtel,4G,4,Satisfactory,13.9367035,75.5481423,Karnataka,3,2021
Indoor,Airtel,4G,1,Poor Voice Quality,26.95278162,75.7444022,Rajasthan,3,2021
Indoor,Airtel,4G,4,Satisfactory,12.97579138,77.7107135,Karnataka,3,2021
Indoor,Airtel,4G,4,Satisfactory,26.72471444,88.43820403,West Bengal,3,2021
Indoor,Airtel,4G,3,Poor Voice Quality,30.76895108,76.70958434,Punjab,3,2021
Indoor,Airtel,4G,4,Satisfactory,24.08942,88.25581333,West Bengal,3,2021
Indoor,Airtel,4G,4,Satisfactory,24.08942,88.25581333,West Bengal,3,2021
Indoor,Airtel,4G,4,Satisfactory,24.08942,88.25581333,West Bengal,3,2021
Indoor,Airtel,4G,4,Satisfactory,24.08942,88.25581333,West Bengal,3,2021
Indoor,Airtel,4G,4,Satisfactory,16.88402579,79.69182096,Telangana,2,2021
Indoor,Airtel,4G,4,Satisfactory,24.08853833,88.25491167,West Bengal,2,2021
Indoor,Airtel,4G,4,Satisfactory,24.08873667,88.25506667,West Bengal,2,2021
Indoor,Airtel,4G,4,Satisfactory,24.08871,88.25581,West Bengal,2,2021
Indoor,Airtel,4G,4,Satisfactory,22.80362894,86.18252401,Jharkhand,2,2021
Indoor,Airtel,4G,5,Satisfactory,31.6062614,74.9046362,Punjab,2,2021
Indoor,Airtel,4G,1,Poor Voice Quality,19.0816415,72.8503835,Maharashtra,2,2021
Indoor,Airtel,4G,4,Satisfactory,24.10012,88.25657833,West Bengal,2,2021
Indoor,Airtel,4G,4,Satisfactory,24.10012,88.25657833,West Bengal,2,2021
Indoor,Airtel,4G,4,Satisfactory,16.88482788,79.6931411,Telangana,2,2021
Indoor,Airtel,4G,5,Satisfactory,26.8645066,81.0077334,Uttar Pradesh,1,2021
Indoor,Airtel,4G,5,Satisfactory,10.1231601,76.35672885,Kerala,1,2021
Indoor,Airtel,4G,3,Poor Voice Quality,10.87116356,79.30115853,Tamil Nadu,1,2021
Indoor,Airtel,4G,5,Satisfactory,9.940073253,76.3173933,Kerala,1,2021
Indoor,Airtel,4G,5,Satisfactory,26.8645071,81.0077275,Uttar Pradesh,1,2021
Indoor,Airtel,4G,4,Satisfactory,16.8852184,79.6931103,Telangana,1,2021
Indoor,Airtel,4G,5,Satisfactory,26.8645959,81.00778965,Uttar Pradesh,1,2021
Indoor,Airtel,4G,3,Satisfactory,24.08870333,88.25500167,West Bengal,1,2021
Indoor,Airtel,4G,3,Satisfactory,24.08870333,88.25500167,West Bengal,1,2021
Indoor,Airtel,4G,4,Satisfactory,24.09926167,88.25628667,West Bengal,1,2021
Indoor,Airtel,4G,4,Satisfactory,24.09926167,88.25628667,West Bengal,1,2021
Indoor,Airtel,4G,5,Satisfactory,21.22370642,72.82391835,Gujarat,1,2021
Indoor,Airtel,4G,5,Satisfactory,21.22370642,72.82391835,Gujarat,1,2021
Indoor,Airtel,4G,5,Satisfactory,26.7246173,88.4382032,West Bengal,1,2021
Indoor,Airtel,4G,4,Satisfactory,13.0029748,77.7116607,Karnataka,1,2021
Indoor,Airtel,4G,5,Satisfactory,26.8644999,81.0077347,Uttar Pradesh,1,2021
Indoor,Airtel,4G,5,Satisfactory,26.8644999,81.0077347,Uttar Pradesh,1,2021
Indoor,Airtel,4G,5,Satisfactory,26.8645037,81.0077288,Uttar Pradesh,1,2021
Indoor,Airtel,4G,5,Satisfactory,26.8645029,81.0077296,Uttar Pradesh,1,2021
Indoor,Airtel,4G,5,Satisfactory,26.7246149,88.4382057,West Bengal,1,2021
Indoor,Airtel,4G,5,Satisfactory,10.1231588,76.3568742,Kerala,1,2021
Indoor,Airtel,4G,5,Satisfactory,10.12315782,76.35676374,Kerala,1,2021
Indoor,Airtel,4G,4,Satisfactory,24.08859833,88.25514333,West Bengal,1,2021
Indoor,Airtel,4G,4,Satisfactory,13.0029641,77.711693,Karnataka,1,2021
Indoor,Airtel,4G,5,Satisfactory,9.945658901,76.36982883,Kerala,1,2021
Indoor,Airtel,4G,4,Satisfactory,24.08876833,88.25512167,West Bengal,1,2021
Indoor,Airtel,4G,5,Satisfactory,10.12316398,76.35684037,Kerala,1,2021
Indoor,Airtel,4G,1,Poor Voice Quality,28.5054585,77.2996168,Delhi,1,2021
Indoor,Airtel,4G,1,Poor Voice Quality,28.5054686,77.2996273,Delhi,1,2021
Indoor,Airtel,4G,4,Satisfactory,24.08834833,88.254845,West Bengal,1,2021
Indoor,Airtel,4G,5,Satisfactory,19.46094199,72.81717751,Maharashtra,1,2021
Indoor,Airtel,4G,4,Satisfactory,19.41945378,72.80269286,Maharashtra,1,2021
Indoor,Airtel,4G,4,Satisfactory,23.5425507,87.3068011,West Bengal,1,2021
Indoor,Airtel,4G,4,Satisfactory,22.80801356,86.19838843,Jharkhand,1,2021
Indoor,Airtel,4G,5,Satisfactory,31.97285449,75.42043908,Punjab,1,2021
Indoor,Airtel,4G,5,Satisfactory,31.9530062,75.4280997,Punjab,1,2021
Indoor,Airtel,4G,1,Call Dropped,12.2957644,76.6966209,Karnataka,1,2021
Indoor,Airtel,4G,4,Satisfactory,23.5424191,87.30682726,West Bengal,1,2021
Indoor,Airtel,4G,5,Satisfactory,22.787195,86.16089333,Jharkhand,1,2021
Indoor,Airtel,4G,5,Satisfactory,26.86259423,81.01793916,Uttar Pradesh,1,2021
Indoor,Airtel,4G,1,Call Dropped,22.6475183,78.3884772,Madhya Pradesh,1,2021
Indoor,Airtel,4G,5,Satisfactory,26.28060282,73.01404925,Rajasthan,1,2021
Indoor,Airtel,4G,4,Satisfactory,23.5425484,87.3068039,West Bengal,1,2021
Indoor,Airtel,4G,5,Satisfactory,10.302897,76.22315343,Kerala,1,2021
Indoor,Airtel,4G,5,Satisfactory,26.8644994,81.0077077,Uttar Pradesh,1,2021
Indoor,Airtel,4G,5,Satisfactory,26.8645067,81.0077106,Uttar Pradesh,1,2021
Indoor,Airtel,4G,5,Satisfactory,19.4194342,72.8026746,Maharashtra,1,2021
Indoor,Airtel,4G,4,Satisfactory,13.9366689,75.5480908,Karnataka,1,2021
Indoor,Airtel,4G,2,Poor Voice Quality,26.50496167,89.541855,West Bengal,1,2021
Indoor,Airtel,4G,5,Satisfactory,26.844306,80.8841977,Uttar Pradesh,1,2021
Indoor,Airtel,4G,4,Satisfactory,22.8081686,86.1886027,Jharkhand,2,2021
Indoor,Airtel,4G,1,Poor Voice Quality,26.9527889,75.744127,Rajasthan,2,2021
Indoor,Airtel,4G,5,Satisfactory,17.41681163,78.37032137,Telangana,2,2021
Indoor,Airtel,4G,1,Poor Voice Quality,26.95278961,75.74420481,Rajasthan,2,2021
Indoor,Airtel,4G,4,Satisfactory,13.9367015,75.5481181,Karnataka,2,2021
Indoor,Airtel,4G,4,Satisfactory,13.9356538,75.54974329,Karnataka,2,2021
Indoor,Airtel,4G,4,Satisfactory,13.9366958,75.5481253,Karnataka,2,2021
Indoor,Airtel,4G,1,Poor Voice Quality,26.9200737,75.7963769,Rajasthan,2,2021
Indoor,Airtel,4G,1,Poor Voice Quality,26.9201101,75.7964724,Rajasthan,2,2021
Indoor,Airtel,4G,1,Poor Voice Quality,26.9201147,75.7964755,Rajasthan,2,2021
Indoor,Airtel,4G,1,Poor Voice Quality,31.36722283,75.5692841,Punjab,2,2021
Indoor,Airtel,4G,1,Poor Voice Quality,26.9528107,75.7441412,Rajasthan,2,2021
Indoor,Airtel,4G,5,Satisfactory,26.20566833,78.18965,Madhya Pradesh,2,2021
Indoor,Airtel,4G,4,Satisfactory,22.80803253,86.18859419,Jharkhand,2,2021
Indoor,Airtel,4G,4,Satisfactory,23.95164333,88.04240333,West Bengal,2,2021
Indoor,Airtel,4G,4,Satisfactory,24.08864667,88.25510667,West Bengal,2,2021
Indoor,Airtel,4G,4,Satisfactory,24.0966566,88.2526587,West Bengal,2,2021
Indoor,Airtel,4G,4,Satisfactory,26.6983789,88.43383562,West Bengal,2,2021
Indoor,Airtel,4G,4,Satisfactory,24.088295,88.25469,West Bengal,2,2021
Indoor,Airtel,4G,5,Satisfactory,26.20607167,78.18992,Madhya Pradesh,2,2021
Indoor,Airtel,4G,1,Poor Voice Quality,26.952814,75.7441331,Rajasthan,2,2021
Indoor,Airtel,4G,1,Poor Voice Quality,26.9528141,75.7441327,Rajasthan,2,2021
Indoor,Airtel,4G,1,Call Dropped,26.9528141,75.7441327,Rajasthan,2,2021
Indoor,Airtel,4G,5,Satisfactory,31.60585245,74.90430049,Punjab,2,2021
Indoor,Airtel,4G,5,Satisfactory,31.6061919,74.9038785,Punjab,2,2021
Indoor,Airtel,4G,5,Satisfactory,31.6059185,74.90424092,Punjab,2,2021
Indoor,Airtel,4G,1,Poor Voice Quality,26.7352525,88.4069649,West Bengal,2,2021
Indoor,Airtel,4G,1,Poor Voice Quality,26.952814,75.7441336,Rajasthan,2,2021
Indoor,Airtel,4G,5,Satisfactory,26.20565667,78.18953667,Madhya Pradesh,2,2021
Indoor,Airtel,4G,4,Satisfactory,22.80665154,86.18945322,Jharkhand,2,2021
Indoor,Airtel,4G,1,Call Dropped,22.2698254,70.80159124,Gujarat,2,2021
Indoor,Airtel,4G,4,Satisfactory,24.08828167,88.25513333,West Bengal,2,2021
Indoor,Airtel,4G,4,Satisfactory,24.08828167,88.25513333,West Bengal,2,2021
Indoor,Airtel,4G,4,Satisfactory,24.089645,88.25336333,West Bengal,2,2021
Indoor,Airtel,4G,1,Poor Voice Quality,26.9528043,75.7441272,Rajasthan,2,2021
Indoor,Airtel,4G,4,Satisfactory,26.72471444,88.43820403,West Bengal,2,2021
Indoor,Airtel,4G,4,Satisfactory,24.08887667,88.25547,West Bengal,2,2021
Indoor,Airtel,4G,1,Poor Voice Quality,26.91916277,75.79784392,Rajasthan,2,2021
Indoor,Airtel,4G,4,Satisfactory,12.97835332,77.70960979,Karnataka,2,2021
Indoor,Airtel,4G,2,Call Dropped,18.4813614,73.8725961,Maharashtra,2,2021
Indoor,Airtel,4G,4,Satisfactory,24.09130833,88.25525333,West Bengal,2,2021
Indoor,Airtel,4G,4,Satisfactory,24.09130833,88.25525333,West Bengal,2,2021
Indoor,Airtel,4G,5,Satisfactory,31.60593715,74.90416593,Punjab,2,2021
Indoor,Airtel,4G,5,Satisfactory,17.41626892,78.36992261,Telangana,2,2021
Indoor,Airtel,4G,5,Satisfactory,17.41626892,78.36992261,Telangana,2,2021
Indoor,Airtel,4G,4,Satisfactory,24.09750833,88.25277667,West Bengal,2,2021
Indoor,Airtel,4G,1,Poor Voice Quality,26.9528134,75.7441357,Rajasthan,2,2021
Indoor,Airtel,4G,1,Poor Voice Quality,26.90520772,75.79704206,Rajasthan,2,2021
Indoor,Airtel,4G,4,Satisfactory,13.2113674,75.4958219,Karnataka,2,2021
Indoor,Airtel,4G,4,Satisfactory,24.08866333,88.25498167,West Bengal,2,2021
Indoor,Airtel,4G,4,Satisfactory,19.18081588,77.28869409,Maharashtra,3,2021
Indoor,Airtel,4G,5,Satisfactory,28.64085803,77.22943319,Delhi,3,2021
Indoor,Airtel,4G,4,Satisfactory,24.08856833,88.25500667,West Bengal,3,2021
Indoor,Airtel,4G,4,Satisfactory,24.08856833,88.25500667,West Bengal,3,2021
Indoor,Airtel,4G,1,Poor Voice Quality,12.78334868,77.66066139,Karnataka,3,2021
Indoor,Airtel,4G,1,Poor Voice Quality,12.78334868,77.66066139,Karnataka,3,2021
Indoor,Airtel,4G,4,Satisfactory,12.93543239,77.69489029,Karnataka,3,2021
Indoor,Airtel,4G,4,Satisfactory,12.9362147,77.6945704,Karnataka,3,2021
Indoor,Airtel,4G,4,Satisfactory,12.9358399,77.6946534,Karnataka,3,2021
Indoor,Airtel,4G,4,Satisfactory,24.0971813,88.2525336,West Bengal,3,2021
Indoor,Airtel,4G,4,Satisfactory,24.0963398,88.2551138,West Bengal,3,2021
Indoor,Airtel,4G,4,Satisfactory,22.80347834,86.18252279,Jharkhand,3,2021
Indoor,Airtel,4G,5,Satisfactory,28.6404031,77.2290243,Delhi,3,2021
Indoor,Airtel,4G,4,Satisfactory,12.9358532,77.6946009,Karnataka,3,2021
Indoor,Airtel,4G,4,Satisfactory,24.08865667,88.25513833,West Bengal,3,2021
Indoor,Airtel,4G,4,Satisfactory,16.87061876,79.66356356,Telangana,3,2021
Indoor,Airtel,4G,1,Poor Voice Quality,23.68216323,85.02649699,Jharkhand,3,2021
Indoor,Airtel,4G,5,Satisfactory,11.34725772,75.90194031,Kerala,3,2021
Indoor,Airtel,4G,4,Satisfactory,24.088825,88.25542667,West Bengal,3,2021
Indoor,Airtel,4G,4,Satisfactory,24.088825,88.25542667,West Bengal,3,2021
Indoor,Airtel,4G,4,Satisfactory,24.088825,88.25542667,West Bengal,3,2021
Indoor,Airtel,4G,4,Satisfactory,22.8009533,86.1812126,Jharkhand,3,2021
Indoor,Airtel,4G,5,Satisfactory,11.3878505,77.21920526,Tamil Nadu,3,2021
Indoor,Airtel,4G,1,Call Dropped,18.44204003,73.84864124,Maharashtra,3,2021
Indoor,Airtel,4G,5,Satisfactory,26.2753801,72.9803395,Rajasthan,3,2021
Indoor,Airtel,4G,4,Satisfactory,12.9357761,77.6946273,Karnataka,3,2021
Indoor,Airtel,4G,4,Satisfactory,12.9358661,77.6945664,Karnataka,3,2021
Indoor,Airtel,4G,4,Satisfactory,12.9361172,77.6946371,Karnataka,3,2021
Indoor,Airtel,4G,3,Poor Voice Quality,28.5569734,77.054088,Delhi,10,2021
Indoor,Airtel,4G,4,Satisfactory,28.5569697,77.0540937,Delhi,10,2021
Indoor,Airtel,4G,4,Satisfactory,13.93676646,75.54812291,Karnataka,10,2021
Indoor,Airtel,4G,4,Satisfactory,13.93667258,75.54753269,Karnataka,10,2021
Indoor,Airtel,4G,4,Satisfactory,13.93640807,75.5483211,Karnataka,10,2021
Indoor,Airtel,4G,4,Satisfactory,13.93671232,75.54819934,Karnataka,10,2021
Indoor,Airtel,4G,4,Satisfactory,14.0279085,75.9320035,Karnataka,10,2021
Indoor,Airtel,4G,1,Call Dropped,21.1658981,72.7884126,Gujarat,10,2021
Indoor,Airtel,4G,4,Satisfactory,14.0280123,75.93196942,Karnataka,10,2021
Indoor,Airtel,4G,4,Satisfactory,14.0280123,75.93196942,Karnataka,10,2021
Indoor,Airtel,4G,3,Poor Voice Quality,28.56519488,77.05969929,Delhi,10,2021
Indoor,Airtel,4G,5,Satisfactory,28.56519488,77.05969929,Delhi,10,2021
Indoor,Airtel,4G,4,Satisfactory,13.9368067,75.5480984,Karnataka,10,2021
Indoor,Airtel,4G,5,Satisfactory,13.21394803,75.51134914,Karnataka,10,2021
Indoor,Airtel,4G,5,Satisfactory,28.56519488,77.05969929,Delhi,10,2021
Indoor,Airtel,4G,5,Satisfactory,23.29458833,77.68868667,Madhya Pradesh,10,2021
Indoor,Airtel,4G,4,Satisfactory,14.02805984,75.93200414,Karnataka,10,2021
Indoor,Airtel,4G,2,Poor Voice Quality,13.0493029,80.2577614,Tamil Nadu,5,2021
Indoor,Airtel,4G,4,Satisfactory,16.86873408,79.56257297,Telangana,5,2021
Indoor,Airtel,4G,1,Poor Voice Quality,18.4520064,73.8514701,Maharashtra,5,2021
Indoor,Airtel,4G,4,Satisfactory,13.04931179,80.25787612,Tamil Nadu,5,2021
Indoor,Airtel,4G,1,Call Dropped,17.79977506,79.98096351,Telangana,5,2021
Indoor,Airtel,4G,4,Satisfactory,28.61455533,77.12530748,Delhi,5,2021
Indoor,Airtel,4G,3,Satisfactory,28.61437235,77.12482434,Delhi,5,2021
Indoor,Airtel,4G,3,Satisfactory,28.61437235,77.12482434,Delhi,5,2021
Indoor,Airtel,4G,1,Poor Voice Quality,28.61460269,77.12494505,Delhi,5,2021
Indoor,Airtel,4G,3,Satisfactory,28.5979545,77.0738947,Delhi,5,2021
Indoor,Airtel,4G,1,Poor Voice Quality,28.6154668,77.12714381,Delhi,5,2021
Indoor,Airtel,4G,4,Satisfactory,26.7246262,88.4381744,West Bengal,5,2021
Indoor,Airtel,4G,3,Poor Voice Quality,18.4513983,73.8509116,Maharashtra,5,2021
Indoor,Airtel,4G,3,Poor Voice Quality,13.0492941,80.2577851,Tamil Nadu,5,2021
Indoor,Airtel,4G,4,Satisfactory,13.9367297,75.5481623,Karnataka,5,2021
Indoor,Airtel,4G,4,Satisfactory,13.9367099,75.548144,Karnataka,5,2021
Indoor,Airtel,4G,4,Satisfactory,13.9367136,75.5481382,Karnataka,5,2021
Indoor,Airtel,4G,4,Satisfactory,13.936703,75.5481466,Karnataka,5,2021
Indoor,Airtel,4G,4,Satisfactory,16.88403751,79.69182274,Telangana,5,2021
Indoor,Airtel,4G,4,Satisfactory,22.80939782,86.1888535,Jharkhand,5,2021
Indoor,Airtel,4G,4,Satisfactory,13.9367094,75.5481518,Karnataka,5,2021
Indoor,Airtel,4G,1,Poor Voice Quality,18.30676053,83.56603662,Andhra Pradesh,5,2021
Indoor,Airtel,4G,5,Satisfactory,18.30669218,83.56580922,Andhra Pradesh,5,2021
Indoor,Airtel,4G,3,Satisfactory,16.9859423,82.2501186,Andhra Pradesh,5,2021
Indoor,Airtel,4G,4,Satisfactory,13.93674755,75.54824303,Karnataka,8,2021
Indoor,Airtel,4G,1,Poor Voice Quality,16.87072351,74.19512433,Maharashtra,8,2021
Indoor,Airtel,4G,3,Satisfactory,25.10238505,76.49758187,Rajasthan,7,2021
Indoor,Airtel,4G,5,Satisfactory,10.31038283,76.33769048,Kerala,7,2021
Indoor,Airtel,4G,1,Call Dropped,17.4401409,78.3985916,Telangana,7,2021
Indoor,Airtel,4G,1,Call Dropped,10.819845,77.20668667,Tamil Nadu,7,2021
Indoor,Airtel,4G,4,Satisfactory,13.94422697,75.5744436,Karnataka,7,2021
Indoor,Airtel,4G,4,Satisfactory,13.9412039,75.5745249,Karnataka,7,2021
Indoor,Airtel,4G,4,Satisfactory,13.93230595,75.5814273,Karnataka,7,2021
Indoor,Airtel,4G,4,Satisfactory,13.93669842,75.54823535,Karnataka,7,2021
Indoor,Airtel,4G,4,Satisfactory,13.9367018,75.5481508,Karnataka,7,2021
Indoor,Airtel,4G,3,Call Dropped,30.29910667,78.065745,Uttarakhand,8,2021
Indoor,Airtel,4G,5,Satisfactory,10.3029812,76.223138,Kerala,8,2021
Indoor,Airtel,4G,4,Satisfactory,28.493065,77.01857333,Haryana,8,2021
Indoor,Airtel,4G,2,Poor Voice Quality,30.29743167,78.06999,Uttarakhand,8,2021
Indoor,Airtel,4G,5,Satisfactory,12.95259229,77.4901308,Karnataka,8,2021
Indoor,Airtel,4G,4,Satisfactory,13.9367002,75.5481514,Karnataka,8,2021
Indoor,Airtel,4G,3,Poor Voice Quality,30.29735167,78.069895,Uttarakhand,8,2021
Indoor,Airtel,4G,5,Satisfactory,10.3029853,76.2231387,Kerala,8,2021
Indoor,Airtel,4G,2,Call Dropped,30.2979,78.06993833,Uttarakhand,8,2021
Indoor,Airtel,4G,5,Satisfactory,11.3475361,75.9019086,Kerala,8,2021
Indoor,Airtel,4G,1,Poor Voice Quality,29.299873,73.9034649,Rajasthan,11,2021
Indoor,Airtel,4G,5,Satisfactory,10.3030375,76.2193888,Kerala,11,2021
Indoor,Airtel,4G,5,Satisfactory,10.30807928,76.2185927,Kerala,11,2021
Indoor,Airtel,4G,2,Call Dropped,18.65160234,73.73405376,Maharashtra,11,2021
Indoor,Airtel,4G,1,Poor Voice Quality,28.5569902,77.0541135,Delhi,11,2021
Indoor,Airtel,4G,5,Satisfactory,28.5570026,77.0541444,Delhi,11,2021
Indoor,Airtel,4G,5,Satisfactory,28.5570017,77.0541259,Delhi,11,2021
Indoor,Airtel,4G,5,Satisfactory,28.5569933,77.0541067,Delhi,11,2021
Indoor,Airtel,4G,5,Satisfactory,28.5569995,77.054099,Delhi,11,2021
Indoor,Airtel,4G,5,Satisfactory,28.5569819,77.05412,Delhi,11,2021
Indoor,Airtel,4G,5,Satisfactory,28.5570017,77.0541259,Delhi,11,2021
Indoor,Airtel,4G,5,Satisfactory,28.5570075,77.0541215,Delhi,11,2021
Indoor,Airtel,4G,5,Satisfactory,23.33008,77.78436833,Madhya Pradesh,11,2021
Indoor,Airtel,4G,1,Poor Voice Quality,29.2964951,73.9024277,Rajasthan,11,2021
Indoor,Airtel,4G,4,Satisfactory,13.93651014,75.54784506,Karnataka,11,2021
Indoor,Airtel,4G,5,Satisfactory,28.5601095,77.04137812,Delhi,11,2021
Indoor,Airtel,4G,4,Satisfactory,13.93684654,75.54822934,Karnataka,11,2021
Indoor,Airtel,4G,1,Poor Voice Quality,18.65160234,73.73405376,Maharashtra,11,2021
Indoor,Airtel,4G,4,Satisfactory,13.93660165,75.54813896,Karnataka,11,2021
Indoor,Airtel,4G,1,Poor Voice Quality,9.381983591,76.57110403,Kerala,11,2021
Indoor,Airtel,4G,4,Satisfactory,12.9360425,77.6946104,Karnataka,12,2021
Indoor,Airtel,4G,4,Satisfactory,12.98969733,77.65342903,Karnataka,12,2021
Indoor,Airtel,4G,4,Satisfactory,13.93677992,75.5451067,Karnataka,12,2021
Indoor,Airtel,4G,3,Poor Voice Quality,18.53094517,73.84747041,Maharashtra,12,2021
Indoor,Airtel,4G,1,Poor Voice Quality,26.22231167,87.76080833,Bihar,12,2021
Indoor,Airtel,4G,4,Satisfactory,13.93659343,75.54820812,Karnataka,12,2021
Indoor,Airtel,4G,4,Satisfactory,13.93686566,75.54806058,Karnataka,12,2021
Indoor,Airtel,4G,5,Satisfactory,28.56519488,77.05969929,Delhi,10,2021
Indoor,Airtel,4G,5,Satisfactory,28.56519488,77.05969929,Delhi,10,2021
Indoor,Airtel,4G,5,Satisfactory,28.56519488,77.05969929,Delhi,10,2021
Indoor,Airtel,4G,1,Poor Voice Quality,18.44972239,73.84982244,Maharashtra,5,2021
Indoor,Airtel,4G,4,Satisfactory,22.8081445,86.1886772,Jharkhand,5,2021
Indoor,Airtel,4G,2,Poor Voice Quality,18.44955515,73.84964304,Maharashtra,5,2021
Indoor,Airtel,4G,4,Satisfactory,28.6143699,77.12554895,Delhi,5,2021
Indoor,Airtel,4G,1,Poor Voice Quality,28.27604111,74.95016151,Rajasthan,5,2021
Indoor,Airtel,4G,4,Satisfactory,28.61455533,77.12530748,Delhi,5,2021
Indoor,Airtel,4G,3,Satisfactory,28.61455533,77.12530748,Delhi,5,2021
Indoor,Airtel,4G,3,Satisfactory,28.61455533,77.12530748,Delhi,5,2021
Indoor,Airtel,4G,4,Satisfactory,22.8081525,86.1886855,Jharkhand,5,2021
Indoor,Airtel,4G,4,Satisfactory,22.8081455,86.188694,Jharkhand,5,2021
Indoor,Airtel,4G,2,Call Dropped,28.6629369,77.2820936,Delhi,5,2021
Indoor,Airtel,4G,3,Call Dropped,28.6629369,77.2820936,Delhi,5,2021
Indoor,Airtel,4G,1,Call Dropped,28.662938,77.2821746,Delhi,5,2021
Indoor,Airtel,4G,3,Satisfactory,16.86884573,79.56262547,Telangana,5,2021
Indoor,Airtel,4G,4,Satisfactory,22.80798417,86.18835126,Jharkhand,5,2021
Indoor,Airtel,4G,5,Satisfactory,11.2457836,75.7985668,Kerala,7,2021
Indoor,Airtel,4G,5,Satisfactory,10.30304191,76.22311075,Kerala,7,2021
Indoor,Airtel,4G,5,Satisfactory,10.302967,76.22311752,Kerala,7,2021
Indoor,Airtel,4G,5,Satisfactory,10.302967,76.22311752,Kerala,7,2021
Indoor,Airtel,4G,3,Poor Voice Quality,25.1021,76.4977188,Rajasthan,7,2021
Indoor,Airtel,4G,4,Satisfactory,13.93677388,75.54766301,Karnataka,9,2021
Indoor,Airtel,4G,5,Satisfactory,24.8002775,85.0122657,Bihar,5,2021
Indoor,Airtel,4G,3,Satisfactory,18.44194716,73.84853679,Maharashtra,5,2021
Indoor,Airtel,4G,3,Poor Voice Quality,18.5932355,73.7953803,Maharashtra,5,2021
Indoor,Airtel,4G,4,Satisfactory,13.9366934,75.5481488,Karnataka,5,2021
Indoor,Airtel,4G,4,Satisfactory,26.7246296,88.4381798,West Bengal,5,2021
Indoor,Airtel,4G,3,Satisfactory,16.9859974,82.25019717,Andhra Pradesh,5,2021
Indoor,Airtel,4G,5,Satisfactory,24.80018294,85.0122432,Bihar,5,2021
Indoor,Airtel,4G,1,Call Dropped,18.3066681,83.5655064,Andhra Pradesh,5,2021
Indoor,Airtel,4G,1,Call Dropped,18.3067111,83.5656597,Andhra Pradesh,5,2021
Indoor,Airtel,4G,3,Poor Voice Quality,24.7471689,87.8194448,West Bengal,5,2021
Indoor,Airtel,4G,1,Poor Voice Quality,18.3054109,83.5641397,Andhra Pradesh,5,2021
Indoor,Airtel,4G,4,Satisfactory,16.88404442,79.69179839,Telangana,5,2021
Indoor,Airtel,4G,2,Call Dropped,17.80005765,79.98138515,Telangana,5,2021
Indoor,Airtel,4G,4,Satisfactory,13.93673209,75.54819088,Karnataka,5,2021
Indoor,Airtel,4G,5,Satisfactory,16.9859415,82.2501195,Andhra Pradesh,5,2021
Indoor,Airtel,4G,5,Satisfactory,28.5562619,77.17777556,Delhi,5,2021
Indoor,Airtel,4G,2,Poor Voice Quality,28.5562619,77.17777556,Delhi,5,2021
Indoor,Airtel,4G,5,Satisfactory,22.80808647,86.18846826,Jharkhand,5,2021
Indoor,Airtel,4G,4,Satisfactory,13.9366947,75.5481473,Karnataka,5,2021
Indoor,Airtel,4G,3,Satisfactory,16.9859501,82.2501176,Andhra Pradesh,5,2021
Indoor,Airtel,4G,2,Poor Voice Quality,18.306933,83.5657851,Andhra Pradesh,5,2021
Indoor,Airtel,4G,4,Satisfactory,13.93700199,75.54815587,Karnataka,5,2021
Indoor,Airtel,4G,5,Satisfactory,26.7246041,88.4381712,West Bengal,5,2021
Indoor,Airtel,4G,4,Satisfactory,22.8081434,86.1886924,Jharkhand,5,2021
Indoor,Airtel,4G,3,Satisfactory,16.88417227,79.69189394,Telangana,5,2021
Indoor,Airtel,4G,1,Poor Voice Quality,16.9796723,82.2656475,Andhra Pradesh,5,2021
Indoor,Airtel,4G,1,Poor Voice Quality,18.30693156,83.56576966,Andhra Pradesh,5,2021
Indoor,Airtel,4G,3,Satisfactory,16.9859447,82.2501052,Andhra Pradesh,5,2021
Indoor,Airtel,4G,3,Satisfactory,16.98602847,82.2501463,Andhra Pradesh,5,2021
Indoor,Airtel,4G,1,Poor Voice Quality,16.88581514,79.69308085,Telangana,5,2021
Indoor,Airtel,4G,5,Satisfactory,11.3475179,75.9019249,Kerala,5,2021
Indoor,Airtel,4G,1,Poor Voice Quality,16.98166974,82.24920759,Andhra Pradesh,5,2021
Indoor,Airtel,4G,3,Satisfactory,16.98602847,82.2501463,Andhra Pradesh,5,2021
Indoor,Airtel,4G,4,Satisfactory,13.93676491,75.54766412,Karnataka,6,2021
Indoor,Airtel,4G,4,Satisfactory,22.8081397,86.1887017,Jharkhand,6,2021
Indoor,Airtel,4G,4,Satisfactory,22.808141,86.1887015,Jharkhand,6,2021
Indoor,Airtel,4G,4,Satisfactory,13.9367001,75.5481478,Karnataka,6,2021
Indoor,Airtel,4G,4,Satisfactory,22.8081352,86.1887027,Jharkhand,6,2021
Indoor,Airtel,4G,3,Satisfactory,16.88406329,79.69191747,Telangana,6,2021
Indoor,Airtel,4G,4,Satisfactory,16.88400868,79.69180923,Telangana,7,2021
Indoor,Airtel,4G,4,Satisfactory,16.88399262,79.69180037,Telangana,7,2021
Indoor,Airtel,4G,5,Satisfactory,11.3475251,75.9019113,Kerala,7,2021
Indoor,Airtel,4G,5,Satisfactory,18.601315,73.79338833,Maharashtra,7,2021
Indoor,Airtel,4G,4,Satisfactory,13.93712887,75.54848678,Karnataka,7,2021
Indoor,Airtel,4G,1,Poor Voice Quality,22.64772333,78.38849667,Madhya Pradesh,7,2021
Indoor,Airtel,4G,4,Satisfactory,16.88414162,79.6917671,Telangana,7,2021
Indoor,Airtel,4G,4,Satisfactory,13.95127948,75.57678484,Karnataka,7,2021
Indoor,Airtel,4G,4,Satisfactory,13.9368688,75.5482548,Karnataka,12,2021
Indoor,Airtel,4G,5,Satisfactory,13.93676917,75.54817856,Karnataka,12,2021
Indoor,Airtel,4G,5,Satisfactory,13.93911478,75.54033835,Karnataka,12,2021
Indoor,Airtel,4G,5,Satisfactory,28.56501383,77.05969057,Delhi,12,2021
Indoor,Airtel,4G,5,Satisfactory,28.56501383,77.05969057,Delhi,12,2021
Indoor,Airtel,4G,5,Satisfactory,28.57059429,77.39205549,Uttar Pradesh,12,2021
Indoor,Airtel,4G,5,Satisfactory,28.57692867,77.05740466,Delhi,12,2021
Indoor,Airtel,4G,5,Satisfactory,28.5569827,77.0541049,Delhi,12,2021
Indoor,Airtel,4G,5,Satisfactory,28.56372851,77.33456603,Uttar Pradesh,12,2021
Indoor,Airtel,4G,5,Satisfactory,28.56372851,77.33456603,Uttar Pradesh,12,2021
Indoor,Airtel,4G,5,Satisfactory,28.57205639,77.06569159,Delhi,12,2021
Indoor,Airtel,4G,5,Satisfactory,28.5569743,77.0541044,Delhi,12,2021
Indoor,Airtel,4G,5,Satisfactory,28.556918,77.0541328,Delhi,12,2021
Indoor,Airtel,4G,5,Satisfactory,28.5568833,77.0538875,Delhi,12,2021
Indoor,Airtel,4G,5,Satisfactory,28.5569716,77.0540862,Delhi,12,2021
Indoor,Airtel,4G,5,Satisfactory,28.55721305,77.05366859,Delhi,12,2021
Indoor,Airtel,4G,5,Satisfactory,28.55721305,77.05366859,Delhi,12,2021
Indoor,Airtel,4G,3,Satisfactory,28.55721305,77.05366859,Delhi,12,2021
Indoor,Airtel,4G,5,Satisfactory,28.5569749,77.0540928,Delhi,12,2021
Indoor,Airtel,4G,5,Satisfactory,28.54401649,77.20300645,Delhi,12,2021
Indoor,Airtel,4G,5,Satisfactory,28.5569764,77.0540961,Delhi,12,2021
Indoor,Airtel,4G,5,Satisfactory,28.56501383,77.05969057,Delhi,12,2021
Indoor,Airtel,4G,2,Poor Voice Quality,28.56501383,77.05969057,Delhi,12,2021
Indoor,Airtel,4G,5,Satisfactory,28.57059429,77.39205549,Uttar Pradesh,12,2021
Indoor,Airtel,4G,5,Satisfactory,28.60326842,77.19055228,Delhi,12,2021
Indoor,Airtel,4G,5,Satisfactory,28.56372851,77.33456603,Uttar Pradesh,12,2021
Indoor,Airtel,4G,5,Satisfactory,28.5568833,77.0538875,Delhi,12,2021
Indoor,Airtel,4G,5,Satisfactory,28.59054159,77.15748902,Delhi,12,2021
Indoor,Airtel,4G,5,Satisfactory,28.55668943,77.05435993,Delhi,12,2021
Indoor,Airtel,4G,5,Satisfactory,28.55668943,77.05435993,Delhi,12,2021
Indoor,Airtel,4G,5,Satisfactory,28.55668943,77.05435993,Delhi,12,2021
Indoor,Airtel,4G,5,Satisfactory,28.55668943,77.05435993,Delhi,12,2021
Indoor,Airtel,4G,5,Satisfactory,28.54401649,77.20300645,Delhi,12,2021
Indoor,Airtel,4G,5,Satisfactory,28.54401649,77.20300645,Delhi,12,2021
Indoor,Airtel,4G,5,Satisfactory,28.55750629,77.05392634,Delhi,12,2021
Indoor,Airtel,4G,5,Satisfactory,28.55750629,77.05392634,Delhi,12,2021
Indoor,Airtel,4G,4,Satisfactory,13.0029903,77.7116945,Karnataka,12,2021
Indoor,Airtel,4G,4,Satisfactory,13.0029962,77.7117039,Karnataka,12,2021
Indoor,Airtel,4G,1,Poor Voice Quality,28.61973677,77.10791814,Delhi,10,2021
Indoor,Airtel,4G,5,Satisfactory,28.54407948,77.06576091,Haryana,11,2021
Indoor,Airtel,4G,5,Satisfactory,28.54407948,77.06576091,Haryana,11,2021
Indoor,Airtel,4G,4,Satisfactory,28.54407948,77.06576091,Haryana,11,2021
Indoor,Airtel,4G,3,Poor Voice Quality,28.54407948,77.06576091,Haryana,11,2021
Indoor,Airtel,4G,3,Satisfactory,28.6816649,77.20104173,Delhi,11,2021
Indoor,Airtel,4G,5,Satisfactory,28.55738986,77.0542259,Delhi,11,2021
Indoor,Airtel,4G,4,Satisfactory,13.9485843,75.5516299,Karnataka,11,2021
Indoor,Airtel,4G,1,Poor Voice Quality,25.71637167,94.11044333,Nagaland,11,2021
Indoor,Airtel,4G,5,Satisfactory,28.5569844,77.0540895,Delhi,9,2021
Indoor,Airtel,4G,3,Poor Voice Quality,28.5569825,77.0541001,Delhi,9,2021
Indoor,Airtel,4G,3,Call Dropped,28.5617003,77.0472714,Delhi,9,2021
Indoor,Airtel,4G,2,Poor Voice Quality,28.5569894,77.0540899,Delhi,9,2021
Indoor,Airtel,4G,5,Satisfactory,28.5569692,77.0541153,Delhi,9,2021
Indoor,Airtel,4G,5,Satisfactory,18.3065413,83.56567034,Andhra Pradesh,9,2021
Indoor,Airtel,4G,4,Satisfactory,14.07008237,76.10354122,Karnataka,9,2021
Indoor,Airtel,4G,3,Poor Voice Quality,28.5569645,77.0540948,Delhi,9,2021
Indoor,Airtel,4G,4,Satisfactory,13.9368005,75.5480934,Karnataka,9,2021
Indoor,Airtel,4G,1,Poor Voice Quality,21.16415615,72.78612953,Gujarat,9,2021
Indoor,Airtel,4G,1,Poor Voice Quality,22.64773667,78.3903,Madhya Pradesh,9,2021
Indoor,Airtel,4G,4,Satisfactory,13.93677566,75.54808639,Karnataka,10,2021
Indoor,Airtel,4G,4,Satisfactory,13.93677566,75.54808639,Karnataka,10,2021
Indoor,Airtel,4G,4,Satisfactory,13.93678557,75.54816238,Karnataka,10,2021
Indoor,Airtel,4G,4,Satisfactory,13.93671003,75.54821564,Karnataka,10,2021
Indoor,Airtel,4G,2,Poor Voice Quality,28.5569808,77.0540899,Delhi,10,2021
Indoor,Airtel,4G,5,Satisfactory,28.56519488,77.05969929,Delhi,10,2021
Indoor,Airtel,4G,5,Satisfactory,28.5569556,77.0540671,Delhi,10,2021
Indoor,Airtel,4G,5,Satisfactory,28.59861001,77.06331138,Delhi,10,2021
Indoor,Airtel,4G,5,Satisfactory,28.556989,77.0540989,Delhi,10,2021
Indoor,Airtel,4G,4,Satisfactory,16.88400154,79.69184862,Telangana,10,2021
Indoor,Airtel,4G,4,Satisfactory,13.92889628,75.5684314,Karnataka,10,2021
Indoor,Airtel,4G,2,Poor Voice Quality,18.44213042,73.84863881,Maharashtra,12,2021
Indoor,Airtel,4G,2,Poor Voice Quality,18.44213042,73.84863881,Maharashtra,12,2021
Indoor,Airtel,4G,5,Satisfactory,10.3029608,76.2231369,Kerala,12,2021
Indoor,Airtel,4G,5,Satisfactory,26.36715865,78.08784578,Madhya Pradesh,12,2021
Indoor,Airtel,4G,4,Satisfactory,25.0974063,76.4995023,Rajasthan,8,2021
Indoor,Airtel,4G,2,Poor Voice Quality,18.30667759,83.56577511,Andhra Pradesh,8,2021
Indoor,Airtel,4G,5,Satisfactory,28.56092263,77.05616858,Delhi,10,2021
Indoor,Airtel,4G,4,Satisfactory,13.93662643,75.54812403,Karnataka,10,2021
Indoor,Airtel,4G,4,Satisfactory,16.87655262,79.68267671,Telangana,10,2021
Indoor,Airtel,4G,4,Satisfactory,13.93696152,75.54825956,Karnataka,10,2021
Indoor,Airtel,4G,3,Satisfactory,18.44204302,73.84860687,Maharashtra,11,2021
Indoor,Airtel,4G,4,Satisfactory,18.46491558,79.11105065,Telangana,11,2021
Indoor,Airtel,4G,4,Satisfactory,13.9367587,75.54807306,Karnataka,11,2021
Indoor,Airtel,4G,4,Satisfactory,13.93667881,75.54823647,Karnataka,11,2021
Indoor,Airtel,4G,1,Poor Voice Quality,9.3818495,76.5719548,Kerala,11,2021
Indoor,Airtel,4G,4,Satisfactory,13.93438327,75.57254397,Karnataka,11,2021
Indoor,Airtel,4G,4,Satisfactory,13.93463966,75.57239354,Karnataka,11,2021
Indoor,Airtel,4G,4,Satisfactory,12.98979156,77.65362016,Karnataka,11,2021
Indoor,Airtel,4G,4,Satisfactory,13.0030314,77.711739,Karnataka,11,2021
Indoor,Airtel,4G,3,Poor Voice Quality,18.45203653,73.8514322,Maharashtra,11,2021
Indoor,Airtel,4G,1,Poor Voice Quality,25.6597849,94.1053113,Nagaland,7,2021
Indoor,Airtel,4G,1,Poor Voice Quality,25.6597453,94.1042657,Nagaland,7,2021
Indoor,Airtel,4G,4,Satisfactory,14.02787025,75.93179583,Karnataka,9,2021
Indoor,Airtel,4G,5,Satisfactory,26.2751621,72.9803979,Rajasthan,9,2021
Indoor,Airtel,4G,4,Satisfactory,13.9368097,75.5481035,Karnataka,9,2021
Indoor,Airtel,4G,1,Poor Voice Quality,25.70424333,94.11257333,Nagaland,9,2021
Indoor,Airtel,4G,4,Satisfactory,16.8840327,79.6918367,Telangana,9,2021
Indoor,Airtel,4G,4,Satisfactory,26.12725406,89.46078119,West Bengal,9,2021
Indoor,Airtel,4G,4,Satisfactory,13.93150906,75.54570017,Karnataka,9,2021
Indoor,Airtel,4G,4,Satisfactory,13.9368042,75.5481021,Karnataka,9,2021
Indoor,Airtel,4G,4,Satisfactory,16.88396184,79.69190853,Telangana,9,2021
Indoor,Airtel,4G,1,Poor Voice Quality,8.6805357,77.9551109,Tamil Nadu,9,2021
Indoor,Airtel,4G,1,Call Dropped,28.5386883,77.2742109,Delhi,9,2021
Indoor,Airtel,4G,4,Satisfactory,16.88403738,79.69180373,Telangana,9,2021
Indoor,Airtel,4G,1,Poor Voice Quality,22.64803667,78.38846833,Madhya Pradesh,8,2021
Indoor,Airtel,4G,1,Poor Voice Quality,22.64803667,78.38846833,Madhya Pradesh,8,2021
Indoor,Airtel,4G,1,Call Dropped,22.64803667,78.38846833,Madhya Pradesh,8,2021
Indoor,Airtel,4G,1,Poor Voice Quality,26.77996019,81.05483108,Uttar Pradesh,8,2021
Indoor,Airtel,4G,1,Poor Voice Quality,16.87065434,74.19515186,Maharashtra,8,2021
Indoor,Airtel,4G,1,Poor Voice Quality,27.5593161,80.1922141,Uttar Pradesh,8,2021
Indoor,Airtel,4G,4,Satisfactory,12.9225128,79.1369219,Tamil Nadu,8,2021
Indoor,Airtel,4G,4,Satisfactory,16.88402673,79.69182219,Telangana,7,2021
Indoor,Airtel,4G,4,Satisfactory,28.50833167,77.03103333,Haryana,7,2021
Indoor,Airtel,4G,5,Satisfactory,13.93677823,75.54820211,Karnataka,7,2021
Indoor,Airtel,4G,5,Satisfactory,28.49312333,77.01841667,Haryana,7,2021
Indoor,Airtel,4G,4,Satisfactory,13.83497556,75.67421833,Karnataka,7,2021
Indoor,Airtel,4G,4,Satisfactory,28.49312333,77.01841667,Haryana,7,2021
Indoor,Airtel,4G,5,Satisfactory,10.35346627,76.21663749,Kerala,7,2021
Indoor,Airtel,4G,5,Satisfactory,11.3475255,75.9019139,Kerala,5,2021
Indoor,Airtel,4G,4,Satisfactory,13.9367104,75.5481368,Karnataka,5,2021
Indoor,Airtel,4G,4,Satisfactory,22.80811381,86.18835735,Jharkhand,5,2021
Indoor,Airtel,4G,4,Satisfactory,14.02803736,75.93184901,Karnataka,6,2021
Indoor,Airtel,4G,4,Satisfactory,14.02772886,75.93193956,Karnataka,6,2021
Indoor,Airtel,4G,1,Call Dropped,25.3273891,81.6169323,Uttar Pradesh,6,2021
Indoor,Airtel,4G,1,Poor Voice Quality,25.3389124,81.6139375,Uttar Pradesh,6,2021
Indoor,Airtel,4G,4,Satisfactory,25.8087682,93.7773002,Nagaland,6,2021
Indoor,Airtel,4G,1,Poor Voice Quality,17.258873,78.5793923,Telangana,6,2021
Indoor,Airtel,4G,5,Satisfactory,10.30298424,76.22311744,Kerala,6,2021
Indoor,Airtel,4G,4,Satisfactory,16.8840303,79.6919248,Telangana,6,2021
Indoor,Airtel,4G,5,Satisfactory,12.9525413,77.4900837,Karnataka,6,2021
Indoor,Airtel,4G,5,Satisfactory,11.34708757,75.90159549,Kerala,6,2021
Indoor,Airtel,4G,5,Satisfactory,12.9525423,77.4900942,Karnataka,6,2021
Indoor,Airtel,4G,1,Poor Voice Quality,24.8002769,85.0122559,Bihar,6,2021
Indoor,Airtel,4G,5,Satisfactory,11.34079146,75.89020455,Kerala,6,2021
Indoor,Airtel,4G,4,Satisfactory,16.88393699,79.69193116,Telangana,6,2021
Indoor,Airtel,4G,4,Satisfactory,24.7528187,87.8164395,West Bengal,6,2021
Indoor,Airtel,4G,4,Satisfactory,22.8082087,86.1886283,Jharkhand,6,2021
Indoor,Airtel,4G,4,Satisfactory,22.80810028,86.18862484,Jharkhand,6,2021
Indoor,Airtel,4G,4,Satisfactory,22.8081579,86.1886881,Jharkhand,6,2021
Indoor,Airtel,4G,4,Satisfactory,22.80810028,86.18862484,Jharkhand,6,2021
Indoor,Airtel,4G,2,Poor Voice Quality,27.3966903,75.45485806,Rajasthan,6,2021
Indoor,Airtel,4G,5,Satisfactory,26.724616,88.4381879,West Bengal,6,2021
Indoor,Airtel,4G,5,Satisfactory,28.29238879,74.96245579,Rajasthan,6,2021
Indoor,Airtel,4G,4,Satisfactory,22.80799074,86.18867538,Jharkhand,6,2021
Indoor,Airtel,4G,4,Satisfactory,14.02172964,75.92995101,Karnataka,6,2021
Indoor,Airtel,4G,5,Satisfactory,12.9098422,77.5850991,Karnataka,5,2021
Indoor,Airtel,4G,4,Satisfactory,13.93710947,75.54809995,Karnataka,9,2021
Indoor,Airtel,4G,1,Call Dropped,13.93673464,75.54820244,Karnataka,9,2021
Indoor,Airtel,4G,3,Poor Voice Quality,13.21299744,75.51043313,Karnataka,9,2021
Indoor,Airtel,4G,4,Satisfactory,13.05725297,77.640127,Karnataka,9,2021
Indoor,Airtel,4G,4,Satisfactory,13.9367926,75.5481211,Karnataka,9,2021
Indoor,Airtel,4G,4,Satisfactory,13.93543042,75.54789857,Karnataka,9,2021
Indoor,Airtel,4G,4,Satisfactory,13.9330981,75.54714913,Karnataka,9,2021
Indoor,Airtel,4G,4,Satisfactory,13.93669417,75.54794371,Karnataka,9,2021
Indoor,Airtel,4G,5,Satisfactory,10.30298359,76.22308837,Kerala,9,2021
Indoor,Airtel,4G,4,Satisfactory,13.9368022,75.5481137,Karnataka,9,2021
Indoor,Airtel,4G,4,Satisfactory,13.93681881,75.54796896,Karnataka,9,2021
Indoor,Airtel,4G,5,Satisfactory,10.3029825,76.2231398,Kerala,8,2021
Indoor,Airtel,4G,5,Satisfactory,13.9367607,75.5481465,Karnataka,8,2021
Indoor,Airtel,4G,4,Satisfactory,13.9367466,75.5481574,Karnataka,8,2021
Indoor,Airtel,4G,4,Satisfactory,13.9367464,75.5481571,Karnataka,8,2021
Indoor,Airtel,4G,4,Satisfactory,13.936745,75.5481595,Karnataka,8,2021
Indoor,Airtel,4G,4,Satisfactory,13.93700493,75.54786769,Karnataka,8,2021
Indoor,Airtel,4G,4,Satisfactory,13.92998005,75.59048788,Karnataka,8,2021
Indoor,Airtel,4G,2,Poor Voice Quality,30.297485,78.06984667,Uttarakhand,8,2021
Indoor,Airtel,4G,3,Satisfactory,21.14109932,72.76511836,Gujarat,1,2022
Indoor,Airtel,4G,1,Poor Voice Quality,18.45011295,73.85000282,Maharashtra,4,2022
Indoor,Airtel,4G,4,Satisfactory,12.9361315,77.6946504,Karnataka,4,2022
Indoor,Airtel,4G,2,Poor Voice Quality,18.45011295,73.85000282,Maharashtra,4,2022
Indoor,Airtel,4G,5,Satisfactory,28.6608743,77.2675872,Delhi,4,2022
Indoor,Airtel,4G,4,Satisfactory,12.9361225,77.6946427,Karnataka,4,2022
Indoor,Airtel,4G,1,Poor Voice Quality,21.16587987,72.8020509,Gujarat,4,2022
Indoor,Airtel,4G,4,Satisfactory,13.002993,77.7117363,Karnataka,4,2022
Indoor,Airtel,4G,4,Satisfactory,12.96533818,77.70227863,Karnataka,4,2022
Indoor,Airtel,4G,4,Satisfactory,12.96533818,77.70227863,Karnataka,4,2022
Indoor,Airtel,4G,2,Call Dropped,28.66107497,77.26677706,Delhi,4,2022
Indoor,Airtel,4G,4,Satisfactory,13.93640277,75.56249739,Karnataka,4,2022
Indoor,Airtel,4G,4,Satisfactory,13.93806599,75.56941887,Karnataka,4,2022
Indoor,Airtel,4G,4,Satisfactory,13.9379665,75.5694343,Karnataka,4,2022
Indoor,Airtel,4G,4,Satisfactory,13.93670794,75.54821536,Karnataka,4,2022
Indoor,Airtel,4G,1,Poor Voice Quality,28.70188388,77.42717026,Uttar Pradesh,4,2022
Indoor,Airtel,4G,2,Poor Voice Quality,26.11386,87.93240333,Bihar,2,2022
Indoor,Airtel,4G,5,Satisfactory,10.30297637,76.22313917,Kerala,2,2022
Indoor,Airtel,4G,1,Poor Voice Quality,21.13638501,72.76869364,Gujarat,2,2022
Indoor,Airtel,4G,5,Satisfactory,10.3029796,76.2231123,Kerala,2,2022
Indoor,Airtel,4G,3,Poor Voice Quality,17.67713167,73.99157833,Maharashtra,2,2022
Indoor,Airtel,4G,4,Satisfactory,13.93592271,75.5391551,Karnataka,2,2022
Indoor,Airtel,4G,4,Satisfactory,13.95320204,75.57916864,Karnataka,2,2022
Indoor,Airtel,4G,2,Call Dropped,28.38990385,77.18163502,Delhi,2,2022
Indoor,Airtel,4G,4,Satisfactory,13.93799569,75.5425955,Karnataka,2,2022
Indoor,Airtel,4G,4,Satisfactory,13.93786074,75.54738527,Karnataka,2,2022
Indoor,Airtel,4G,4,Satisfactory,13.9367147,75.5476622,Karnataka,2,2022
Indoor,Airtel,4G,4,Satisfactory,13.93657751,75.54823729,Karnataka,2,2022
Indoor,Airtel,4G,4,Satisfactory,18.6430669,73.7704007,Maharashtra,2,2022
Indoor,Airtel,4G,2,Poor Voice Quality,17.67812333,73.98790833,Maharashtra,2,2022
Indoor,Airtel,4G,4,Satisfactory,13.9345607,75.5464135,Karnataka,2,2022
Indoor,Airtel,4G,4,Satisfactory,13.69849168,75.88362986,Karnataka,1,2022
Indoor,Airtel,4G,4,Satisfactory,13.93677196,75.54824299,Karnataka,1,2022
Indoor,Airtel,4G,4,Satisfactory,13.93618715,75.54633634,Karnataka,1,2022
Indoor,Airtel,4G,2,Call Dropped,23.2407799,87.8723159,West Bengal,1,2022
Indoor,Airtel,4G,2,Poor Voice Quality,18.4421443,73.8479711,Maharashtra,1,2022
Indoor,Airtel,4G,4,Satisfactory,13.93523541,75.55055913,Karnataka,1,2022
Indoor,Airtel,4G,4,Satisfactory,13.9368493,75.5480546,Karnataka,1,2022
Indoor,Airtel,4G,4,Satisfactory,13.93674035,75.54788408,Karnataka,1,2022
Indoor,Airtel,4G,2,Call Dropped,28.6407038,77.2293605,Delhi,1,2022
Indoor,Airtel,4G,4,Satisfactory,13.93667643,75.54820042,Karnataka,1,2022
Indoor,Airtel,4G,1,Poor Voice Quality,18.44233476,73.84802168,Maharashtra,1,2022
Indoor,Airtel,4G,5,Satisfactory,13.00301699,77.71259346,Karnataka,8,2022
Indoor,Airtel,4G,5,Satisfactory,13.0030429,77.7117861,Karnataka,8,2022
Indoor,Airtel,4G,5,Satisfactory,13.00813501,77.69688672,Karnataka,8,2022
Indoor,Airtel,4G,5,Satisfactory,13.0805627,77.55864468,Karnataka,8,2022
Indoor,Airtel,4G,5,Satisfactory,13.07950359,77.55827431,Karnataka,8,2022
Indoor,Airtel,4G,5,Satisfactory,12.93638811,77.69475524,Karnataka,8,2022
Indoor,Airtel,4G,5,Satisfactory,12.93771613,77.6937061,Karnataka,8,2022
Indoor,Airtel,4G,5,Satisfactory,13.0030634,77.7117714,Karnataka,8,2022
Indoor,Airtel,4G,5,Satisfactory,13.9367391,75.5481024,Karnataka,8,2022
Indoor,Airtel,4G,5,Satisfactory,13.90078458,75.55808535,Karnataka,8,2022
Indoor,Airtel,4G,5,Satisfactory,13.93219201,75.54561774,Karnataka,8,2022
Indoor,Airtel,4G,5,Satisfactory,13.93588764,75.54845049,Karnataka,8,2022
Indoor,Airtel,4G,5,Satisfactory,13.93664896,75.54849611,Karnataka,8,2022
Indoor,Airtel,4G,5,Satisfactory,13.9004179,75.5582948,Karnataka,8,2022
Indoor,Airtel,4G,5,Satisfactory,13.9005012,75.5581029,Karnataka,8,2022
Indoor,Airtel,4G,5,Satisfactory,13.93662749,75.54721442,Karnataka,8,2022
Indoor,Airtel,4G,5,Satisfactory,13.93665049,75.54812784,Karnataka,8,2022
Indoor,Airtel,4G,5,Satisfactory,13.93676075,75.54826254,Karnataka,8,2022
Indoor,Airtel,4G,5,Satisfactory,13.93673286,75.54831538,Karnataka,8,2022
Indoor,Airtel,4G,5,Satisfactory,14.11664225,76.04262664,Karnataka,8,2022
Indoor,Airtel,4G,5,Satisfactory,12.96635112,77.70274993,Karnataka,8,2022
Indoor,Airtel,4G,5,Satisfactory,13.0027645,77.71177306,Karnataka,8,2022
Indoor,Airtel,4G,5,Satisfactory,13.0030493,77.7117557,Karnataka,8,2022
Indoor,Airtel,4G,5,Satisfactory,13.07272091,77.56034787,Karnataka,8,2022
Indoor,Airtel,4G,5,Satisfactory,13.0798069,77.559252,Karnataka,8,2022
Indoor,Airtel,4G,5,Satisfactory,13.0725649,77.5602179,Karnataka,8,2022
Indoor,Airtel,4G,5,Satisfactory,13.07223976,77.56056375,Karnataka,8,2022
Indoor,Airtel,4G,5,Satisfactory,12.93691018,77.69285208,Karnataka,8,2022
Indoor,Airtel,4G,1,Call Dropped,13.0725795,77.560216,Karnataka,8,2022
Indoor,Airtel,4G,5,Satisfactory,12.95563998,77.70085777,Karnataka,8,2022
Indoor,Airtel,4G,1,Call Dropped,13.0724993,77.5601967,Karnataka,8,2022
Indoor,Airtel,4G,5,Satisfactory,12.9361371,77.6945156,Karnataka,8,2022
Indoor,Airtel,4G,3,Satisfactory,30.1162618,78.280856,Uttarakhand,10,2022
Indoor,Airtel,4G,5,Satisfactory,13.07275698,77.5600587,Karnataka,10,2022
Indoor,Airtel,4G,5,Satisfactory,14.17696109,75.5667648,Karnataka,10,2022
Indoor,Airtel,4G,5,Satisfactory,13.9367792,75.5480338,Karnataka,10,2022
Indoor,Airtel,4G,5,Satisfactory,14.02800672,75.93199526,Karnataka,10,2022
Indoor,Airtel,4G,5,Satisfactory,13.93689161,75.54791316,Karnataka,10,2022
Indoor,Airtel,4G,5,Satisfactory,13.07268515,77.56013586,Karnataka,10,2022
Indoor,Airtel,4G,5,Satisfactory,12.94585328,77.69857123,Karnataka,10,2022
Indoor,Airtel,4G,5,Satisfactory,13.07268515,77.56013586,Karnataka,10,2022
Indoor,Airtel,4G,3,Satisfactory,30.11576493,78.28157966,Uttarakhand,10,2022
Indoor,Airtel,4G,5,Satisfactory,13.0725161,77.5601761,Karnataka,10,2022
Indoor,Airtel,4G,3,Satisfactory,30.11576493,78.28157966,Uttarakhand,10,2022
Indoor,Airtel,4G,5,Satisfactory,13.0726195,77.5602175,Karnataka,10,2022
Indoor,Airtel,4G,1,Poor Voice Quality,30.11576493,78.28157966,Uttarakhand,10,2022
Indoor,Airtel,4G,3,Satisfactory,30.11576493,78.28157966,Uttarakhand,10,2022
Indoor,Airtel,4G,5,Satisfactory,13.06836672,77.5598436,Karnataka,10,2022
Indoor,Airtel,4G,3,Satisfactory,30.11576493,78.28157966,Uttarakhand,10,2022
Indoor,Airtel,4G,5,Satisfactory,13.07173819,77.56051896,Karnataka,10,2022
Indoor,Airtel,4G,5,Satisfactory,13.07173819,77.56051896,Karnataka,10,2022
Indoor,Airtel,4G,1,Poor Voice Quality,19.2205817,72.8428581,Maharashtra,10,2022
Indoor,Airtel,4G,5,Satisfactory,14.72463759,76.28917611,Karnataka,10,2022
Indoor,Airtel,4G,5,Satisfactory,14.7246318,76.28889495,Karnataka,10,2022
Indoor,Airtel,4G,5,Satisfactory,13.93717584,75.54774398,Karnataka,10,2022
Indoor,Airtel,4G,5,Satisfactory,13.93679307,75.54815493,Karnataka,10,2022
Indoor,Airtel,4G,1,Poor Voice Quality,19.2205393,72.84294,Maharashtra,10,2022
Indoor,Airtel,4G,1,Poor Voice Quality,19.16559884,72.83481209,Maharashtra,10,2022
Indoor,Airtel,4G,5,Satisfactory,13.93473308,75.56500699,Karnataka,10,2022
Indoor,Airtel,4G,3,Satisfactory,30.10864867,78.29443476,Uttarakhand,10,2022
Indoor,Airtel,4G,3,Satisfactory,30.1156251,78.2817875,Uttarakhand,10,2022
Indoor,Airtel,4G,4,Satisfactory,13.9366942,75.5476431,Karnataka,10,2022
Indoor,Airtel,4G,5,Satisfactory,13.83447617,75.66327585,Karnataka,10,2022
Indoor,Airtel,4G,1,Poor Voice Quality,19.21965722,72.83860993,Maharashtra,10,2022
Indoor,Airtel,4G,5,Satisfactory,14.0281365,75.93189338,Karnataka,10,2022
Indoor,Airtel,4G,2,Poor Voice Quality,19.22068445,72.84292245,Maharashtra,10,2022
Indoor,Airtel,4G,1,Poor Voice Quality,19.22068445,72.84292245,Maharashtra,10,2022
Indoor,Airtel,4G,5,Satisfactory,13.072599,77.5602051,Karnataka,10,2022
Indoor,Airtel,4G,5,Satisfactory,13.07255126,77.56036906,Karnataka,10,2022
Indoor,Airtel,4G,1,Poor Voice Quality,19.2612705,72.8658607,Maharashtra,10,2022
Indoor,Airtel,4G,3,Satisfactory,30.1153668,78.2818925,Uttarakhand,10,2022
Indoor,Airtel,4G,5,Satisfactory,13.072599,77.560203,Karnataka,10,2022
Indoor,Airtel,4G,5,Satisfactory,12.96186054,77.70180743,Karnataka,10,2022
Indoor,Airtel,4G,1,Call Dropped,19.2205441,72.8427787,Maharashtra,10,2022
Indoor,Airtel,4G,3,Satisfactory,30.1047694,78.287663,Uttarakhand,10,2022
Indoor,Airtel,4G,3,Satisfactory,19.2205485,72.8428585,Maharashtra,10,2022
Indoor,Airtel,4G,5,Satisfactory,13.0665962,77.5823748,Karnataka,10,2022
Indoor,Airtel,4G,5,Satisfactory,12.935828,77.6945907,Karnataka,10,2022
Indoor,Airtel,4G,5,Satisfactory,12.9360419,77.6946389,Karnataka,10,2022
Indoor,Airtel,4G,5,Satisfactory,13.02701055,77.63440397,Karnataka,10,2022
Indoor,Airtel,4G,3,Satisfactory,30.10491522,78.28764242,Uttarakhand,10,2022
Indoor,Airtel,4G,3,Poor Voice Quality,28.6629191,77.2820546,Delhi,10,2022
Indoor,Airtel,4G,3,Satisfactory,30.1047649,78.2876954,Uttarakhand,10,2022
Indoor,Airtel,4G,1,Poor Voice Quality,19.22062151,72.84287017,Maharashtra,10,2022
Indoor,Airtel,4G,5,Satisfactory,13.06193735,77.58937756,Karnataka,10,2022
Indoor,Airtel,4G,5,Satisfactory,13.05032767,77.55770254,Karnataka,10,2022
Indoor,Airtel,4G,3,Satisfactory,30.10601038,78.29204675,Uttarakhand,10,2022
Indoor,Airtel,4G,5,Satisfactory,10.9717247,76.947202,Tamil Nadu,10,2022
Indoor,Airtel,4G,3,Satisfactory,30.11633503,78.28086538,Uttarakhand,10,2022
Indoor,Airtel,4G,1,Call Dropped,10.5619675,76.1674931,Kerala,3,2022
Indoor,Airtel,4G,4,Satisfactory,12.9361253,77.6946476,Karnataka,3,2022
Indoor,Airtel,4G,4,Satisfactory,12.9361298,77.694651,Karnataka,3,2022
Indoor,Airtel,4G,4,Satisfactory,12.9358756,77.6945104,Karnataka,3,2022
Indoor,Airtel,4G,1,Poor Voice Quality,21.1409578,72.76524222,Gujarat,3,2022
Indoor,Airtel,4G,4,Satisfactory,13.0029549,77.71174595,Karnataka,3,2022
Indoor,Airtel,4G,4,Satisfactory,12.9361225,77.6946427,Karnataka,3,2022
Indoor,Airtel,4G,4,Satisfactory,13.93813211,75.5453807,Karnataka,3,2022
Indoor,Airtel,4G,4,Satisfactory,14.02137306,75.95832896,Karnataka,3,2022
Indoor,Airtel,4G,1,Poor Voice Quality,21.16587987,72.8020509,Gujarat,3,2022
Indoor,Airtel,4G,4,Satisfactory,12.9360911,77.6945836,Karnataka,3,2022
Indoor,Airtel,4G,4,Satisfactory,13.00299594,77.711342,Karnataka,3,2022
Indoor,Airtel,4G,4,Satisfactory,13.2632108,76.50094545,Karnataka,3,2022
Indoor,Airtel,4G,4,Satisfactory,13.9379839,75.5694343,Karnataka,3,2022
Indoor,Airtel,4G,1,Poor Voice Quality,21.14105741,72.76499825,Gujarat,5,2022
Indoor,Airtel,4G,4,Satisfactory,12.936127,77.6946528,Karnataka,5,2022
Indoor,Airtel,4G,4,Satisfactory,12.93073099,77.68556151,Karnataka,5,2022
Indoor,Airtel,4G,4,Satisfactory,13.0030036,77.7117628,Karnataka,5,2022
Indoor,Airtel,4G,3,Satisfactory,21.14096098,72.76492368,Gujarat,5,2022
Indoor,Airtel,4G,4,Satisfactory,12.94823068,77.6992809,Karnataka,5,2022
Indoor,Airtel,4G,4,Satisfactory,13.93669898,75.54812037,Karnataka,5,2022
Indoor,Airtel,4G,5,Satisfactory,13.93671163,75.54807045,Karnataka,5,2022
Indoor,Airtel,4G,5,Satisfactory,13.0029418,77.711795,Karnataka,5,2022
Indoor,Airtel,4G,5,Satisfactory,28.64949052,77.28120845,Delhi,12,2022
Indoor,Airtel,4G,5,Satisfactory,12.9779239,77.69576763,Karnataka,12,2022
Indoor,Airtel,4G,5,Satisfactory,13.70600765,75.83863966,Karnataka,12,2022
Indoor,Airtel,4G,3,Satisfactory,19.22097271,72.84090933,Maharashtra,12,2022
Indoor,Airtel,4G,1,Call Dropped,19.22097271,72.84090933,Maharashtra,12,2022
Indoor,Airtel,4G,3,Satisfactory,30.10478456,78.28768058,Uttarakhand,12,2022
Indoor,Airtel,4G,5,Satisfactory,12.9359165,77.6946554,Karnataka,12,2022
Indoor,Airtel,4G,5,Satisfactory,13.9376105,75.56255904,Karnataka,12,2022
Indoor,Airtel,4G,5,Satisfactory,13.0726048,77.5601899,Karnataka,12,2022
Indoor,Airtel,4G,3,Satisfactory,30.11595788,78.28113031,Uttarakhand,12,2022
Indoor,Airtel,4G,5,Satisfactory,12.9359239,77.6946384,Karnataka,12,2022
Indoor,Airtel,4G,1,Poor Voice Quality,30.10480557,78.28763822,Uttarakhand,12,2022
Indoor,Airtel,4G,2,Poor Voice Quality,30.1047087,78.2871319,Uttarakhand,12,2022
Indoor,Airtel,4G,5,Satisfactory,13.0726117,77.5601913,Karnataka,12,2022
Indoor,Airtel,4G,1,Poor Voice Quality,13.7569976,79.639175,Andhra Pradesh,12,2022
Indoor,Airtel,4G,5,Satisfactory,14.02782329,75.93184973,Karnataka,12,2022
Indoor,Airtel,4G,1,Call Dropped,18.1885316,76.0431537,Maharashtra,12,2022
Indoor,Airtel,4G,2,Poor Voice Quality,19.22068445,72.84292245,Maharashtra,11,2022
Indoor,Airtel,4G,2,Poor Voice Quality,19.22068445,72.84292245,Maharashtra,11,2022
Indoor,Airtel,4G,1,Call Dropped,19.22068445,72.84292245,Maharashtra,11,2022
Indoor,Airtel,4G,3,Satisfactory,30.1155299,78.2817986,Uttarakhand,11,2022
Indoor,Airtel,4G,3,Satisfactory,30.115352,78.2818875,Uttarakhand,11,2022
Indoor,Airtel,4G,5,Satisfactory,12.9694963,77.6912033,Karnataka,11,2022
Indoor,Airtel,4G,5,Satisfactory,13.0725598,77.5602126,Karnataka,11,2022
Indoor,Airtel,4G,1,Call Dropped,19.2205441,72.8427787,Maharashtra,11,2022
Indoor,Airtel,4G,2,Poor Voice Quality,19.2205516,72.8428546,Maharashtra,11,2022
Indoor,Airtel,4G,5,Satisfactory,12.99680122,77.66432014,Karnataka,11,2022
Indoor,Airtel,4G,3,Satisfactory,19.2205485,72.8428585,Maharashtra,11,2022
Indoor,Airtel,4G,5,Satisfactory,13.0665962,77.5823748,Karnataka,11,2022
Indoor,Airtel,4G,5,Satisfactory,13.0666,77.582386,Karnataka,11,2022
Indoor,Airtel,4G,5,Satisfactory,13.0725989,77.5602097,Karnataka,11,2022
Indoor,Airtel,4G,5,Satisfactory,12.9716168,77.69960298,Karnataka,11,2022
Indoor,Airtel,4G,5,Satisfactory,12.93585342,77.69426841,Karnataka,11,2022
Indoor,Airtel,4G,5,Satisfactory,12.9360419,77.6946389,Karnataka,11,2022
Indoor,Airtel,4G,5,Satisfactory,13.02701055,77.63440397,Karnataka,11,2022
Indoor,Airtel,4G,1,Poor Voice Quality,19.2205534,72.8428754,Maharashtra,11,2022
Indoor,Airtel,4G,5,Satisfactory,13.0725947,77.5602089,Karnataka,11,2022
Indoor,Airtel,4G,3,Satisfactory,30.1047649,78.2876954,Uttarakhand,11,2022
Indoor,Airtel,4G,1,Poor Voice Quality,19.22062151,72.84287017,Maharashtra,11,2022
Indoor,Airtel,4G,3,Satisfactory,30.1047932,78.2876713,Uttarakhand,11,2022
Indoor,Airtel,4G,3,Satisfactory,30.10601038,78.29204675,Uttarakhand,11,2022
Indoor,Airtel,4G,1,Poor Voice Quality,19.220587,72.8429672,Maharashtra,11,2022
Indoor,Airtel,4G,2,Poor Voice Quality,19.22081952,72.84297147,Maharashtra,11,2022
Indoor,Airtel,4G,5,Satisfactory,13.07097862,77.56015295,Karnataka,11,2022
Indoor,Airtel,4G,5,Satisfactory,13.07242334,77.56013678,Karnataka,11,2022
Indoor,Airtel,4G,1,Poor Voice Quality,25.4647044,81.8479595,Uttar Pradesh,11,2022
Indoor,Airtel,4G,5,Satisfactory,12.93675811,77.69406609,Karnataka,11,2022
Indoor,Airtel,4G,3,Satisfactory,19.2205868,72.8427747,Maharashtra,11,2022
Indoor,Airtel,4G,5,Satisfactory,12.93675811,77.69406609,Karnataka,11,2022
Indoor,Airtel,4G,5,Satisfactory,12.9745986,77.7118757,Karnataka,3,2023
Indoor,Airtel,4G,5,Satisfactory,13.0725987,77.5601972,Karnataka,3,2023
Indoor,Airtel,4G,5,Satisfactory,12.9743858,77.7117477,Karnataka,3,2023
Indoor,Airtel,4G,5,Satisfactory,13.0726007,77.5601972,Karnataka,3,2023
Indoor,Airtel,4G,5,Satisfactory,13.0726003,77.5601999,Karnataka,3,2023
Indoor,Airtel,4G,5,Satisfactory,12.99967982,77.64194974,Karnataka,3,2023
Indoor,Airtel,4G,1,Poor Voice Quality,12.9566399,77.48961152,Karnataka,3,2023
Indoor,Airtel,4G,5,Satisfactory,10.79931455,76.63690917,Kerala,3,2023
Indoor,Airtel,4G,5,Satisfactory,10.7994361,76.6375689,Kerala,3,2023
Indoor,Airtel,4G,5,Satisfactory,14.02772702,75.93189681,Karnataka,3,2023
Indoor,Airtel,4G,5,Satisfactory,10.79946479,76.66929873,Kerala,3,2023
Indoor,Airtel,4G,5,Satisfactory,10.76746563,76.55440288,Kerala,3,2023
Indoor,Airtel,4G,5,Satisfactory,13.07169692,77.56054208,Karnataka,3,2023
Indoor,Airtel,4G,5,Satisfactory,10.71970989,76.60214434,Kerala,3,2023
Indoor,Airtel,4G,5,Satisfactory,10.74965766,76.57921372,Kerala,3,2023
Indoor,Airtel,4G,5,Satisfactory,10.74965766,76.57921372,Kerala,3,2023
Indoor,Airtel,4G,5,Satisfactory,10.74955253,76.57935452,Kerala,3,2023
Indoor,Airtel,4G,5,Satisfactory,10.74967003,76.57935037,Kerala,3,2023
Indoor,Airtel,4G,5,Satisfactory,10.74965552,76.5794037,Kerala,3,2023
Indoor,Airtel,4G,5,Satisfactory,14.4683149,75.9193709,Karnataka,3,2023
Indoor,Airtel,4G,1,Poor Voice Quality,10.69025181,76.42142686,Kerala,3,2023
Indoor,Airtel,4G,5,Satisfactory,10.69022375,76.42131573,Kerala,3,2023
Indoor,Airtel,4G,5,Satisfactory,10.69029956,76.42145548,Kerala,3,2023
Indoor,Airtel,4G,5,Satisfactory,10.61162143,76.7284986,Kerala,3,2023
Indoor,Airtel,4G,5,Satisfactory,10.59544545,76.66686274,Kerala,3,2023
Indoor,Airtel,4G,5,Satisfactory,10.59572676,76.6672211,Kerala,3,2023
Indoor,Airtel,4G,5,Satisfactory,10.6721624,76.6150627,Kerala,3,2023
Indoor,Airtel,4G,5,Satisfactory,10.66084304,76.58930251,Kerala,3,2023
Indoor,Airtel,4G,5,Satisfactory,13.07265564,77.56026689,Karnataka,3,2023
Indoor,Airtel,4G,5,Satisfactory,13.072599,77.560208,Karnataka,3,2023
Indoor,Airtel,4G,5,Satisfactory,10.64015744,76.60400479,Kerala,3,2023
Indoor,Airtel,4G,5,Satisfactory,10.74964759,76.579248,Kerala,3,2023
Indoor,Airtel,4G,5,Satisfactory,12.9566026,77.4896319,Karnataka,3,2023
Indoor,Airtel,4G,5,Satisfactory,12.9565972,77.4895625,Karnataka,3,2023
Indoor,Airtel,4G,5,Satisfactory,12.9566044,77.4896305,Karnataka,3,2023
Indoor,Airtel,4G,1,Poor Voice Quality,18.4520625,73.8514047,Maharashtra,6,2022
Indoor,Airtel,4G,4,Satisfactory,13.9367535,75.54821136,Karnataka,6,2022
Indoor,Airtel,4G,1,Poor Voice Quality,9.505641667,77.62971833,Tamil Nadu,6,2022
Indoor,Airtel,4G,1,Call Dropped,18.74925167,73.429365,Maharashtra,6,2022
Indoor,Airtel,4G,5,Satisfactory,25.0973506,84.1222386,Bihar,6,2022
Indoor,Airtel,4G,5,Satisfactory,25.16191167,86.8309,Bihar,6,2022
Indoor,Airtel,4G,5,Satisfactory,13.0029762,77.7117389,Karnataka,6,2022
Indoor,Airtel,4G,5,Satisfactory,13.00337676,77.70909522,Karnataka,6,2022
Indoor,Airtel,4G,5,Satisfactory,13.0029085,77.7117437,Karnataka,6,2022
Indoor,Airtel,4G,5,Satisfactory,12.94981726,77.69919579,Karnataka,6,2022
Indoor,Airtel,4G,5,Satisfactory,12.93710058,77.69526818,Karnataka,6,2022
Indoor,Airtel,4G,5,Satisfactory,12.9357724,77.6945261,Karnataka,6,2022
Indoor,Airtel,4G,5,Satisfactory,12.9360554,77.6946707,Karnataka,6,2022
Indoor,Airtel,4G,5,Satisfactory,12.95109122,77.69981841,Karnataka,6,2022
Indoor,Airtel,4G,1,Call Dropped,21.137207,72.77734117,Gujarat,6,2022
Indoor,Airtel,4G,5,Satisfactory,13.04268012,77.58980022,Karnataka,9,2022
Indoor,Airtel,4G,5,Satisfactory,12.93584916,77.69550934,Karnataka,9,2022
Indoor,Airtel,4G,5,Satisfactory,13.0725704,77.5602186,Karnataka,9,2022
Indoor,Airtel,4G,3,Satisfactory,30.18949825,78.13369161,Uttarakhand,9,2022
Indoor,Airtel,4G,5,Satisfactory,13.0725557,77.5601945,Karnataka,9,2022
Indoor,Airtel,4G,3,Satisfactory,30.1156187,78.2817705,Uttarakhand,9,2022
Indoor,Airtel,4G,5,Satisfactory,13.0725563,77.5601977,Karnataka,9,2022
Indoor,Airtel,4G,3,Satisfactory,30.11597549,78.28117077,Uttarakhand,9,2022
Indoor,Airtel,4G,5,Satisfactory,13.0726079,77.560282,Karnataka,9,2022
Indoor,Airtel,4G,3,Satisfactory,30.11597549,78.28117077,Uttarakhand,9,2022
Indoor,Airtel,4G,5,Satisfactory,13.04341677,77.55979476,Karnataka,9,2022
Indoor,Airtel,4G,3,Satisfactory,30.1154714,78.2817226,Uttarakhand,9,2022
Indoor,Airtel,4G,3,Satisfactory,30.1154714,78.2817226,Uttarakhand,9,2022
Indoor,Airtel,4G,3,Satisfactory,30.11597549,78.28117077,Uttarakhand,9,2022
Indoor,Airtel,4G,3,Satisfactory,30.11597549,78.28117077,Uttarakhand,9,2022
Indoor,Airtel,4G,5,Satisfactory,13.00019192,77.67593316,Karnataka,9,2022
Indoor,Airtel,4G,5,Satisfactory,13.0725838,77.5601928,Karnataka,9,2022
Indoor,Airtel,4G,5,Satisfactory,13.07311733,77.56689944,Karnataka,9,2022
Indoor,Airtel,4G,5,Satisfactory,12.9361421,77.69461,Karnataka,9,2022
Indoor,Airtel,4G,5,Satisfactory,12.9356747,77.694553,Karnataka,9,2022
Indoor,Airtel,4G,5,Satisfactory,12.9356802,77.6944724,Karnataka,9,2022
Indoor,Airtel,4G,3,Satisfactory,30.11597549,78.28117077,Uttarakhand,9,2022
Indoor,Airtel,4G,5,Satisfactory,13.0726223,77.5601995,Karnataka,9,2022
Indoor,Airtel,4G,5,Satisfactory,12.9361401,77.6946341,Karnataka,9,2022
Indoor,Airtel,4G,3,Satisfactory,30.10184399,78.28895537,Uttarakhand,2,2023
Indoor,Airtel,4G,5,Satisfactory,13.0687571,77.5605338,Karnataka,2,2023
Indoor,Airtel,4G,5,Satisfactory,13.07254376,77.56026897,Karnataka,2,2023
Indoor,Airtel,4G,5,Satisfactory,12.97711238,77.62702245,Karnataka,2,2023
Indoor,Airtel,4G,5,Satisfactory,13.07786353,77.50292934,Karnataka,2,2023
Indoor,Airtel,4G,5,Satisfactory,13.0726041,77.5601961,Karnataka,2,2023
Indoor,Airtel,4G,5,Satisfactory,13.0726088,77.5601842,Karnataka,2,2023
Indoor,Airtel,4G,5,Satisfactory,13.0726126,77.5601949,Karnataka,2,2023
Indoor,Airtel,4G,5,Satisfactory,13.07044995,77.56005424,Karnataka,2,2023
Indoor,Airtel,4G,5,Satisfactory,12.9861674,77.7334096,Karnataka,2,2023
Indoor,Airtel,4G,5,Satisfactory,13.9435092,75.5840396,Karnataka,2,2023
Indoor,Airtel,4G,5,Satisfactory,13.07304281,77.56059175,Karnataka,2,2023
Indoor,Airtel,4G,5,Satisfactory,13.07173268,77.55927546,Karnataka,2,2023
Indoor,Airtel,4G,3,Satisfactory,30.10482152,78.28758545,Uttarakhand,1,2023
Indoor,Airtel,4G,3,Satisfactory,30.10482152,78.28758545,Uttarakhand,1,2023
Indoor,Airtel,4G,5,Satisfactory,13.01967982,77.65471703,Karnataka,1,2023
Indoor,Airtel,4G,3,Satisfactory,30.1043528,78.2890234,Uttarakhand,1,2023
Indoor,Airtel,4G,3,Satisfactory,30.1073243,78.2888518,Uttarakhand,1,2023
Indoor,Airtel,4G,5,Satisfactory,13.0722638,77.5600705,Karnataka,1,2023
Indoor,Airtel,4G,3,Satisfactory,30.11554,78.2818173,Uttarakhand,1,2023
Indoor,Airtel,4G,2,Poor Voice Quality,30.1047456,78.287732,Uttarakhand,1,2023
Indoor,Airtel,4G,1,Call Dropped,13.06845145,77.55983677,Karnataka,1,2023
Indoor,Airtel,4G,1,Call Dropped,13.0726104,77.5601846,Karnataka,1,2023
Indoor,Airtel,4G,1,Call Dropped,13.0726104,77.5601846,Karnataka,1,2023
Indoor,Airtel,4G,5,Satisfactory,13.05591051,77.55822927,Karnataka,1,2023
Indoor,Airtel,4G,3,Satisfactory,30.10465906,78.28754201,Uttarakhand,1,2023
Indoor,Airtel,4G,3,Satisfactory,30.28993472,78.08145174,Uttarakhand,1,2023
Indoor,Airtel,4G,3,Satisfactory,30.28993472,78.08145174,Uttarakhand,1,2023
Indoor,Airtel,4G,5,Satisfactory,13.93577304,75.57146087,Karnataka,1,2023
Indoor,Airtel,4G,1,Poor Voice Quality,30.10566842,78.2975683,Uttarakhand,1,2023
Indoor,Airtel,4G,3,Satisfactory,30.10566842,78.2975683,Uttarakhand,1,2023
Indoor,Airtel,4G,1,Call Dropped,19.2206363,72.8428607,Maharashtra,5,2023
Indoor,Airtel,4G,1,Poor Voice Quality,12.9020413,77.6960708,Karnataka,4,2023
Indoor,Airtel,4G,5,Satisfactory,12.9360085,77.6945616,Karnataka,10,2022
Indoor,Airtel,4G,5,Satisfactory,14.02802398,75.93189498,Karnataka,10,2022
Indoor,Airtel,4G,3,Satisfactory,30.10484772,78.28763594,Uttarakhand,10,2022
Indoor,Airtel,4G,3,Satisfactory,30.10484772,78.28763594,Uttarakhand,10,2022
Indoor,Airtel,4G,5,Satisfactory,12.9358689,77.6946068,Karnataka,10,2022
Indoor,Airtel,4G,5,Satisfactory,13.06852903,77.55967178,Karnataka,10,2022
Indoor,Airtel,4G,2,Poor Voice Quality,30.28993472,78.08145174,Uttarakhand,10,2022
Indoor,Airtel,4G,5,Satisfactory,13.93559672,75.57151221,Karnataka,10,2022
Indoor,Airtel,4G,5,Satisfactory,13.93696074,75.5484738,Karnataka,10,2022
Indoor,Airtel,4G,5,Satisfactory,30.67893667,76.74691667,Punjab,9,2024
Indoor,Airtel,4G,3,Poor Voice Quality,12.88341366,77.64115049,Karnataka,9,2024
Indoor,Airtel,4G,2,Poor Voice Quality,12.8834929,77.6410388,Karnataka,9,2024
Indoor,Airtel,4G,3,Poor Voice Quality,25.6074908,85.1130857,Bihar,9,2024
Indoor,Airtel,4G,1,Poor Voice Quality,13.07156333,80.209195,Tamil Nadu,8,2024
Indoor,Airtel,4G,5,Satisfactory,25.60681667,85.11422667,Bihar,8,2024
Indoor,Airtel,4G,4,Satisfactory,9.90184,77.30091667,Tamil Nadu,4,2024
Indoor,Airtel,4G,1,Poor Voice Quality,28.5951338,77.3176496,Uttar Pradesh,5,2024
Indoor,Airtel,4G,1,Poor Voice Quality,28.5951338,77.3176496,Uttar Pradesh,5,2024
Indoor,Airtel,4G,5,Satisfactory,12.96432667,77.50253,Karnataka,5,2024
Indoor,Airtel,4G,5,Satisfactory,8.425267077,77.11684996,Kerala,2,2024
Indoor,Airtel,4G,5,Satisfactory,12.9565738,77.48969,Karnataka,2,2024
Indoor,Airtel,4G,5,Satisfactory,12.9565816,77.4896849,Karnataka,2,2024
Indoor,Airtel,4G,5,Satisfactory,25.60501833,85.116255,Bihar,9,2024
Indoor,Airtel,4G,5,Satisfactory,12.9360165,77.6944833,Karnataka,7,2022
Indoor,Airtel,4G,5,Satisfactory,12.96657416,77.70299477,Karnataka,7,2022
Indoor,Airtel,4G,5,Satisfactory,19.22233167,72.96104167,Maharashtra,7,2022
Indoor,Airtel,4G,5,Satisfactory,12.96297986,77.4749957,Karnataka,7,2022
Indoor,Airtel,4G,5,Satisfactory,12.9361714,77.694634,Karnataka,7,2022
Indoor,Airtel,4G,1,Poor Voice Quality,28.93407845,77.45173036,Uttar Pradesh,7,2022
Indoor,Airtel,4G,1,Poor Voice Quality,28.93405502,77.45165431,Uttar Pradesh,7,2022
Indoor,Airtel,4G,5,Satisfactory,13.0029864,77.7117373,Karnataka,7,2022
Indoor,Airtel,4G,5,Satisfactory,13.0029684,77.7117239,Karnataka,7,2022
Indoor,Airtel,4G,5,Satisfactory,13.002731,77.7126094,Karnataka,7,2022
Indoor,Airtel,4G,1,Poor Voice Quality,21.137264,72.7773975,Gujarat,7,2022
Indoor,Airtel,4G,5,Satisfactory,12.97102399,77.70726636,Karnataka,7,2022
Indoor,Airtel,4G,5,Satisfactory,13.0030206,77.7117453,Karnataka,7,2022
Indoor,Airtel,4G,5,Satisfactory,13.00280374,77.71202024,Karnataka,7,2022
Indoor,Airtel,4G,5,Satisfactory,12.27268556,76.67077246,Karnataka,7,2022
Indoor,Airtel,4G,5,Satisfactory,12.28002331,76.64932602,Karnataka,7,2022
Indoor,Airtel,4G,5,Satisfactory,12.28009791,76.64931202,Karnataka,7,2022
Indoor,Airtel,4G,5,Satisfactory,12.9360249,77.6945732,Karnataka,7,2022
Indoor,Airtel,4G,5,Satisfactory,13.0029985,77.7117131,Karnataka,7,2022
Indoor,Airtel,4G,5,Satisfactory,13.00291557,77.71186794,Karnataka,7,2022
Indoor,Airtel,4G,5,Satisfactory,13.00279784,77.71182652,Karnataka,7,2022
Indoor,Airtel,4G,5,Satisfactory,12.9360806,77.6946057,Karnataka,7,2022
Indoor,Airtel,4G,5,Satisfactory,22.99476467,72.53720505,Gujarat,7,2022
Indoor,Airtel,4G,4,Satisfactory,22.99479358,72.53708761,Gujarat,7,2022
Indoor,Airtel,4G,5,Satisfactory,13.07384835,77.56123007,Karnataka,7,2022
Indoor,Airtel,4G,5,Satisfactory,12.9459037,77.5426408,Karnataka,6,2023
Indoor,Airtel,4G,5,Satisfactory,22.76448263,75.89114711,Madhya Pradesh,7,2023
Indoor,Airtel,4G,5,Satisfactory,21.15390667,79.56691833,Maharashtra,7,2023
Indoor,Airtel,4G,5,Satisfactory,12.95662053,77.48956202,Karnataka,7,2023
Indoor,Airtel,4G,3,Satisfactory,30.34355232,78.04467312,Uttarakhand,12,2023
Indoor,Airtel,4G,1,Poor Voice Quality,17.3664648,78.3854369,Telangana,12,2023
Indoor,Airtel,4G,3,Satisfactory,30.11553956,78.28203693,Uttarakhand,12,2023
Indoor,Airtel,4G,1,Poor Voice Quality,12.9806368,77.5632723,Karnataka,12,2023
Indoor,Airtel,4G,3,Satisfactory,30.11555576,78.28175641,Uttarakhand,12,2023
Indoor,Airtel,4G,3,Satisfactory,30.10484995,78.28764106,Uttarakhand,12,2023
Indoor,Airtel,4G,3,Satisfactory,30.1048503,78.2876407,Uttarakhand,12,2023
Indoor,Airtel,4G,3,Satisfactory,30.10457737,78.28756592,Uttarakhand,12,2023
Indoor,Airtel,4G,3,Satisfactory,30.1155271,78.2817724,Uttarakhand,9,2023
Indoor,Airtel,4G,3,Satisfactory,30.1067372,78.2890692,Uttarakhand,9,2023
Indoor,Airtel,4G,3,Satisfactory,30.1108423,78.2950386,Uttarakhand,9,2023
Indoor,Airtel,4G,3,Satisfactory,30.1108486,78.2950641,Uttarakhand,9,2023
Indoor,Airtel,4G,3,Satisfactory,30.1024611,78.28884583,Uttarakhand,11,2023
Indoor,Airtel,4G,1,Poor Voice Quality,30.10489412,78.28764122,Uttarakhand,11,2023
Indoor,Airtel,4G,3,Satisfactory,30.11225225,78.29573113,Uttarakhand,11,2023
Indoor,Airtel,4G,1,Poor Voice Quality,25.6078212,85.1140537,Bihar,8,2023
Indoor,Airtel,4G,5,Satisfactory,12.95667226,77.48969608,Karnataka,8,2023
Indoor,Airtel,4G,3,Satisfactory,30.1108496,78.2950548,Uttarakhand,10,2023
Indoor,Airtel,4G,3,Satisfactory,30.10715106,78.28908614,Uttarakhand,10,2023
Indoor,Airtel,4G,3,Satisfactory,30.1047029,78.2869433,Uttarakhand,10,2023
Indoor,Airtel,4G,3,Satisfactory,30.1047029,78.2869433,Uttarakhand,10,2023
Indoor,Airtel,4G,1,Poor Voice Quality,30.1048104,78.2876031,Uttarakhand,10,2023
Indoor,Airtel,4G,3,Satisfactory,30.1048079,78.2875952,Uttarakhand,10,2023
Indoor,Airtel,4G,5,Satisfactory,13.07242334,77.56013678,Karnataka,10,2022
Indoor,Airtel,4G,5,Satisfactory,13.06854268,77.55997109,Karnataka,10,2022
Indoor,Airtel,4G,4,Satisfactory,19.22987208,72.84131332,Maharashtra,10,2022
Indoor,Airtel,4G,5,Satisfactory,12.93675811,77.69406609,Karnataka,10,2022
Indoor,Airtel,4G,3,Satisfactory,30.11538936,78.28190716,Uttarakhand,10,2022
Indoor,Airtel,4G,5,Satisfactory,12.9779239,77.69576763,Karnataka,10,2022
Indoor,Airtel,4G,5,Satisfactory,12.9359813,77.6946751,Karnataka,10,2022
Indoor,Airtel,4G,5,Satisfactory,12.9358947,77.694598,Karnataka,10,2022
Indoor,Airtel,4G,5,Satisfactory,13.04705477,77.570274,Karnataka,10,2022
Indoor,Airtel,4G,3,Satisfactory,30.1155394,78.2817606,Uttarakhand,10,2022
Indoor,Airtel,4G,5,Satisfactory,13.02154726,77.64989703,Karnataka,10,2022
Indoor,Airtel,4G,5,Satisfactory,13.07238788,77.56014074,Karnataka,10,2022
Indoor,Airtel,4G,5,Satisfactory,13.06131345,77.55897769,Karnataka,10,2022
Indoor,Airtel,4G,5,Satisfactory,13.05727868,77.55881463,Karnataka,10,2022
Indoor,Airtel,4G,5,Satisfactory,13.9376105,75.56255904,Karnataka,10,2022
Indoor,Airtel,4G,5,Satisfactory,14.0251972,75.9285256,Karnataka,10,2022
Indoor,Airtel,4G,3,Satisfactory,30.11595788,78.28113031,Uttarakhand,10,2022
Indoor,Airtel,4G,5,Satisfactory,13.05730233,77.55873225,Karnataka,10,2022
Indoor,Airtel,4G,5,Satisfactory,12.9359239,77.6946384,Karnataka,10,2022
Indoor,Airtel,4G,1,Poor Voice Quality,30.10480557,78.28763822,Uttarakhand,10,2022
Indoor,Airtel,4G,5,Satisfactory,13.09413273,77.59511039,Karnataka,10,2022
Indoor,Airtel,4G,5,Satisfactory,13.04633444,77.55679041,Karnataka,10,2022
Indoor,Airtel,4G,5,Satisfactory,14.0277281,75.93181802,Karnataka,10,2022
Indoor,Airtel,4G,3,Satisfactory,30.10482152,78.28758545,Uttarakhand,10,2022
Indoor,Airtel,4G,5,Satisfactory,13.06852712,77.5598932,Karnataka,10,2022
Indoor,Airtel,4G,3,Satisfactory,30.11559563,78.28177975,Uttarakhand,10,2022
Indoor,Airtel,4G,5,Satisfactory,13.072605,77.5601906,Karnataka,10,2022
Indoor,Airtel,4G,5,Satisfactory,13.07256148,77.56004498,Karnataka,10,2022
Indoor,Airtel,4G,5,Satisfactory,13.0722638,77.5600705,Karnataka,10,2022
Indoor,Airtel,4G,1,Call Dropped,13.06845145,77.55983677,Karnataka,10,2022
Indoor,Airtel,4G,3,Satisfactory,30.1048118,78.2876647,Uttarakhand,10,2022
Indoor,Airtel,4G,1,Call Dropped,27.4389809,78.0359069,Uttar Pradesh,10,2024
Indoor,Airtel,4G,5,Satisfactory,25.6047164,85.116022,Bihar,10,2024
Indoor,Airtel,4G,1,Call Dropped,27.4389948,78.0359692,Uttar Pradesh,10,2024
Indoor,Airtel,4G,1,Call Dropped,19.08297832,72.90482278,Maharashtra,10,2024
Indoor,Airtel,4G,2,Poor Voice Quality,27.17766075,82.9304659,Uttar Pradesh,10,2024
Indoor,Airtel,4G,1,Poor Voice Quality,21.16920952,81.33831639,Chhattisgarh,10,2024
Indoor,Airtel,4G,4,Satisfactory,9.87963769,78.11330485,Tamil Nadu,10,2024
Indoor,Airtel,4G,1,Poor Voice Quality,14.85349,74.11783333333332,Karnataka,1,2025
Indoor,Airtel,4G,2,Call Dropped,30.9262126,74.6194625,Punjab,1,2025
Indoor,Airtel,4G,2,Call Dropped,30.9262126,74.6194625,Punjab,1,2025
Indoor,Airtel,4G,4,Satisfactory,19.22233738,72.99136203,Maharashtra,12,2024
Indoor,Airtel,4G,5,Satisfactory,28.6516875,77.4042809,Uttar Pradesh,12,2024
Indoor,Airtel,4G,4,Satisfactory,27.18568478,88.50264607,Sikkim,12,2024
Indoor,Airtel,4G,1,Call Dropped,25.4660945,81.8481593,Uttar Pradesh,12,2024
Indoor,Airtel,4G,5,Satisfactory,25.87504167,85.42493167,Bihar,11,2024
Indoor,Airtel,4G,5,Satisfactory,22.03285333333333,88.41868000000001,West Bengal,2,2025
Indoor,Airtel,4G,2,Poor Voice Quality,28.59110118333333,77.23982318333333,Delhi,2,2025
Indoor,Airtel,4G,5,Satisfactory,25.95208765938878,80.15881100669503,Uttar Pradesh,2,2025
Indoor,Airtel,4G,1,Poor Voice Quality,26.273331666666664,72.99057333333333,Rajasthan,2,2025
Indoor,Airtel,4G,1,Poor Voice Quality,15.0461127,77.815821,Andhra Pradesh,1,2025
Indoor,Airtel,4G,3,Call Dropped,26.47601871751249,84.83205445110798,Bihar,1,2025
Indoor,Airtel,4G,2,Poor Voice Quality,30.1039694,75.8869357,Punjab,1,2025
Indoor,Airtel,4G,1,Call Dropped,23.5748313,88.6415332,West Bengal,1,2025
Indoor,Airtel,4G,1,Poor Voice Quality,23.1990879,77.43626824,Madhya Pradesh,1,2025
Indoor,Airtel,4G,4,Satisfactory,23.2166799,77.42914339,Madhya Pradesh,1,2025
Indoor,Airtel,4G,2,Call Dropped,27.1789877,77.9901507,Uttar Pradesh,1,2025
Indoor,Airtel,4G,2,Poor Voice Quality,31.608377345837653,75.31976697966456,Punjab,1,2025
Indoor,Airtel,4G,4,Satisfactory,30.467161666666662,74.87637333333333,Punjab,1,2025
Indoor,Airtel,4G,1,Poor Voice Quality,22.7558207,72.3246381,Gujarat,2,2025
Indoor,Airtel,4G,4,Satisfactory,28.5722427,77.1780567,Delhi,2,2025
Indoor,Airtel,4G,5,Satisfactory,22.021428333333333,88.41806833333334,West Bengal,2,2025
Indoor,Airtel,4G,2,Poor Voice Quality,29.179286666666663,78.13550833333333,Uttar Pradesh,2,2025
Indoor,Airtel,4G,2,Call Dropped,30.37966489,74.63376666,Punjab,1,2025
Indoor,Airtel,4G,4,Satisfactory,26.4770525,80.2902937,Uttar Pradesh,1,2025
Indoor,Airtel,4G,1,Call Dropped,26.47379830945283,84.83244387432933,Bihar,1,2025
Indoor,Airtel,4G,1,Poor Voice Quality,25.58965,86.87898500000001,Bihar,1,2025
Indoor,Airtel,4G,1,Poor Voice Quality,29.7829103,77.2418707,Uttar Pradesh,1,2025
Indoor,Airtel,4G,1,Poor Voice Quality,19.400055,72.84036166666667,Maharashtra,1,2025
Indoor,Airtel,4G,5,Satisfactory,24.1275206,76.3172216,Madhya Pradesh,1,2025
Indoor,Airtel,4G,1,Poor Voice Quality,12.881664438173177,77.63877296,Karnataka,1,2025
Indoor,Airtel,4G,5,Satisfactory,18.5464086,77.5791388,Maharashtra,1,2025
Indoor,Airtel,4G,5,Satisfactory,18.5464086,77.5791388,Maharashtra,1,2025
Indoor,Airtel,4G,1,Poor Voice Quality,30.43522266671061,76.39119993,Punjab,1,2025
Indoor,Airtel,4G,1,Call Dropped,23.19311209,77.44933976,Madhya Pradesh,1,2025
Indoor,Airtel,4G,1,Call Dropped,23.19311209,77.44933976,Madhya Pradesh,1,2025
Indoor,Airtel,4G,1,Call Dropped,23.19311209,77.44933976,Madhya Pradesh,1,2025
Indoor,Airtel,4G,1,Call Dropped,23.19311209,77.44933976,Madhya Pradesh,1,2025
Indoor,Airtel,4G,1,Call Dropped,23.19311209,77.44933976,Madhya Pradesh,1,2025
Indoor,Airtel,4G,3,Satisfactory,26.446004463359717,73.63175754,Rajasthan,1,2025
Indoor,Airtel,4G,1,Poor Voice Quality,25.78836086,80.13704727,Uttar Pradesh,1,2025
Indoor,Airtel,4G,1,Poor Voice Quality,23.11018166666667,70.02922333333332,Gujarat,1,2025
Indoor,Airtel,4G,5,Satisfactory,30.10710803791881,78.29544109292328,Uttarakhand,1,2025
Indoor,Airtel,4G,4,Satisfactory,26.75681283333333,88.44777613333332,West Bengal,1,2025
Indoor,Airtel,4G,1,Call Dropped,26.465993333333337,86.500905,Bihar,1,2025
Indoor,Airtel,4G,2,Poor Voice Quality,27.23709666666667,74.13179333333332,Rajasthan,2,2025
Indoor,Airtel,4G,1,Poor Voice Quality,12.88353855,77.64100631698966,Karnataka,2,2025
Indoor,Airtel,4G,1,Poor Voice Quality,30.91337333333333,74.97894166666667,Punjab,1,2025
Indoor,Airtel,4G,2,Poor Voice Quality,30.921168333333338,74.97795333333333,Punjab,1,2025
Indoor,Airtel,4G,5,Satisfactory,22.021595,88.41805333333332,West Bengal,1,2025
Indoor,Airtel,4G,5,Satisfactory,12.8835311,77.6408729,Karnataka,1,2025
Indoor,Airtel,4G,5,Satisfactory,28.67012333333333,77.10915666666666,Delhi,1,2025
Indoor,Airtel,4G,5,Satisfactory,30.960743333333333,74.60844166666668,Punjab,2,2025
Indoor,Airtel,4G,3,Satisfactory,25.99926512,84.69036398,Bihar,2,2025
Indoor,Airtel,4G,1,Poor Voice Quality,31.4803161,76.05387699999999,Punjab,2,2025
Indoor,Airtel,4G,1,Poor Voice Quality,26.12487363,85.89902409,Bihar,3,2025
Indoor,Airtel,4G,2,Poor Voice Quality,28.66811038333333,77.22829236666666,Delhi,3,2025
Indoor,Airtel,4G,2,Poor Voice Quality,19.39962556054193,72.83948138924622,Maharashtra,3,2025
Indoor,Airtel,4G,2,Call Dropped,28.63711,77.14075333333334,Delhi,3,2025
Indoor,Airtel,4G,1,Poor Voice Quality,25.34156403,76.35694026,Rajasthan,3,2025
Indoor,Airtel,4G,2,Poor Voice Quality,30.7585396,75.4310131,Punjab,3,2025
Indoor,Airtel,4G,5,Satisfactory,31.060155,75.8094078,Punjab,3,2025
Indoor,Airtel,4G,1,Poor Voice Quality,22.5662847,71.8147684,Gujarat,3,2025
Indoor,Airtel,4G,4,Satisfactory,30.920956666666665,74.97852833333333,Punjab,3,2025
Indoor,Airtel,4G,2,Call Dropped,30.8151719,75.6460147,Punjab,3,2025
Indoor,Airtel,4G,4,Satisfactory,12.96212663,80.16037217,Tamil Nadu,7,2025
Indoor,Airtel,4G,1,Poor Voice Quality,30.78339333,75.984495,Punjab,7,2025
Indoor,Airtel,4G,1,Poor Voice Quality,17.91551873,76.0939048,Maharashtra,7,2025
Indoor,Airtel,4G,5,Satisfactory,28.6475333,77.2787553,Delhi,7,2025
Indoor,Airtel,4G,1,Poor Voice Quality,17.91544308,76.09386574,Maharashtra,7,2025
Indoor,Airtel,4G,1,Poor Voice Quality,25.9991027,84.690519,Bihar,7,2025
Indoor,Airtel,4G,5,Satisfactory,22.7664887,75.9031311,Madhya Pradesh,7,2025
Indoor,Airtel,4G,1,Poor Voice Quality,28.64616333,77.16633833,Delhi,7,2025
Indoor,Airtel,4G,5,Satisfactory,26.7246018,88.4381679,West Bengal,1,2021
Indoor,Airtel,4G,5,Satisfactory,25.36038794,83.00859461,Uttar Pradesh,1,2021
Indoor,Airtel,4G,4,Satisfactory,14.0280123,75.93196942,Karnataka,10,2021
Indoor,Airtel,4G,4,Satisfactory,16.88403247,79.69174988,Telangana,10,2021
Indoor,Airtel,4G,4,Satisfactory,13.9368102,75.5480891,Karnataka,10,2021
Indoor,Airtel,4G,4,Satisfactory,13.9368051,75.5480889,Karnataka,10,2021
Indoor,Airtel,4G,1,Call Dropped,28.56519488,77.05969929,Delhi,10,2021
Indoor,Airtel,4G,1,Call Dropped,28.56519488,77.05969929,Delhi,10,2021
Indoor,Airtel,4G,4,Satisfactory,13.9368262,75.5483278,Karnataka,10,2021
Indoor,Airtel,4G,5,Satisfactory,28.56519488,77.05969929,Delhi,10,2021
Indoor,Airtel,4G,5,Satisfactory,28.56519488,77.05969929,Delhi,10,2021
Indoor,Airtel,4G,5,Satisfactory,28.6406544,77.2292589,Delhi,1,2021
Indoor,Airtel,4G,4,Satisfactory,22.80135075,86.18228843,Jharkhand,1,2021
Indoor,Airtel,4G,1,Call Dropped,23.2755024,72.13497109,Gujarat,1,2021
Indoor,Airtel,4G,1,Poor Voice Quality,12.2981044,76.6970326,Karnataka,1,2021
Indoor,Airtel,4G,5,Satisfactory,23.10188667,72.60477167,Gujarat,1,2021
Indoor,Airtel,4G,5,Satisfactory,10.12310907,76.35674675,Kerala,1,2021
Indoor,Airtel,4G,5,Satisfactory,9.9403728,76.3177541,Kerala,1,2021
Indoor,Airtel,4G,4,Satisfactory,16.88408513,79.69196241,Telangana,1,2021
Indoor,Airtel,4G,2,Poor Voice Quality,22.65761779,75.90465194,Madhya Pradesh,1,2021
Indoor,Airtel,4G,5,Satisfactory,26.86383634,81.00867092,Uttar Pradesh,1,2021
Indoor,Airtel,4G,2,Call Dropped,28.5274545,77.2553035,Delhi,1,2021
Indoor,Airtel,4G,3,Satisfactory,24.089245,88.25531,West Bengal,1,2021
Indoor,Airtel,4G,5,Satisfactory,26.7246268,88.438186,West Bengal,1,2021
Indoor,Airtel,4G,4,Satisfactory,16.88403034,79.69179501,Telangana,1,2021
Indoor,Airtel,4G,4,Satisfactory,12.97585124,77.71077725,Karnataka,1,2021
Indoor,Airtel,4G,5,Satisfactory,9.940073253,76.3173933,Kerala,1,2021
Indoor,Airtel,4G,4,Satisfactory,12.97944611,77.70929411,Karnataka,1,2021
Indoor,Airtel,4G,5,Satisfactory,9.940073253,76.3173933,Kerala,1,2021
Indoor,Airtel,4G,5,Satisfactory,26.8600696,81.0197744,Uttar Pradesh,1,2021
Indoor,Airtel,4G,3,Satisfactory,24.08870333,88.25500167,West Bengal,1,2021
Indoor,Airtel,4G,5,Satisfactory,21.22370642,72.82391835,Gujarat,1,2021
Indoor,Airtel,4G,3,Satisfactory,24.08871833,88.255045,West Bengal,1,2021
Indoor,Airtel,4G,5,Satisfactory,19.46002905,72.81362602,Maharashtra,1,2021
Indoor,Airtel,4G,3,Satisfactory,12.27178501,76.63860882,Karnataka,1,2021
Indoor,Airtel,4G,4,Satisfactory,23.54263103,87.30683041,West Bengal,1,2021
Indoor,Airtel,4G,3,Satisfactory,22.78751667,86.16068167,Jharkhand,1,2021
Indoor,Airtel,4G,5,Satisfactory,31.9729776,75.42031594,Punjab,1,2021
Indoor,Airtel,4G,4,Satisfactory,22.8080534,86.18859294,Jharkhand,1,2021
Indoor,Airtel,4G,1,Call Dropped,12.2879365,76.6003198,Karnataka,1,2021
Indoor,Airtel,4G,1,Call Dropped,30.2881762,78.0198891,Uttarakhand,1,2021
Indoor,Airtel,4G,4,Satisfactory,28.56519488,77.05969929,Delhi,10,2021
Indoor,Airtel,4G,4,Satisfactory,16.88580077,79.69273222,Telangana,10,2021
Indoor,Airtel,4G,5,Satisfactory,28.56519488,77.05969929,Delhi,10,2021
Indoor,Airtel,4G,4,Satisfactory,14.02787282,75.93189102,Karnataka,10,2021
Indoor,Airtel,4G,5,Satisfactory,28.56519488,77.05969929,Delhi,10,2021
Indoor,Airtel,4G,5,Satisfactory,28.56519488,77.05969929,Delhi,10,2021
Indoor,Airtel,4G,4,Satisfactory,28.56519488,77.05969929,Delhi,10,2021
Indoor,Airtel,4G,5,Satisfactory,28.56519488,77.05969929,Delhi,10,2021
Indoor,Airtel,4G,5,Satisfactory,28.56519488,77.05969929,Delhi,10,2021
Indoor,Airtel,4G,4,Satisfactory,16.88400636,79.69190302,Telangana,10,2021
Indoor,Airtel,4G,4,Satisfactory,13.9368029,75.5481012,Karnataka,10,2021
Indoor,Airtel,4G,5,Satisfactory,12.9567191,77.4895402,Karnataka,10,2021
Indoor,Airtel,4G,1,Poor Voice Quality,22.64803667,78.38846833,Madhya Pradesh,8,2021
Indoor,Airtel,4G,1,Poor Voice Quality,22.64803667,78.38846833,Madhya Pradesh,8,2021
Indoor,Airtel,4G,4,Satisfactory,16.5274049,80.6306416,Andhra Pradesh,8,2021
Indoor,Airtel,4G,4,Satisfactory,16.5273162,80.6306769,Andhra Pradesh,8,2021
Indoor,Airtel,4G,4,Satisfactory,13.9367751,75.5481047,Karnataka,8,2021
Indoor,Airtel,4G,4,Satisfactory,13.93665215,75.54827447,Karnataka,8,2021
Indoor,Airtel,4G,1,Poor Voice Quality,22.75031333,78.35451,Madhya Pradesh,8,2021
Indoor,Airtel,4G,4,Satisfactory,13.9368214,75.5481113,Karnataka,8,2021
Indoor,Airtel,4G,4,Satisfactory,16.8840334,79.6918285,Telangana,8,2021
Indoor,Airtel,4G,1,Call Dropped,22.6458795,88.3627004,West Bengal,8,2021
Indoor,Airtel,4G,1,Poor Voice Quality,16.87069993,74.19507166,Maharashtra,8,2021
Indoor,Airtel,4G,4,Satisfactory,14.02798274,75.93204232,Karnataka,8,2021
Indoor,Airtel,4G,1,Poor Voice Quality,10.81535333,77.20996333,Tamil Nadu,8,2021
Indoor,Airtel,4G,4,Satisfactory,13.9367465,75.5481526,Karnataka,8,2021
Indoor,Airtel,4G,4,Satisfactory,13.9368663,75.5483313,Karnataka,8,2021
Indoor,Airtel,4G,4,Satisfactory,13.93700493,75.54786769,Karnataka,8,2021
Indoor,Airtel,4G,4,Satisfactory,13.9367013,75.5481505,Karnataka,8,2021
Indoor,Airtel,4G,1,Poor Voice Quality,16.71337344,74.28129731,Maharashtra,8,2021
Indoor,Airtel,4G,1,Poor Voice Quality,16.71337344,74.28129731,Maharashtra,8,2021
Indoor,Airtel,4G,4,Satisfactory,13.93685212,75.54817959,Karnataka,10,2021
Indoor,Airtel,4G,2,Poor Voice Quality,28.56092263,77.05616858,Delhi,10,2021
Indoor,Airtel,4G,1,Poor Voice Quality,22.64772333,78.38849667,Madhya Pradesh,7,2021
Indoor,Airtel,4G,1,Poor Voice Quality,19.04420472,73.06682277,Maharashtra,7,2021
Indoor,Airtel,4G,4,Satisfactory,24.7432261,87.8198184,Jharkhand,7,2021
Indoor,Airtel,4G,4,Satisfactory,16.88413167,79.69171219,Telangana,7,2021
Indoor,Airtel,4G,4,Satisfactory,13.93684882,75.54813411,Karnataka,7,2021
Indoor,Airtel,4G,4,Satisfactory,22.80218538,86.18178319,Jharkhand,7,2021
Indoor,Airtel,4G,3,Satisfactory,28.654087,77.3439516,Uttar Pradesh,7,2021
Indoor,Airtel,4G,4,Satisfactory,13.9366953,75.5481395,Karnataka,7,2021
Indoor,Airtel,4G,5,Satisfactory,11.347525,75.9019112,Kerala,7,2021
Indoor,Airtel,4G,4,Satisfactory,13.9367016,75.5481518,Karnataka,6,2021
Indoor,Airtel,4G,2,Poor Voice Quality,28.57473255,77.08247484,Delhi,6,2021
Indoor,Airtel,4G,1,Poor Voice Quality,22.64789667,78.38714,Madhya Pradesh,9,2021
Indoor,Airtel,4G,1,Poor Voice Quality,28.5388651,77.2745862,Delhi,9,2021
Indoor,Airtel,4G,4,Satisfactory,13.9368028,75.5481076,Karnataka,9,2021
Indoor,Airtel,4G,1,Poor Voice Quality,18.45210732,73.84394795,Maharashtra,5,2021
Indoor,Airtel,4G,5,Satisfactory,18.30669218,83.56580922,Andhra Pradesh,5,2021
Indoor,Airtel,4G,1,Poor Voice Quality,18.3069316,83.5657846,Andhra Pradesh,5,2021
Indoor,Airtel,4G,4,Satisfactory,16.88399319,79.69178848,Telangana,5,2021
Indoor,Airtel,4G,4,Satisfactory,22.80827925,86.18859646,Jharkhand,5,2021
Indoor,Airtel,4G,4,Satisfactory,13.93671548,75.54821855,Karnataka,5,2021
Indoor,Airtel,4G,1,Call Dropped,17.80005765,79.98138515,Telangana,5,2021
Indoor,Airtel,4G,3,Satisfactory,16.8797938,79.689506,Telangana,5,2021
Indoor,Airtel,4G,5,Satisfactory,16.9859409,82.2501197,Andhra Pradesh,5,2021
Indoor,Airtel,4G,5,Satisfactory,16.9859409,82.2501197,Andhra Pradesh,5,2021
Indoor,Airtel,4G,5,Satisfactory,16.9859415,82.2501195,Andhra Pradesh,5,2021
Indoor,Airtel,4G,5,Satisfactory,28.5562619,77.17777556,Delhi,5,2021
Indoor,Airtel,4G,4,Satisfactory,10.30296695,76.22303043,Kerala,5,2021
Indoor,Airtel,4G,2,Call Dropped,26.33555214,73.03489913,Rajasthan,5,2021
Indoor,Airtel,4G,3,Satisfactory,16.97315879,82.26627828,Andhra Pradesh,5,2021
Indoor,Airtel,4G,4,Satisfactory,16.97315879,82.26627828,Andhra Pradesh,5,2021
Indoor,Airtel,4G,4,Satisfactory,16.9859462,82.2501175,Andhra Pradesh,5,2021
Indoor,Airtel,4G,3,Satisfactory,16.9770357,82.2635918,Andhra Pradesh,5,2021
Indoor,Airtel,4G,3,Satisfactory,16.9859501,82.2501176,Andhra Pradesh,5,2021
Indoor,Airtel,4G,4,Satisfactory,13.93663495,75.54812614,Karnataka,5,2021
Indoor,Airtel,4G,2,Poor Voice Quality,13.93673464,75.54820244,Karnataka,9,2021
Indoor,Airtel,4G,3,Poor Voice Quality,13.21299744,75.51043313,Karnataka,9,2021
Indoor,Airtel,4G,4,Satisfactory,13.93670738,75.54825083,Karnataka,9,2021
Indoor,Airtel,4G,4,Satisfactory,13.9367971,75.5481212,Karnataka,9,2021
Indoor,Airtel,4G,1,Poor Voice Quality,13.9367604,75.548144,Karnataka,9,2021
Indoor,Airtel,4G,5,Satisfactory,10.3029821,76.2231124,Kerala,9,2021
Indoor,Airtel,4G,1,Poor Voice Quality,28.5569904,77.0540928,Delhi,9,2021
Indoor,Airtel,4G,3,Poor Voice Quality,28.5569904,77.0540928,Delhi,9,2021
Indoor,Airtel,4G,3,Poor Voice Quality,28.5569825,77.0541001,Delhi,9,2021
Indoor,Airtel,4G,4,Satisfactory,28.5617003,77.0472714,Delhi,9,2021
Indoor,Airtel,4G,5,Satisfactory,28.5569871,77.0540869,Delhi,9,2021
Indoor,Airtel,4G,4,Satisfactory,13.9368048,75.5481097,Karnataka,9,2021
Indoor,Airtel,4G,5,Satisfactory,25.10546498,76.49906438,Rajasthan,9,2021
Indoor,Airtel,4G,4,Satisfactory,10.3029567,76.223129,Kerala,9,2021
Indoor,Airtel,4G,5,Satisfactory,28.5569647,77.0540859,Delhi,9,2021
Indoor,Airtel,4G,4,Satisfactory,16.88404063,79.69175919,Telangana,9,2021
Indoor,Airtel,4G,1,Poor Voice Quality,30.48090667,76.51463833,Punjab,9,2021
Indoor,Airtel,4G,1,Call Dropped,18.3067799,83.5657937,Andhra Pradesh,9,2021
Indoor,Airtel,4G,1,Call Dropped,24.50198833,86.69460667,Jharkhand,9,2021
Indoor,Airtel,4G,4,Satisfactory,16.88412441,79.69174471,Telangana,9,2021
Indoor,Airtel,4G,4,Satisfactory,16.88412441,79.69174471,Telangana,9,2021
Indoor,Airtel,4G,4,Satisfactory,16.8877366,79.6921293,Telangana,6,2021
Indoor,Airtel,4G,4,Satisfactory,16.86839455,79.56124224,Telangana,6,2021
Indoor,Airtel,4G,4,Satisfactory,16.88416657,79.6917963,Telangana,6,2021
Indoor,Airtel,4G,5,Satisfactory,10.30293054,76.22315943,Kerala,6,2021
Indoor,Airtel,4G,1,Poor Voice Quality,22.64777667,78.38805667,Madhya Pradesh,6,2021
Indoor,Airtel,4G,5,Satisfactory,10.30299536,76.22311651,Kerala,6,2021
Indoor,Airtel,4G,1,Poor Voice Quality,10.6614782,76.7543924,Kerala,6,2021
Indoor,Airtel,4G,4,Satisfactory,16.88426057,79.69192886,Telangana,6,2021
Indoor,Airtel,4G,4,Satisfactory,13.9366988,75.548141,Karnataka,6,2021
Indoor,Airtel,4G,1,Call Dropped,25.67644913,85.91185207,Bihar,6,2021
Indoor,Airtel,4G,5,Satisfactory,10.30295491,76.22317672,Kerala,6,2021
Indoor,Airtel,4G,4,Satisfactory,24.7528187,87.8164395,West Bengal,6,2021
Indoor,Airtel,4G,4,Satisfactory,24.7528187,87.8164395,West Bengal,6,2021
Indoor,Airtel,4G,1,Call Dropped,18.4520401,73.8514741,Maharashtra,6,2021
Indoor,Airtel,4G,4,Satisfactory,22.80810028,86.18862484,Jharkhand,6,2021
Indoor,Airtel,4G,1,Poor Voice Quality,26.0134974,94.524576,Nagaland,6,2021
Indoor,Airtel,4G,1,Poor Voice Quality,26.0134974,94.524576,Nagaland,6,2021
Indoor,Airtel,4G,5,Satisfactory,10.30294204,76.22316122,Kerala,6,2021
Indoor,Airtel,4G,1,Poor Voice Quality,26.013647,94.5247097,Nagaland,6,2021
Indoor,Airtel,4G,4,Satisfactory,22.8081487,86.1886961,Jharkhand,6,2021
Indoor,Airtel,4G,1,Poor Voice Quality,25.3273891,81.6169323,Uttar Pradesh,6,2021
Indoor,Airtel,4G,1,Poor Voice Quality,25.3332294,81.6157941,Uttar Pradesh,6,2021
Indoor,Airtel,4G,2,Call Dropped,16.9859444,82.250117,Andhra Pradesh,5,2021
Indoor,Airtel,4G,3,Satisfactory,18.4420633,73.8485534,Maharashtra,5,2021
Indoor,Airtel,4G,1,Poor Voice Quality,16.97854,82.2646102,Andhra Pradesh,5,2021
Indoor,Airtel,4G,1,Poor Voice Quality,18.4419927,73.8485348,Maharashtra,5,2021
Indoor,Airtel,4G,3,Satisfactory,16.9859442,82.2501173,Andhra Pradesh,5,2021
Indoor,Airtel,4G,3,Satisfactory,16.98602847,82.2501463,Andhra Pradesh,5,2021
Indoor,Airtel,4G,1,Poor Voice Quality,16.98166974,82.24920759,Andhra Pradesh,5,2021
Indoor,Airtel,4G,1,Poor Voice Quality,16.98166974,82.24920759,Andhra Pradesh,5,2021
Indoor,Airtel,4G,4,Satisfactory,13.0492945,80.2577641,Tamil Nadu,5,2021
Indoor,Airtel,4G,3,Satisfactory,16.98166974,82.24920759,Andhra Pradesh,5,2021
Indoor,Airtel,4G,3,Satisfactory,16.98166974,82.24920759,Andhra Pradesh,5,2021
Indoor,Airtel,4G,2,Poor Voice Quality,16.98166974,82.24920759,Andhra Pradesh,5,2021
Indoor,Airtel,4G,1,Poor Voice Quality,16.98166974,82.24920759,Andhra Pradesh,5,2021
Indoor,Airtel,4G,4,Satisfactory,16.8840884,79.6926022,Telangana,10,2021
Indoor,Airtel,4G,5,Satisfactory,28.5569778,77.0540823,Delhi,10,2021
Indoor,Airtel,4G,3,Poor Voice Quality,28.5569697,77.0540937,Delhi,10,2021
Indoor,Airtel,4G,5,Satisfactory,28.5569634,77.0540854,Delhi,10,2021
Indoor,Airtel,4G,5,Satisfactory,23.37947,77.76849667,Madhya Pradesh,10,2021
Indoor,Airtel,4G,4,Satisfactory,14.02792881,75.93202242,Karnataka,10,2021
Indoor,Airtel,4G,4,Satisfactory,14.0278173,75.93194038,Karnataka,10,2021
Indoor,Airtel,4G,1,Call Dropped,21.14871077,72.81513835,Gujarat,10,2021
Indoor,Airtel,4G,1,Call Dropped,21.14871077,72.81513835,Gujarat,10,2021
Indoor,Airtel,4G,1,Call Dropped,21.1657308,72.7885012,Gujarat,10,2021
Indoor,Airtel,4G,3,Poor Voice Quality,30.29910667,78.065745,Uttarakhand,8,2021
Indoor,Airtel,4G,2,Poor Voice Quality,28.6623892,77.282666,Delhi,8,2021
Indoor,Airtel,4G,1,Call Dropped,22.75711833,78.35619667,Madhya Pradesh,8,2021
Indoor,Airtel,4G,2,Poor Voice Quality,30.297485,78.06984667,Uttarakhand,8,2021
Indoor,Airtel,4G,5,Satisfactory,31.29159,77.56250333,Himachal Pradesh,8,2021
Indoor,Airtel,4G,1,Poor Voice Quality,16.87072351,74.19512433,Maharashtra,8,2021
Indoor,Airtel,4G,5,Satisfactory,10.3029609,76.22314901,Kerala,8,2021
Indoor,Airtel,4G,5,Satisfactory,11.3475362,75.9019085,Kerala,8,2021
Indoor,Airtel,4G,3,Poor Voice Quality,27.88479874,78.0549159,Uttar Pradesh,8,2021
Indoor,Airtel,4G,4,Satisfactory,13.93683561,75.5480409,Karnataka,8,2021
Indoor,Airtel,4G,1,Poor Voice Quality,26.67360371,81.46868862,Uttar Pradesh,8,2021
Indoor,Airtel,4G,4,Satisfactory,16.88411667,79.69223796,Telangana,8,2021
Indoor,Airtel,4G,4,Satisfactory,16.88405253,79.69158654,Telangana,8,2021
Indoor,Airtel,4G,4,Satisfactory,13.93675323,75.54817989,Karnataka,8,2021
Indoor,Airtel,4G,4,Satisfactory,14.02736073,75.93154909,Karnataka,9,2021
Indoor,Airtel,4G,4,Satisfactory,14.02775187,75.93199758,Karnataka,9,2021
Indoor,Airtel,4G,4,Satisfactory,13.93676614,75.54770396,Karnataka,9,2021
Indoor,Airtel,4G,4,Satisfactory,16.88409191,79.69182851,Telangana,9,2021
Indoor,Airtel,4G,5,Satisfactory,25.41696832,86.62943338,Bihar,9,2021
Indoor,Airtel,4G,4,Satisfactory,25.41696832,86.62943338,Bihar,9,2021
Indoor,Airtel,4G,4,Satisfactory,16.884037,79.6918469,Telangana,9,2021
Indoor,Airtel,4G,4,Satisfactory,16.88394556,79.69165691,Telangana,9,2021
Indoor,Airtel,4G,4,Satisfactory,13.93677212,75.54799198,Karnataka,9,2021
Indoor,Airtel,4G,4,Satisfactory,13.9368224,75.5481047,Karnataka,9,2021
Indoor,Airtel,4G,4,Satisfactory,13.93673151,75.54770193,Karnataka,6,2021
Indoor,Airtel,4G,4,Satisfactory,16.8842846,79.69188761,Telangana,6,2021
Indoor,Airtel,4G,5,Satisfactory,24.8002889,85.0122685,Bihar,6,2021
Indoor,Airtel,4G,5,Satisfactory,10.3029699,76.2231318,Kerala,6,2021
Indoor,Airtel,4G,1,Poor Voice Quality,13.9366961,75.5481551,Karnataka,6,2021
Indoor,Airtel,4G,4,Satisfactory,22.80822748,86.18858414,Jharkhand,6,2021
Indoor,Airtel,4G,1,Poor Voice Quality,18.30656226,83.56561678,Andhra Pradesh,6,2021
Indoor,Airtel,4G,4,Satisfactory,13.93680431,75.54810119,Karnataka,6,2021
Indoor,Airtel,4G,4,Satisfactory,22.80825559,86.18872803,Jharkhand,6,2021
Indoor,Airtel,4G,3,Satisfactory,16.88406329,79.69191747,Telangana,6,2021
Indoor,Airtel,4G,1,Call Dropped,20.8763941,86.7622202,Odisha,6,2021
Indoor,Airtel,4G,4,Satisfactory,13.93665889,75.54828746,Karnataka,7,2021
Indoor,Airtel,4G,4,Satisfactory,16.88390897,79.69178931,Telangana,7,2021
Indoor,Airtel,4G,4,Satisfactory,16.88390897,79.69178931,Telangana,7,2021
Indoor,Airtel,4G,1,Call Dropped,10.81944833,77.20663333,Tamil Nadu,7,2021
Indoor,Airtel,4G,4,Satisfactory,28.49312333,77.01841667,Haryana,7,2021
Indoor,Airtel,4G,2,Poor Voice Quality,18.4531661,73.850544,Maharashtra,5,2021
Indoor,Airtel,4G,1,Poor Voice Quality,18.452542,73.8516467,Maharashtra,5,2021
Indoor,Airtel,4G,2,Poor Voice Quality,18.4513983,73.8509116,Maharashtra,5,2021
Indoor,Airtel,4G,5,Satisfactory,11.34753124,75.90188298,Kerala,5,2021
Indoor,Airtel,4G,4,Satisfactory,16.88398812,79.69190958,Telangana,5,2021
Indoor,Airtel,4G,3,Satisfactory,16.9859437,82.2501186,Andhra Pradesh,5,2021
Indoor,Airtel,4G,1,Call Dropped,16.97400958,82.2663488,Andhra Pradesh,5,2021
Indoor,Airtel,4G,3,Satisfactory,16.97400958,82.2663488,Andhra Pradesh,5,2021
Indoor,Airtel,4G,1,Poor Voice Quality,16.985945,82.2501188,Andhra Pradesh,5,2021
Indoor,Airtel,4G,3,Satisfactory,16.98603381,82.25016271,Andhra Pradesh,5,2021
Indoor,Airtel,4G,4,Satisfactory,16.88405949,79.6918252,Telangana,5,2021
Indoor,Airtel,4G,4,Satisfactory,13.9366934,75.5481502,Karnataka,5,2021
Indoor,Airtel,4G,3,Satisfactory,16.9859968,82.25015626,Andhra Pradesh,5,2021
Indoor,Airtel,4G,1,Call Dropped,16.9859974,82.25019717,Andhra Pradesh,5,2021
Indoor,Airtel,4G,2,Poor Voice Quality,18.3092131,83.5674687,Andhra Pradesh,5,2021
Indoor,Airtel,4G,3,Satisfactory,16.98089933,82.25374708,Andhra Pradesh,6,2021
Indoor,Airtel,4G,3,Satisfactory,16.98089933,82.25374708,Andhra Pradesh,6,2021
Indoor,Airtel,4G,1,Poor Voice Quality,28.6629755,77.2820734,Delhi,6,2021
Indoor,Airtel,4G,2,Poor Voice Quality,16.98581521,82.2500254,Andhra Pradesh,6,2021
Indoor,Airtel,4G,5,Satisfactory,13.9367027,75.5481532,Karnataka,6,2021
Indoor,Airtel,4G,4,Satisfactory,13.93675965,75.54822871,Karnataka,6,2021
Indoor,Airtel,4G,5,Satisfactory,13.936699,75.5481446,Karnataka,7,2021
Indoor,Airtel,4G,5,Satisfactory,10.30297101,76.22313917,Kerala,7,2021
Indoor,Airtel,4G,5,Satisfactory,18.5748307,73.7694605,Maharashtra,7,2021
Indoor,Airtel,4G,5,Satisfactory,10.30297885,76.22312262,Kerala,7,2021
Indoor,Airtel,4G,5,Satisfactory,10.30303623,76.22313127,Kerala,7,2021
Indoor,Airtel,4G,1,Call Dropped,10.81835,77.206955,Tamil Nadu,7,2021
Indoor,Airtel,4G,5,Satisfactory,11.34766561,75.90191161,Kerala,7,2021
Indoor,Airtel,4G,5,Satisfactory,10.30294769,76.22313977,Kerala,7,2021
Indoor,Airtel,4G,4,Satisfactory,13.93643974,75.5464636,Karnataka,7,2021
Indoor,Airtel,4G,2,Poor Voice Quality,12.88484709,74.86625457,Karnataka,1,2021
Indoor,Airtel,4G,5,Satisfactory,26.8645061,81.0077102,Uttar Pradesh,1,2021
Indoor,Airtel,4G,4,Satisfactory,22.8081634,86.1886151,Jharkhand,1,2021
Indoor,Airtel,4G,4,Satisfactory,28.61829284,77.09383414,Delhi,1,2021
Indoor,Airtel,4G,4,Satisfactory,13.93659188,75.54813077,Karnataka,1,2021
Indoor,Airtel,4G,5,Satisfactory,28.4909017,77.07987602,Haryana,1,2021
Indoor,Airtel,4G,5,Satisfactory,28.4910371,77.0798973,Haryana,1,2021
Indoor,Airtel,4G,4,Satisfactory,24.08869167,88.25514,West Bengal,1,2021
Indoor,Airtel,4G,5,Satisfactory,26.86244227,81.01784621,Uttar Pradesh,1,2021
Indoor,Airtel,4G,4,Satisfactory,26.7245696,88.4382202,West Bengal,1,2021
Indoor,Airtel,4G,4,Satisfactory,24.08857167,88.25510833,West Bengal,1,2021
Indoor,Airtel,4G,4,Satisfactory,24.08771,88.257915,West Bengal,1,2021
Indoor,Airtel,4G,5,Satisfactory,26.86244227,81.01784621,Uttar Pradesh,1,2021
Indoor,Airtel,4G,5,Satisfactory,26.86244227,81.01784621,Uttar Pradesh,1,2021
Indoor,Airtel,4G,5,Satisfactory,12.9949672,80.26052,Tamil Nadu,1,2021
Indoor,Airtel,4G,5,Satisfactory,23.04549543,72.51555366,Gujarat,1,2021
Indoor,Airtel,4G,5,Satisfactory,23.04549543,72.51555366,Gujarat,1,2021
Indoor,Airtel,4G,5,Satisfactory,23.04538772,72.51619991,Gujarat,1,2021
Indoor,Airtel,4G,5,Satisfactory,12.9950016,80.2604789,Tamil Nadu,1,2021
Indoor,Airtel,4G,5,Satisfactory,26.10390167,80.35749833,Uttar Pradesh,1,2021
Indoor,Airtel,4G,5,Satisfactory,17.41568823,78.37084742,Telangana,1,2021
Indoor,Airtel,4G,4,Satisfactory,26.10380333,80.35742,Uttar Pradesh,1,2021
Indoor,Airtel,4G,5,Satisfactory,26.86264683,81.01793312,Uttar Pradesh,1,2021
Indoor,Airtel,4G,5,Satisfactory,13.0332577,80.2772011,Tamil Nadu,1,2021
Indoor,Airtel,4G,5,Satisfactory,13.19982672,77.56157099,Karnataka,1,2021
Indoor,Airtel,4G,5,Satisfactory,13.0332577,80.2772011,Tamil Nadu,1,2021
Indoor,Airtel,4G,1,Call Dropped,12.3223712,76.6457579,Karnataka,1,2021
Indoor,Airtel,4G,5,Satisfactory,13.09521753,77.58212824,Karnataka,1,2021
Indoor,Airtel,4G,5,Satisfactory,13.01919034,80.26768321,Tamil Nadu,1,2021
Indoor,Airtel,4G,5,Satisfactory,26.86270077,81.0180117,Uttar Pradesh,1,2021
Indoor,Airtel,4G,5,Satisfactory,28.640891,77.2290879,Delhi,1,2021
Indoor,Airtel,4G,1,Poor Voice Quality,28.640891,77.2290879,Delhi,1,2021
Indoor,Airtel,4G,1,Call Dropped,28.6408764,77.2290505,Delhi,1,2021
Indoor,Airtel,4G,1,Call Dropped,28.6407071,77.2291061,Delhi,1,2021
Indoor,Airtel,4G,5,Satisfactory,28.6408967,77.2290966,Delhi,1,2021
Indoor,Airtel,4G,1,Call Dropped,28.6408433,77.2294039,Delhi,1,2021
Indoor,Airtel,4G,5,Satisfactory,23.04400538,72.5207393,Gujarat,1,2021
Indoor,Airtel,4G,5,Satisfactory,17.4154519,78.3706836,Telangana,1,2021
Indoor,Airtel,4G,5,Satisfactory,23.07114007,72.51958707,Gujarat,1,2021
Indoor,Airtel,4G,4,Satisfactory,12.97636942,77.71227451,Karnataka,1,2021
Indoor,Airtel,4G,4,Satisfactory,13.0029714,77.7117091,Karnataka,1,2021
Indoor,Airtel,4G,5,Satisfactory,23.0456518,72.5161331,Gujarat,1,2021
Indoor,Airtel,4G,5,Satisfactory,23.0456518,72.5161331,Gujarat,1,2021
Indoor,Airtel,4G,5,Satisfactory,23.0454551,72.5159508,Gujarat,1,2021
Indoor,Airtel,4G,5,Satisfactory,23.0454551,72.5159508,Gujarat,1,2021
Indoor,Airtel,4G,5,Satisfactory,23.0454551,72.5159508,Gujarat,1,2021
Indoor,Airtel,4G,5,Satisfactory,23.0454344,72.5159513,Gujarat,1,2021
Indoor,Airtel,4G,1,Poor Voice Quality,28.5054378,77.2996366,Delhi,1,2021
Indoor,Airtel,4G,1,Call Dropped,28.3969034,77.3176496,Haryana,1,2021
Indoor,Airtel,4G,1,Call Dropped,12.29176952,76.60289353,Karnataka,1,2021
Indoor,Airtel,4G,4,Satisfactory,13.93669713,75.54820983,Karnataka,1,2021
Indoor,Airtel,4G,1,Poor Voice Quality,12.29176952,76.60289353,Karnataka,1,2021
Indoor,Airtel,4G,4,Satisfactory,26.72454167,88.43813206,West Bengal,1,2021
Indoor,Airtel,4G,5,Satisfactory,17.41803287,78.36661752,Telangana,1,2021
Indoor,Airtel,4G,3,Satisfactory,26.9527878,75.7441364,Rajasthan,1,2021
Indoor,Airtel,4G,3,Satisfactory,26.9527878,75.7441364,Rajasthan,1,2021
Indoor,Airtel,4G,3,Call Dropped,26.9527863,75.7441329,Rajasthan,1,2021
Indoor,Airtel,4G,1,Call Dropped,26.95273713,75.7441808,Rajasthan,1,2021
Indoor,Airtel,4G,1,Poor Voice Quality,26.9527839,75.7441348,Rajasthan,1,2021
Indoor,Airtel,4G,4,Satisfactory,22.80808432,86.18849736,Jharkhand,1,2021
Indoor,Airtel,4G,2,Call Dropped,22.80808432,86.18849736,Jharkhand,2,2021
Indoor,Airtel,4G,1,Poor Voice Quality,26.952788,75.7441316,Rajasthan,2,2021
Indoor,Airtel,4G,4,Satisfactory,26.72454167,88.43813206,West Bengal,2,2021
Indoor,Airtel,4G,1,Poor Voice Quality,26.9527894,75.7441349,Rajasthan,2,2021
Indoor,Airtel,4G,4,Satisfactory,22.81100838,86.2214698,Jharkhand,2,2021
Indoor,Airtel,4G,5,Satisfactory,26.86258916,81.01808476,Uttar Pradesh,1,2021
Indoor,Airtel,4G,5,Satisfactory,26.86258916,81.01808476,Uttar Pradesh,1,2021
Indoor,Airtel,4G,5,Satisfactory,13.2539354,77.55764875,Karnataka,1,2021
Indoor,Airtel,4G,5,Satisfactory,26.86258916,81.01808476,Uttar Pradesh,1,2021
Indoor,Airtel,4G,5,Satisfactory,26.86258916,81.01808476,Uttar Pradesh,1,2021
Indoor,Airtel,4G,5,Satisfactory,17.41782435,78.36887626,Telangana,1,2021
Indoor,Airtel,4G,5,Satisfactory,17.41782435,78.36887626,Telangana,1,2021
Indoor,Airtel,4G,5,Satisfactory,17.41782435,78.36887626,Telangana,1,2021
Indoor,Airtel,4G,4,Satisfactory,24.0888033,88.2552214,West Bengal,3,2021
Indoor,Airtel,4G,3,Satisfactory,12.7837489,77.6591604,Karnataka,3,2021
Indoor,Airtel,4G,5,Satisfactory,28.6408405,77.2293654,Delhi,3,2021
Indoor,Airtel,4G,4,Satisfactory,22.80812091,86.18864405,Jharkhand,3,2021
Indoor,Airtel,4G,1,Poor Voice Quality,26.9528074,75.7441254,Rajasthan,3,2021
Indoor,Airtel,4G,4,Satisfactory,22.51225667,88.30193,West Bengal,3,2021
Indoor,Airtel,4G,4,Satisfactory,22.56964,88.50963333,West Bengal,3,2021
Indoor,Airtel,4G,1,Poor Voice Quality,16.8054525,81.52976699,Andhra Pradesh,3,2021
Indoor,Airtel,4G,1,Poor Voice Quality,22.2755321,70.8122604,Gujarat,2,2021
Indoor,Airtel,4G,1,Poor Voice Quality,22.2755369,70.8122575,Gujarat,2,2021
Indoor,Airtel,4G,4,Satisfactory,26.72457288,88.43820919,West Bengal,2,2021
Indoor,Airtel,4G,5,Satisfactory,13.93653938,75.54826303,Karnataka,2,2021
Indoor,Airtel,4G,4,Satisfactory,13.93667379,75.5482379,Karnataka,2,2021
Indoor,Airtel,4G,1,Poor Voice Quality,26.9200675,75.7963745,Rajasthan,2,2021
Indoor,Airtel,4G,1,Poor Voice Quality,26.9201101,75.7964724,Rajasthan,2,2021
Indoor,Airtel,4G,1,Poor Voice Quality,26.9200213,75.7965842,Rajasthan,2,2021
Indoor,Airtel,4G,1,Poor Voice Quality,26.9202724,75.7963465,Rajasthan,2,2021
Indoor,Airtel,4G,1,Call Dropped,26.73526177,88.40684608,West Bengal,2,2021
Indoor,Airtel,4G,1,Call Dropped,26.73544772,88.40712922,West Bengal,2,2021
Indoor,Airtel,4G,4,Satisfactory,24.08880833,88.25589167,West Bengal,2,2021
Indoor,Airtel,4G,5,Satisfactory,31.605903,74.90431991,Punjab,2,2021
Indoor,Airtel,4G,1,Poor Voice Quality,26.952814,75.7441335,Rajasthan,2,2021
Indoor,Airtel,4G,1,Call Dropped,22.27152992,70.80965085,Gujarat,2,2021
Indoor,Airtel,4G,5,Satisfactory,31.6070811,74.9027908,Punjab,2,2021
Indoor,Airtel,4G,1,Poor Voice Quality,22.25678071,70.80028338,Gujarat,2,2021
Indoor,Airtel,4G,3,Poor Voice Quality,24.08868167,88.25473,West Bengal,2,2021
Indoor,Airtel,4G,4,Satisfactory,26.70782312,88.36067757,West Bengal,2,2021
Indoor,Airtel,4G,4,Satisfactory,26.70782312,88.36067757,West Bengal,2,2021
Indoor,Airtel,4G,1,Poor Voice Quality,26.91134969,75.74122529,Rajasthan,2,2021
Indoor,Airtel,4G,4,Satisfactory,24.08828167,88.25513333,West Bengal,2,2021
Indoor,Airtel,4G,1,Poor Voice Quality,22.24328232,70.75778286,Gujarat,2,2021
Indoor,Airtel,4G,5,Satisfactory,31.6062543,74.9046294,Punjab,2,2021
Indoor,Airtel,4G,4,Satisfactory,16.88402579,79.69182096,Telangana,2,2021
Indoor,Airtel,4G,4,Satisfactory,24.08853833,88.25491167,West Bengal,2,2021
Indoor,Airtel,4G,1,Call Dropped,12.9826217,77.5596366,Karnataka,2,2021
Indoor,Airtel,4G,1,Call Dropped,13.028106,77.5698286,Karnataka,2,2021
Indoor,Airtel,4G,1,Call Dropped,12.9826217,77.5596366,Karnataka,2,2021
Indoor,Airtel,4G,1,Poor Voice Quality,26.9528142,75.7441328,Rajasthan,2,2021
Indoor,Airtel,4G,1,Poor Voice Quality,28.4519613,77.05241979,Haryana,2,2021
Indoor,Airtel,4G,4,Satisfactory,24.09708167,88.252895,West Bengal,2,2021
Indoor,Airtel,4G,4,Satisfactory,16.88397431,79.69181561,Telangana,2,2021
Indoor,Airtel,4G,4,Satisfactory,10.30296544,76.22297915,Kerala,2,2021
Indoor,Airtel,4G,4,Satisfactory,12.9765481,77.7118392,Karnataka,2,2021
Indoor,Airtel,4G,4,Satisfactory,13.9367097,75.5480683,Karnataka,3,2021
Indoor,Airtel,4G,1,Poor Voice Quality,12.2970896,76.6977542,Karnataka,3,2021
Indoor,Airtel,4G,1,Call Dropped,12.2960666,76.6964222,Karnataka,3,2021
Indoor,Airtel,4G,1,Poor Voice Quality,26.91474349,75.80589987,Rajasthan,3,2021
Indoor,Airtel,4G,4,Satisfactory,22.80818037,86.18860641,Jharkhand,3,2021
Indoor,Airtel,4G,5,Satisfactory,16.5408935,81.5249896,Andhra Pradesh,3,2021
Indoor,Airtel,4G,4,Satisfactory,28.59777652,77.07603814,Delhi,4,2021
Indoor,Airtel,4G,1,Call Dropped,17.79982771,79.98094405,Telangana,4,2021
Indoor,Airtel,4G,4,Satisfactory,22.7532401,86.2095498,Jharkhand,4,2021
Indoor,Airtel,4G,3,Satisfactory,28.61443302,77.12489788,Delhi,4,2021
Indoor,Airtel,4G,4,Satisfactory,16.8686593,79.5605195,Telangana,4,2021
Indoor,Airtel,4G,3,Satisfactory,16.8687487,79.5624906,Telangana,4,2021
Indoor,Airtel,4G,4,Satisfactory,13.0029983,77.7117291,Karnataka,4,2021
Indoor,Airtel,4G,4,Satisfactory,16.88403498,79.69148336,Telangana,2,2021
Indoor,Airtel,4G,5,Satisfactory,12.71024442,77.26761276,Karnataka,2,2021
Indoor,Airtel,4G,1,Poor Voice Quality,26.95275569,75.74423356,Rajasthan,2,2021
Indoor,Airtel,4G,5,Satisfactory,17.41617797,78.37044131,Telangana,2,2021
Indoor,Airtel,4G,4,Satisfactory,22.80809732,86.1884905,Jharkhand,2,2021
Indoor,Airtel,4G,1,Poor Voice Quality,12.287925,76.6002916,Karnataka,1,2021
Indoor,Airtel,4G,1,Call Dropped,12.28794079,76.60042003,Karnataka,1,2021
Indoor,Airtel,4G,5,Satisfactory,23.06189234,72.55350154,Gujarat,1,2021
Indoor,Airtel,4G,1,Poor Voice Quality,12.28801564,76.59991066,Karnataka,1,2021
Indoor,Airtel,4G,4,Satisfactory,14.02790022,75.93199222,Karnataka,1,2021
Indoor,Airtel,4G,1,Poor Voice Quality,12.2879687,76.60020554,Karnataka,1,2021
Indoor,Airtel,4G,2,Poor Voice Quality,12.28795869,76.60027293,Karnataka,1,2021
Indoor,Airtel,4G,1,Poor Voice Quality,12.28794687,76.60013144,Karnataka,1,2021
Indoor,Airtel,4G,2,Poor Voice Quality,24.09734333,88.2528,West Bengal,1,2021
Indoor,Airtel,4G,4,Satisfactory,24.09734333,88.2528,West Bengal,1,2021
Indoor,Airtel,4G,4,Satisfactory,24.09734333,88.2528,West Bengal,1,2021
Indoor,Airtel,4G,4,Satisfactory,24.097145,88.24972667,West Bengal,1,2021
Indoor,Airtel,4G,4,Satisfactory,22.81036893,86.22102731,Jharkhand,1,2021
Indoor,Airtel,4G,4,Satisfactory,24.08859833,88.25514333,West Bengal,1,2021
Indoor,Airtel,4G,4,Satisfactory,24.08859833,88.25514333,West Bengal,1,2021
Indoor,Airtel,4G,5,Satisfactory,11.35817817,77.16089552,Tamil Nadu,1,2021
Indoor,Airtel,4G,4,Satisfactory,12.976622,77.7115346,Karnataka,1,2021
Indoor,Airtel,4G,5,Satisfactory,10.12221463,76.35686422,Kerala,1,2021
Indoor,Airtel,4G,4,Satisfactory,12.9765425,77.7118602,Karnataka,1,2021
Indoor,Airtel,4G,5,Satisfactory,26.86264598,81.01803541,Uttar Pradesh,1,2021
Indoor,Airtel,4G,5,Satisfactory,11.35610721,77.21881072,Tamil Nadu,1,2021
Indoor,Airtel,4G,5,Satisfactory,11.35469719,77.22149469,Tamil Nadu,1,2021
Indoor,Airtel,4G,5,Satisfactory,11.35617872,77.21880861,Tamil Nadu,1,2021
Indoor,Airtel,4G,5,Satisfactory,13.0029672,77.7116892,Karnataka,1,2021
Indoor,Airtel,4G,1,Call Dropped,28.5054663,77.2996331,Delhi,1,2021
Indoor,Airtel,4G,1,Call Dropped,28.5054628,77.2996304,Delhi,1,2021
Indoor,Airtel,4G,1,Poor Voice Quality,28.505464,77.2996325,Delhi,1,2021
Indoor,Airtel,4G,1,Poor Voice Quality,28.5054686,77.2996273,Delhi,1,2021
Indoor,Airtel,4G,5,Satisfactory,9.98424606,76.35220229,Kerala,1,2021
Indoor,Airtel,4G,5,Satisfactory,26.8657394,81.0241158,Uttar Pradesh,1,2021
Indoor,Airtel,4G,4,Satisfactory,24.08653,88.25738,West Bengal,1,2021
Indoor,Airtel,4G,1,Call Dropped,10.81596047,79.84007688,Tamil Nadu,1,2021
Indoor,Airtel,4G,3,Satisfactory,10.81573372,79.8405299,Tamil Nadu,1,2021
Indoor,Airtel,4G,1,Call Dropped,10.81572307,79.84046435,Tamil Nadu,1,2021
Indoor,Airtel,4G,1,Call Dropped,10.81568477,79.84046837,Tamil Nadu,1,2021
Indoor,Airtel,4G,5,Satisfactory,26.86264905,81.01791687,Uttar Pradesh,1,2021
Indoor,Airtel,4G,4,Satisfactory,22.74130759,75.81550563,Madhya Pradesh,1,2021
Indoor,Airtel,4G,5,Satisfactory,26.86264905,81.01791687,Uttar Pradesh,1,2021
Indoor,Airtel,4G,5,Satisfactory,26.86264905,81.01791687,Uttar Pradesh,1,2021
Indoor,Airtel,4G,5,Satisfactory,26.86264905,81.01791687,Uttar Pradesh,1,2021
Indoor,Airtel,4G,1,Poor Voice Quality,18.44176989,73.84850757,Maharashtra,1,2021
Indoor,Airtel,4G,5,Satisfactory,26.86403281,81.00768848,Uttar Pradesh,1,2021
Indoor,Airtel,4G,4,Satisfactory,13.93682217,75.54785019,Karnataka,10,2021
Indoor,Airtel,4G,4,Satisfactory,13.9290273,75.5681597,Karnataka,10,2021
Indoor,Airtel,4G,4,Satisfactory,13.93638764,75.54628658,Karnataka,10,2021
Indoor,Airtel,4G,5,Satisfactory,28.5569152,77.054045,Delhi,10,2021
Indoor,Airtel,4G,4,Satisfactory,13.93665142,75.54817179,Karnataka,10,2021
Indoor,Airtel,4G,4,Satisfactory,13.93666574,75.54815643,Karnataka,10,2021
Indoor,Airtel,4G,4,Satisfactory,13.93668798,75.54814,Karnataka,10,2021
Indoor,Airtel,4G,4,Satisfactory,13.93675656,75.54823951,Karnataka,10,2021
Indoor,Airtel,4G,4,Satisfactory,13.9368593,75.54801181,Karnataka,10,2021
Indoor,Airtel,4G,4,Satisfactory,16.88392985,79.69179512,Telangana,10,2021
Indoor,Airtel,4G,5,Satisfactory,10.30280471,76.22308016,Kerala,10,2021
Indoor,Airtel,4G,4,Satisfactory,18.4648503,79.1111113,Telangana,11,2021
Indoor,Airtel,4G,4,Satisfactory,13.9367931,75.5480949,Karnataka,11,2021
Indoor,Airtel,4G,5,Satisfactory,13.93673791,75.54828334,Karnataka,11,2021
Indoor,Airtel,4G,4,Satisfactory,18.4648397,79.1111288,Telangana,11,2021
Indoor,Airtel,4G,4,Satisfactory,13.9366098,75.54803436,Karnataka,11,2021
Indoor,Airtel,4G,4,Satisfactory,13.93466435,75.57231839,Karnataka,11,2021
Indoor,Airtel,4G,4,Satisfactory,13.9306819,75.5737895,Karnataka,11,2021
Indoor,Airtel,4G,2,Poor Voice Quality,18.4649137,79.11103317,Telangana,11,2021
Indoor,Airtel,4G,3,Poor Voice Quality,18.45203653,73.8514322,Maharashtra,11,2021
Indoor,Airtel,4G,4,Satisfactory,24.08859333,88.254945,West Bengal,3,2021
Indoor,Airtel,4G,4,Satisfactory,24.09730833,88.25235667,West Bengal,3,2021
Indoor,Airtel,4G,5,Satisfactory,16.5444037,81.5236664,Andhra Pradesh,3,2021
Indoor,Airtel,4G,4,Satisfactory,26.72471444,88.43820403,West Bengal,3,2021
Indoor,Airtel,4G,1,Poor Voice Quality,23.68305846,85.02662994,Jharkhand,3,2021
Indoor,Airtel,4G,4,Satisfactory,12.9763024,77.7117603,Karnataka,3,2021
Indoor,Airtel,4G,5,Satisfactory,16.5444086,81.5236631,Andhra Pradesh,3,2021
Indoor,Airtel,4G,4,Satisfactory,24.08862167,88.25508333,West Bengal,3,2021
Indoor,Airtel,4G,4,Satisfactory,24.088645,88.25496333,West Bengal,3,2021
Indoor,Airtel,4G,1,Poor Voice Quality,23.68313102,85.02662219,Jharkhand,3,2021
Indoor,Airtel,4G,4,Satisfactory,24.088645,88.25496333,West Bengal,3,2021
Indoor,Airtel,4G,4,Satisfactory,24.0887839,88.2552536,West Bengal,3,2021
Indoor,Airtel,4G,4,Satisfactory,12.95570283,77.71935383,Karnataka,3,2021
Indoor,Airtel,4G,4,Satisfactory,28.52124458,77.27739936,Delhi,1,2021
Indoor,Airtel,4G,2,Poor Voice Quality,28.52132846,77.27749419,Delhi,1,2021
Indoor,Airtel,4G,3,Satisfactory,28.52132846,77.27749419,Delhi,1,2021
Indoor,Airtel,4G,5,Satisfactory,10.3534562,76.21666409,Kerala,1,2021
Indoor,Airtel,4G,5,Satisfactory,28.4910222,77.0798836,Haryana,1,2021
Indoor,Airtel,4G,4,Satisfactory,13.93447374,75.55443769,Karnataka,1,2021
Indoor,Airtel,4G,1,Call Dropped,23.27555261,72.13433608,Gujarat,1,2021
Indoor,Airtel,4G,5,Satisfactory,26.77672897,80.94891326,Uttar Pradesh,1,2021
Indoor,Airtel,4G,5,Satisfactory,26.86237714,81.01807756,Uttar Pradesh,1,2021
Indoor,Airtel,4G,5,Satisfactory,23.101695,72.60483167,Gujarat,1,2021
Indoor,Airtel,4G,1,Call Dropped,12.28804938,76.60023194,Karnataka,1,2021
Indoor,Airtel,4G,5,Satisfactory,23.0454265,72.5159495,Gujarat,1,2021
Indoor,Airtel,4G,5,Satisfactory,23.0454265,72.5159495,Gujarat,1,2021
Indoor,Airtel,4G,5,Satisfactory,23.045207,72.5158179,Gujarat,1,2021
Indoor,Airtel,4G,4,Satisfactory,22.80824772,86.18865115,Jharkhand,1,2021
Indoor,Airtel,4G,5,Satisfactory,23.0454365,72.5159575,Gujarat,1,2021
Indoor,Airtel,4G,5,Satisfactory,13.254688,77.5563568,Karnataka,1,2021
Indoor,Airtel,4G,5,Satisfactory,12.9949562,80.2604292,Tamil Nadu,1,2021
Indoor,Airtel,4G,5,Satisfactory,12.9949562,80.2604292,Tamil Nadu,1,2021
Indoor,Airtel,4G,5,Satisfactory,12.9949562,80.2604292,Tamil Nadu,1,2021
Indoor,Airtel,4G,5,Satisfactory,12.9949562,80.2604292,Tamil Nadu,1,2021
Indoor,Airtel,4G,5,Satisfactory,13.0331964,80.2771805,Tamil Nadu,1,2021
Indoor,Airtel,4G,5,Satisfactory,13.0331964,80.2771805,Tamil Nadu,1,2021
Indoor,Airtel,4G,1,Call Dropped,12.299798,76.6994349,Karnataka,1,2021
Indoor,Airtel,4G,1,Poor Voice Quality,12.2724046,76.7091225,Karnataka,1,2021
Indoor,Airtel,4G,5,Satisfactory,28.4910384,77.0799258,Haryana,1,2021
Indoor,Airtel,4G,5,Satisfactory,28.49094074,77.07959237,Haryana,1,2021
Indoor,Airtel,4G,5,Satisfactory,13.0331738,80.2771661,Tamil Nadu,1,2021
Indoor,Airtel,4G,5,Satisfactory,13.0332048,80.2771672,Tamil Nadu,1,2021
Indoor,Airtel,4G,5,Satisfactory,23.0454239,72.5159594,Gujarat,1,2021
Indoor,Airtel,4G,5,Satisfactory,23.0454369,72.5159675,Gujarat,1,2021
Indoor,Airtel,4G,5,Satisfactory,23.0454227,72.515941,Gujarat,1,2021
Indoor,Airtel,4G,5,Satisfactory,23.0491196,72.5319683,Gujarat,1,2021
Indoor,Airtel,4G,5,Satisfactory,12.9949754,80.2604576,Tamil Nadu,1,2021
Indoor,Airtel,4G,4,Satisfactory,22.80824772,86.18865115,Jharkhand,1,2021
Indoor,Airtel,4G,5,Satisfactory,26.8645074,81.0077012,Uttar Pradesh,1,2021
Indoor,Airtel,4G,5,Satisfactory,23.10202,72.60363333,Gujarat,1,2021
Indoor,Airtel,4G,1,Poor Voice Quality,12.29185539,76.60293108,Karnataka,1,2021
Indoor,Airtel,4G,5,Satisfactory,26.864507,81.0077043,Uttar Pradesh,1,2021
Indoor,Airtel,4G,1,Poor Voice Quality,18.5648356,74.2863366,Maharashtra,1,2021
Indoor,Airtel,4G,5,Satisfactory,23.10137333,72.604945,Gujarat,1,2021
Indoor,Airtel,4G,4,Satisfactory,22.8081594,86.1886144,Jharkhand,1,2021
Indoor,Airtel,4G,5,Satisfactory,23.04511146,72.52117155,Gujarat,1,2021
Indoor,Airtel,4G,5,Satisfactory,23.04608292,72.53038301,Gujarat,1,2021
Indoor,Airtel,4G,5,Satisfactory,23.04608292,72.53038301,Gujarat,1,2021
Indoor,Airtel,4G,5,Satisfactory,23.04608292,72.53038301,Gujarat,1,2021
Indoor,Airtel,4G,5,Satisfactory,23.10321667,72.60451,Gujarat,1,2021
Indoor,Airtel,4G,1,Poor Voice Quality,28.5054606,77.2996589,Delhi,1,2021
Indoor,Airtel,4G,1,Poor Voice Quality,28.5054606,77.2996589,Delhi,1,2021
Indoor,Airtel,4G,1,Poor Voice Quality,28.5054606,77.2996589,Delhi,1,2021
Indoor,Airtel,4G,1,Poor Voice Quality,28.5054606,77.2996589,Delhi,1,2021
Indoor,Airtel,4G,1,Call Dropped,28.5054597,77.29966,Delhi,1,2021
Indoor,Airtel,4G,5,Satisfactory,23.10321667,72.60451,Gujarat,1,2021
Indoor,Airtel,4G,3,Satisfactory,18.30691329,83.56589447,Andhra Pradesh,4,2021
Indoor,Airtel,4G,4,Satisfactory,16.8687484,79.5624917,Telangana,5,2021
Indoor,Airtel,4G,4,Satisfactory,13.0493235,80.2578442,Tamil Nadu,5,2021
Indoor,Airtel,4G,4,Satisfactory,16.8687507,79.5624903,Telangana,5,2021
Indoor,Airtel,4G,1,Poor Voice Quality,28.6629414,77.2821044,Delhi,5,2021
Indoor,Airtel,4G,4,Satisfactory,22.8081462,86.1886919,Jharkhand,5,2021
Indoor,Airtel,4G,3,Satisfactory,18.30679649,83.56567796,Andhra Pradesh,5,2021
Indoor,Airtel,4G,1,Call Dropped,17.80011997,79.9814322,Telangana,5,2021
Indoor,Airtel,4G,3,Satisfactory,28.6629396,77.2820469,Delhi,5,2021
Indoor,Airtel,4G,4,Satisfactory,22.8081451,86.188691,Jharkhand,5,2021
Indoor,Airtel,4G,4,Satisfactory,16.8841441,79.6916949,Telangana,4,2021
Indoor,Airtel,4G,4,Satisfactory,12.9357896,77.6946379,Karnataka,4,2021
Indoor,Airtel,4G,5,Satisfactory,26.7246354,88.438187,West Bengal,4,2021
Indoor,Airtel,4G,4,Satisfactory,24.08873667,88.25520167,West Bengal,4,2021
Indoor,Airtel,4G,4,Satisfactory,24.08873667,88.25520167,West Bengal,4,2021
Indoor,Airtel,4G,4,Satisfactory,12.97784783,77.56802994,Karnataka,4,2021
Indoor,Airtel,4G,1,Poor Voice Quality,26.1540133,75.7780787,Rajasthan,4,2021
Indoor,Airtel,4G,3,Poor Voice Quality,18.45190066,73.85147108,Maharashtra,4,2021
Indoor,Airtel,4G,4,Satisfactory,24.08877667,88.253885,West Bengal,4,2021
Indoor,Airtel,4G,4,Satisfactory,22.753195,86.20951667,Jharkhand,4,2021
Indoor,Airtel,4G,4,Satisfactory,22.75419667,86.21147667,Jharkhand,4,2021
Indoor,Airtel,4G,4,Satisfactory,13.9367232,75.5481554,Karnataka,4,2021
Indoor,Airtel,4G,4,Satisfactory,13.93663559,75.54828588,Karnataka,4,2021
Indoor,Airtel,4G,4,Satisfactory,23.35042974,85.29887393,Jharkhand,4,2021
Indoor,Airtel,4G,4,Satisfactory,26.7246362,88.438195,West Bengal,4,2021
Indoor,Airtel,4G,4,Satisfactory,12.97765375,77.56782581,Karnataka,4,2021
Indoor,Airtel,4G,1,Call Dropped,28.27595494,74.95028154,Rajasthan,4,2021
Indoor,Airtel,4G,4,Satisfactory,22.8081159,86.1886891,Jharkhand,4,2021
Indoor,Airtel,4G,5,Satisfactory,11.3475244,75.9019122,Kerala,4,2021
Indoor,Airtel,4G,4,Satisfactory,22.7532351,86.2095681,Jharkhand,4,2021
Indoor,Airtel,4G,4,Satisfactory,13.9344264,75.5695341,Karnataka,4,2021
Indoor,Airtel,4G,4,Satisfactory,22.80799136,86.18865683,Jharkhand,4,2021
Indoor,Airtel,4G,4,Satisfactory,24.08908,88.25513833,West Bengal,4,2021
Indoor,Airtel,4G,3,Satisfactory,16.88514375,79.69327339,Telangana,4,2021
Indoor,Airtel,4G,4,Satisfactory,13.93679764,75.54820935,Karnataka,4,2021
Indoor,Airtel,4G,4,Satisfactory,26.7246317,88.4381979,West Bengal,4,2021
Indoor,Airtel,4G,4,Satisfactory,22.80809357,86.18849265,Jharkhand,4,2021
Indoor,Airtel,4G,4,Satisfactory,22.7555591,86.2110422,Jharkhand,4,2021
Indoor,Airtel,4G,4,Satisfactory,13.0029863,77.7117313,Karnataka,4,2021
Indoor,Airtel,4G,1,Poor Voice Quality,12.9358529,77.6945842,Karnataka,4,2021
Indoor,Airtel,4G,5,Satisfactory,28.68953886,77.49179557,Uttar Pradesh,4,2021
Indoor,Airtel,4G,5,Satisfactory,16.5444013,81.5236696,Andhra Pradesh,4,2021
Indoor,Airtel,4G,3,Satisfactory,16.88527229,79.69311503,Telangana,4,2021
Indoor,Airtel,4G,4,Satisfactory,12.960812,77.7181925,Karnataka,4,2021
Indoor,Airtel,4G,4,Satisfactory,12.95951112,77.71803218,Karnataka,4,2021
Indoor,Airtel,4G,4,Satisfactory,12.9608698,77.7203195,Karnataka,4,2021
Indoor,Airtel,4G,4,Satisfactory,12.9607234,77.7199617,Karnataka,4,2021
Indoor,Airtel,4G,5,Satisfactory,12.9409303,77.5408979,Karnataka,2,2021
Indoor,Airtel,4G,4,Satisfactory,13.0029837,77.7116837,Karnataka,2,2021
Indoor,Airtel,4G,1,Poor Voice Quality,26.9528064,75.7441257,Rajasthan,2,2021
Indoor,Airtel,4G,4,Satisfactory,24.08861,88.25514333,West Bengal,2,2021
Indoor,Airtel,4G,4,Satisfactory,24.08887667,88.25547,West Bengal,2,2021
Indoor,Airtel,4G,4,Satisfactory,13.17331526,77.39692327,Karnataka,2,2021
Indoor,Airtel,4G,4,Satisfactory,22.78669687,86.16523588,Jharkhand,2,2021
Indoor,Airtel,4G,3,Satisfactory,19.08074669,72.84444551,Maharashtra,2,2021
Indoor,Airtel,4G,4,Satisfactory,22.7532249,86.209584,Jharkhand,3,2021
Indoor,Airtel,4G,5,Satisfactory,28.6406914,77.229411,Delhi,3,2021
Indoor,Airtel,4G,4,Satisfactory,24.08856833,88.25500667,West Bengal,3,2021
Indoor,Airtel,4G,1,Poor Voice Quality,12.78334868,77.66066139,Karnataka,3,2021
Indoor,Airtel,4G,4,Satisfactory,13.0029794,77.7117024,Karnataka,3,2021
Indoor,Airtel,4G,4,Satisfactory,12.9362478,77.6944696,Karnataka,3,2021
Indoor,Airtel,4G,5,Satisfactory,11.34742395,75.90192177,Kerala,3,2021
Indoor,Airtel,4G,5,Satisfactory,23.0452213,72.51609296,Gujarat,3,2021
Indoor,Airtel,4G,4,Satisfactory,16.88405385,79.69183866,Telangana,3,2021
Indoor,Airtel,4G,4,Satisfactory,12.9358726,77.6946019,Karnataka,3,2021
Indoor,Airtel,4G,5,Satisfactory,11.34707687,75.90205629,Kerala,3,2021
Indoor,Airtel,4G,5,Satisfactory,11.34707687,75.90205629,Kerala,3,2021
Indoor,Airtel,4G,4,Satisfactory,22.80347834,86.18252279,Jharkhand,3,2021
Indoor,Airtel,4G,5,Satisfactory,11.34728444,75.90187836,Kerala,3,2021
Indoor,Airtel,4G,5,Satisfactory,16.5444136,81.523677,Andhra Pradesh,3,2021
Indoor,Airtel,4G,4,Satisfactory,26.72471444,88.43820403,West Bengal,3,2021
Indoor,Airtel,4G,4,Satisfactory,13.0031988,77.7126215,Karnataka,3,2021
Indoor,Airtel,4G,4,Satisfactory,12.97628206,77.57487223,Karnataka,3,2021
Indoor,Airtel,4G,4,Satisfactory,22.8010488,86.181257,Jharkhand,3,2021
Indoor,Airtel,4G,4,Satisfactory,13.0029872,77.71169,Karnataka,3,2021
Indoor,Airtel,4G,2,Poor Voice Quality,22.90712303,70.87094296,Gujarat,3,2021
Indoor,Airtel,4G,1,Poor Voice Quality,26.9528118,75.7441381,Rajasthan,3,2021
Indoor,Airtel,4G,4,Satisfactory,24.08921667,88.25592833,West Bengal,3,2021
Indoor,Airtel,4G,4,Satisfactory,22.807898,86.18855263,Jharkhand,3,2021
Indoor,Airtel,4G,4,Satisfactory,13.6166755,79.4316716,Andhra Pradesh,3,2021
Indoor,Airtel,4G,4,Satisfactory,13.0029927,77.7116873,Karnataka,3,2021
Indoor,Airtel,4G,4,Satisfactory,13.00304249,77.71166637,Karnataka,3,2021
Indoor,Airtel,4G,3,Poor Voice Quality,18.9548485,72.8010775,Maharashtra,3,2021
Indoor,Airtel,4G,4,Satisfactory,22.80854654,86.18879193,Jharkhand,3,2021
Indoor,Airtel,4G,4,Satisfactory,24.08851,88.255125,West Bengal,2,2021
Indoor,Airtel,4G,4,Satisfactory,24.08851,88.255125,West Bengal,2,2021
Indoor,Airtel,4G,1,Poor Voice Quality,26.9528114,75.7441342,Rajasthan,2,2021
Indoor,Airtel,4G,4,Satisfactory,22.80362894,86.18252401,Jharkhand,2,2021
Indoor,Airtel,4G,5,Satisfactory,31.60590774,74.90426716,Punjab,2,2021
Indoor,Airtel,4G,5,Satisfactory,31.61144957,74.89531344,Punjab,2,2021
Indoor,Airtel,4G,1,Poor Voice Quality,26.61868814,82.00445535,Uttar Pradesh,2,2021
Indoor,Airtel,4G,4,Satisfactory,24.08892833,88.255705,West Bengal,2,2021
Indoor,Airtel,4G,4,Satisfactory,24.08892833,88.255705,West Bengal,2,2021
Indoor,Airtel,4G,1,Poor Voice Quality,28.5054593,77.2996848,Delhi,2,2021
Indoor,Airtel,4G,4,Satisfactory,24.08866833,88.25559333,West Bengal,2,2021
Indoor,Airtel,4G,4,Satisfactory,26.72471444,88.43820403,West Bengal,2,2021
Indoor,Airtel,4G,1,Poor Voice Quality,26.9528132,75.7441342,Rajasthan,2,2021
Indoor,Airtel,4G,4,Satisfactory,12.98732428,77.70835478,Karnataka,2,2021
Indoor,Airtel,4G,1,Call Dropped,26.9528148,75.744133,Rajasthan,2,2021
Indoor,Airtel,4G,1,Call Dropped,13.053663,77.508859,Karnataka,2,2021
Indoor,Airtel,4G,5,Satisfactory,22.75010996,75.93290941,Madhya Pradesh,2,2021
Indoor,Airtel,4G,5,Satisfactory,11.34806785,75.90124208,Kerala,3,2021
Indoor,Airtel,4G,4,Satisfactory,24.08866,88.2552,West Bengal,3,2021
Indoor,Airtel,4G,4,Satisfactory,24.08866,88.2552,West Bengal,3,2021
Indoor,Airtel,4G,1,Poor Voice Quality,28.6408899,77.2291002,Delhi,2,2021
Indoor,Airtel,4G,4,Satisfactory,26.7246588,88.4381386,West Bengal,2,2021
Indoor,Airtel,4G,4,Satisfactory,26.7246588,88.4381386,West Bengal,2,2021
Indoor,Airtel,4G,1,Poor Voice Quality,26.9527924,75.7441203,Rajasthan,2,2021
Indoor,Airtel,4G,1,Call Dropped,22.34201321,73.18084517,Gujarat,2,2021
Indoor,Airtel,4G,1,Poor Voice Quality,26.9527874,75.7441181,Rajasthan,2,2021
Indoor,Airtel,4G,5,Satisfactory,26.7247112,88.4390254,West Bengal,2,2021
Indoor,Airtel,4G,4,Satisfactory,24.092205,88.25338333,West Bengal,3,2021
Indoor,Airtel,4G,4,Satisfactory,13.9183447,75.5973712,Karnataka,3,2021
Indoor,Airtel,4G,5,Satisfactory,28.9856073,77.01608,Haryana,3,2021
Indoor,Airtel,4G,4,Satisfactory,24.08861,88.25523,West Bengal,3,2021
Indoor,Airtel,4G,5,Satisfactory,26.72471444,88.43820403,West Bengal,3,2021
Indoor,Airtel,4G,1,Poor Voice Quality,20.5528643,86.5271609,Odisha,3,2021
Indoor,Airtel,4G,1,Poor Voice Quality,26.9528134,75.7441335,Rajasthan,2,2021
Indoor,Airtel,4G,1,Poor Voice Quality,26.95307463,75.74418734,Rajasthan,2,2021
Indoor,Airtel,4G,1,Poor Voice Quality,21.20418072,72.83275063,Gujarat,2,2021
Indoor,Airtel,4G,5,Satisfactory,26.36715865,78.08784578,Madhya Pradesh,12,2021
Indoor,Airtel,4G,5,Satisfactory,26.36715865,78.08784578,Madhya Pradesh,12,2021
Indoor,Airtel,4G,5,Satisfactory,26.36715865,78.08784578,Madhya Pradesh,12,2021
Indoor,Airtel,4G,5,Satisfactory,10.30297101,76.2231338,Kerala,12,2021
Indoor,Airtel,4G,4,Satisfactory,13.94025492,75.57470765,Karnataka,12,2021
Indoor,Airtel,4G,4,Satisfactory,13.93707129,75.54821731,Karnataka,12,2021
Indoor,Airtel,4G,5,Satisfactory,28.60326842,77.19055228,Delhi,12,2021
Indoor,Airtel,4G,2,Poor Voice Quality,28.57692867,77.05740466,Delhi,12,2021
Indoor,Airtel,4G,1,Call Dropped,28.5569937,77.0541167,Delhi,12,2021
Indoor,Airtel,4G,5,Satisfactory,28.57205639,77.06569159,Delhi,12,2021
Indoor,Airtel,4G,5,Satisfactory,28.5569892,77.0540633,Delhi,12,2021
Indoor,Airtel,4G,5,Satisfactory,28.59054159,77.15748902,Delhi,12,2021
Indoor,Airtel,4G,5,Satisfactory,28.55668943,77.05435993,Delhi,12,2021
Indoor,Airtel,4G,5,Satisfactory,28.55668943,77.05435993,Delhi,12,2021
Indoor,Airtel,4G,3,Poor Voice Quality,28.55668943,77.05435993,Delhi,12,2021
Indoor,Airtel,4G,5,Satisfactory,28.55721305,77.05366859,Delhi,12,2021
Indoor,Airtel,4G,5,Satisfactory,28.55721305,77.05366859,Delhi,12,2021
Indoor,Airtel,4G,5,Satisfactory,28.55721305,77.05366859,Delhi,12,2021
Indoor,Airtel,4G,5,Satisfactory,28.55750629,77.05392634,Delhi,12,2021
Indoor,Airtel,4G,5,Satisfactory,28.56501383,77.05969057,Delhi,12,2021
Indoor,Airtel,4G,5,Satisfactory,28.56501383,77.05969057,Delhi,12,2021
Indoor,Airtel,4G,5,Satisfactory,28.60326842,77.19055228,Delhi,12,2021
Indoor,Airtel,4G,1,Call Dropped,28.5569937,77.0541167,Delhi,12,2021
Indoor,Airtel,4G,5,Satisfactory,28.5569809,77.054096,Delhi,12,2021
Indoor,Airtel,4G,5,Satisfactory,28.5569892,77.0540633,Delhi,12,2021
Indoor,Airtel,4G,5,Satisfactory,28.556918,77.0541328,Delhi,12,2021
Indoor,Airtel,4G,5,Satisfactory,28.5569641,77.0540924,Delhi,12,2021
Indoor,Airtel,4G,5,Satisfactory,28.5569716,77.0540862,Delhi,12,2021
Indoor,Airtel,4G,5,Satisfactory,28.55668943,77.05435993,Delhi,12,2021
Indoor,Airtel,4G,5,Satisfactory,28.55721305,77.05366859,Delhi,12,2021
Indoor,Airtel,4G,5,Satisfactory,28.55721305,77.05366859,Delhi,12,2021
Indoor,Airtel,4G,3,Satisfactory,28.55721305,77.05366859,Delhi,12,2021
Indoor,Airtel,4G,5,Satisfactory,28.55721305,77.05366859,Delhi,12,2021
Indoor,Airtel,4G,5,Satisfactory,28.55721305,77.05366859,Delhi,12,2021
Indoor,Airtel,4G,5,Satisfactory,28.55721305,77.05366859,Delhi,12,2021
Indoor,Airtel,4G,5,Satisfactory,28.55983897,77.05888624,Delhi,12,2021
Indoor,Airtel,4G,5,Satisfactory,28.54401649,77.20300645,Delhi,12,2021
Indoor,Airtel,4G,5,Satisfactory,28.54401649,77.20300645,Delhi,12,2021
Indoor,Airtel,4G,5,Satisfactory,28.54401649,77.20300645,Delhi,12,2021
Indoor,Airtel,4G,5,Satisfactory,13.0030015,77.711681,Karnataka,12,2021
Indoor,Airtel,4G,5,Satisfactory,12.9357286,77.6946489,Karnataka,12,2021
Indoor,Airtel,4G,3,Poor Voice Quality,28.54407948,77.06576091,Haryana,11,2021
Indoor,Airtel,4G,5,Satisfactory,28.54407948,77.06576091,Haryana,11,2021
Indoor,Airtel,4G,5,Satisfactory,28.54407948,77.06576091,Haryana,11,2021
Indoor,Airtel,4G,5,Satisfactory,28.6816649,77.20104173,Delhi,11,2021
Indoor,Airtel,4G,5,Satisfactory,28.6816649,77.20104173,Delhi,11,2021
Indoor,Airtel,4G,2,Poor Voice Quality,29.3244972,73.9061598,Rajasthan,11,2021
Indoor,Airtel,4G,4,Satisfactory,18.4648291,79.111141,Telangana,11,2021
Indoor,Airtel,4G,5,Satisfactory,28.5569825,77.0541145,Delhi,11,2021
Indoor,Airtel,4G,5,Satisfactory,28.5569933,77.0541067,Delhi,11,2021
Indoor,Airtel,4G,3,Call Dropped,28.5570017,77.0541259,Delhi,11,2021
Indoor,Airtel,4G,1,Call Dropped,28.5569973,77.0541341,Delhi,11,2021
Indoor,Airtel,4G,5,Satisfactory,28.5601095,77.04137812,Delhi,11,2021
Indoor,Airtel,4G,5,Satisfactory,28.59186681,77.23166367,Delhi,11,2021
Indoor,Airtel,4G,3,Poor Voice Quality,18.4419483,73.8485517,Maharashtra,12,2021
Indoor,Airtel,4G,1,Call Dropped,16.86152817,74.23050318,Maharashtra,12,2021
Indoor,Airtel,4G,1,Call Dropped,23.0399092,72.6306257,Gujarat,12,2021
Indoor,Airtel,4G,4,Satisfactory,13.93678101,75.54832203,Karnataka,12,2021
Indoor,Airtel,4G,5,Satisfactory,10.30291375,76.22309301,Kerala,12,2021
Indoor,Airtel,4G,2,Poor Voice Quality,18.44213042,73.84863881,Maharashtra,12,2021
Indoor,Airtel,4G,1,Call Dropped,12.9949674,77.71795257,Karnataka,4,2021
Indoor,Airtel,4G,4,Satisfactory,12.9949674,77.71795257,Karnataka,4,2021
Indoor,Airtel,4G,4,Satisfactory,24.08847,88.254715,West Bengal,4,2021
Indoor,Airtel,4G,2,Poor Voice Quality,24.9920871,93.8967055,Manipur,4,2021
Indoor,Airtel,4G,1,Poor Voice Quality,16.88528686,79.69315719,Telangana,4,2021
Indoor,Airtel,4G,4,Satisfactory,22.80805315,86.18861458,Jharkhand,4,2021
Indoor,Airtel,4G,2,Poor Voice Quality,18.44459009,73.84849637,Maharashtra,5,2021
Indoor,Airtel,4G,1,Poor Voice Quality,18.44459009,73.84849637,Maharashtra,5,2021
Indoor,Airtel,4G,5,Satisfactory,26.2752055,72.980405,Rajasthan,5,2021
Indoor,Airtel,4G,4,Satisfactory,16.86866419,79.56257924,Telangana,5,2021
Indoor,Airtel,4G,4,Satisfactory,22.80816765,86.18851361,Jharkhand,5,2021
Indoor,Airtel,4G,4,Satisfactory,16.86872324,79.5625275,Telangana,5,2021
Indoor,Airtel,4G,4,Satisfactory,28.61471369,77.12492691,Delhi,5,2021
Indoor,Airtel,4G,2,Poor Voice Quality,28.61451464,77.12547936,Delhi,5,2021
Indoor,Airtel,4G,2,Poor Voice Quality,28.61451464,77.12547936,Delhi,5,2021
Indoor,Airtel,4G,1,Call Dropped,26.7246067,88.4381893,West Bengal,5,2021
Indoor,Airtel,4G,1,Poor Voice Quality,18.44282184,73.84772772,Maharashtra,5,2021
Indoor,Airtel,4G,4,Satisfactory,22.84303728,86.20273223,Jharkhand,5,2021
Indoor,Airtel,4G,1,Call Dropped,18.4513983,73.8509116,Maharashtra,5,2021
Indoor,Airtel,4G,4,Satisfactory,18.30671217,83.56569875,Andhra Pradesh,5,2021
Indoor,Airtel,4G,2,Poor Voice Quality,18.30676053,83.56603662,Andhra Pradesh,5,2021
Indoor,Airtel,4G,2,Poor Voice Quality,28.61456191,77.12493126,Delhi,4,2021
Indoor,Airtel,4G,2,Poor Voice Quality,28.59816211,77.07517854,Delhi,4,2021
Indoor,Airtel,4G,1,Poor Voice Quality,28.27599745,74.95018888,Rajasthan,4,2021
Indoor,Airtel,4G,5,Satisfactory,13.0030145,77.7117308,Karnataka,4,2021
Indoor,Airtel,4G,4,Satisfactory,13.0030148,77.7117336,Karnataka,4,2021
Indoor,Airtel,4G,4,Satisfactory,22.7532383,86.2095536,Jharkhand,4,2021
Indoor,Airtel,4G,4,Satisfactory,22.7532383,86.2095536,Jharkhand,4,2021
Indoor,Airtel,4G,4,Satisfactory,22.80810453,86.18861831,Jharkhand,4,2021
Indoor,Airtel,4G,4,Satisfactory,13.0030155,77.7117296,Karnataka,4,2021
Indoor,Airtel,4G,5,Satisfactory,18.57485905,73.76954431,Maharashtra,1,2021
Indoor,Airtel,4G,4,Satisfactory,12.93788507,77.69386525,Karnataka,12,2021
Indoor,Airtel,4G,1,Call Dropped,18.45203653,73.8514322,Maharashtra,12,2021
Indoor,Airtel,4G,4,Satisfactory,21.14108529,72.76510931,Gujarat,1,2022
Indoor,Airtel,4G,4,Satisfactory,13.93670635,75.54823277,Karnataka,1,2022
Indoor,Airtel,4G,5,Satisfactory,28.56439759,77.05467694,Delhi,1,2022
Indoor,Airtel,4G,5,Satisfactory,28.56439759,77.05467694,Delhi,1,2022
Indoor,Airtel,4G,4,Satisfactory,21.1411237,72.7650649,Gujarat,1,2022
Indoor,Airtel,4G,5,Satisfactory,24.782415,84.97346167,Bihar,1,2022
Indoor,Airtel,4G,2,Poor Voice Quality,18.9550758,72.8014007,Maharashtra,1,2022
Indoor,Airtel,4G,1,Poor Voice Quality,22.09828841,87.75932827,West Bengal,1,2022
Indoor,Airtel,4G,1,Poor Voice Quality,19.8532358,75.339545,Maharashtra,1,2022
Indoor,Airtel,4G,4,Satisfactory,18.6415254,73.7701928,Maharashtra,1,2022
Indoor,Airtel,4G,1,Call Dropped,12.9528379,77.5158799,Karnataka,1,2022
Indoor,Airtel,4G,4,Satisfactory,13.93658168,75.54814105,Karnataka,1,2022
Indoor,Airtel,4G,5,Satisfactory,19.02504667,73.09212833,Maharashtra,1,2022
Indoor,Airtel,4G,1,Poor Voice Quality,19.8532301,75.3395188,Maharashtra,1,2022
Indoor,Airtel,4G,1,Poor Voice Quality,21.13926756,72.76562745,Gujarat,1,2022
Indoor,Airtel,4G,1,Poor Voice Quality,18.7491906,73.4294647,Maharashtra,1,2022
Indoor,Airtel,4G,4,Satisfactory,13.93656165,75.54803646,Karnataka,1,2022
Indoor,Airtel,4G,1,Call Dropped,18.4418653,73.8485342,Maharashtra,1,2022
Indoor,Airtel,4G,4,Satisfactory,13.93670793,75.5481796,Karnataka,1,2022
Indoor,Airtel,4G,4,Satisfactory,13.9368166,75.5480566,Karnataka,1,2022
Indoor,Airtel,4G,2,Poor Voice Quality,18.45028131,73.85119773,Maharashtra,1,2022
Indoor,Airtel,4G,1,Poor Voice Quality,25.38070836,83.32510247,Uttar Pradesh,1,2022
Indoor,Airtel,4G,3,Poor Voice Quality,19.8532322,75.3395415,Maharashtra,1,2022
Indoor,Airtel,4G,1,Call Dropped,28.662942,77.28215961,Delhi,1,2022
Indoor,Airtel,4G,4,Satisfactory,13.93002668,75.59076511,Karnataka,1,2022
Indoor,Airtel,4G,4,Satisfactory,13.93698458,75.54796111,Karnataka,1,2022
Indoor,Airtel,4G,5,Satisfactory,26.23834521,78.16560291,Madhya Pradesh,1,2022
Indoor,Airtel,4G,5,Satisfactory,26.23840853,78.16561478,Madhya Pradesh,1,2022
Indoor,Airtel,4G,4,Satisfactory,13.936897,75.5483356,Karnataka,1,2022
Indoor,Airtel,4G,1,Poor Voice Quality,26.17423333,87.91151,Bihar,2,2022
Indoor,Airtel,4G,4,Satisfactory,13.93681573,75.54825701,Karnataka,2,2022
Indoor,Airtel,4G,4,Satisfactory,13.93242447,75.54165648,Karnataka,2,2022
Indoor,Airtel,4G,1,Poor Voice Quality,26.12413993,91.75021598,Assam,2,2022
Indoor,Airtel,4G,4,Satisfactory,13.9367053,75.54818975,Karnataka,2,2022
Indoor,Airtel,4G,5,Satisfactory,26.23833748,78.16543988,Madhya Pradesh,2,2022
Indoor,Airtel,4G,1,Poor Voice Quality,18.7491867,73.4295062,Maharashtra,2,2022
Indoor,Airtel,4G,2,Poor Voice Quality,26.113125,87.93525833,Bihar,2,2022
Indoor,Airtel,4G,4,Satisfactory,13.93805549,75.54251981,Karnataka,2,2022
Indoor,Airtel,4G,4,Satisfactory,13.93672967,75.54819229,Karnataka,2,2022
Indoor,Airtel,4G,4,Satisfactory,13.93799569,75.5425955,Karnataka,2,2022
Indoor,Airtel,4G,1,Call Dropped,25.814446,71.4606196,Rajasthan,2,2022
Indoor,Airtel,4G,2,Poor Voice Quality,26.11386,87.93217833,Bihar,2,2022
Indoor,Airtel,4G,2,Poor Voice Quality,18.9548651,72.8018791,Maharashtra,2,2022
Indoor,Airtel,4G,4,Satisfactory,13.93676631,75.54823832,Karnataka,2,2022
Indoor,Airtel,4G,3,Poor Voice Quality,17.67815,73.98779333,Maharashtra,2,2022
Indoor,Airtel,4G,3,Satisfactory,17.67812333,73.98790833,Maharashtra,2,2022
Indoor,Airtel,4G,1,Poor Voice Quality,18.45011295,73.85000282,Maharashtra,4,2022
Indoor,Airtel,4G,4,Satisfactory,12.96940104,77.70669547,Karnataka,4,2022
Indoor,Airtel,4G,1,Call Dropped,18.57813349,73.81827482,Maharashtra,4,2022
Indoor,Airtel,4G,4,Satisfactory,13.0665754,77.5824077,Karnataka,4,2022
Indoor,Airtel,4G,4,Satisfactory,12.95731195,77.70129178,Karnataka,4,2022
Indoor,Airtel,4G,5,Satisfactory,13.00311878,77.71050643,Karnataka,4,2022
Indoor,Airtel,4G,1,Poor Voice Quality,27.39691555,75.45520185,Rajasthan,4,2022
Indoor,Airtel,4G,1,Call Dropped,18.45199885,73.8513988,Maharashtra,4,2022
Indoor,Airtel,4G,1,Call Dropped,21.14238011,72.77340476,Gujarat,4,2022
Indoor,Airtel,4G,3,Satisfactory,17.67830667,73.987875,Maharashtra,4,2022
Indoor,Airtel,4G,4,Satisfactory,13.93663152,75.54815804,Karnataka,4,2022
Indoor,Airtel,4G,3,Poor Voice Quality,26.43228833,91.18672833,Assam,4,2022
Indoor,Airtel,4G,1,Poor Voice Quality,18.7491111,73.4217613,Maharashtra,4,2022
Indoor,Airtel,4G,5,Satisfactory,13.0042794,77.7093335,Karnataka,4,2022
Indoor,Airtel,4G,4,Satisfactory,13.2632108,76.50094545,Karnataka,4,2022
Indoor,Airtel,4G,5,Satisfactory,18.4354092,73.8465946,Maharashtra,4,2022
Indoor,Airtel,4G,1,Call Dropped,10.6002379,76.211537,Kerala,4,2022
Indoor,Airtel,4G,1,Poor Voice Quality,18.45011295,73.85000282,Maharashtra,3,2022
Indoor,Airtel,4G,4,Satisfactory,13.00295931,77.7118076,Karnataka,3,2022
Indoor,Airtel,4G,5,Satisfactory,28.6608743,77.2675872,Delhi,3,2022
Indoor,Airtel,4G,1,Poor Voice Quality,21.14107425,72.76497782,Gujarat,3,2022
Indoor,Airtel,4G,4,Satisfactory,12.95731195,77.70129178,Karnataka,3,2022
Indoor,Airtel,4G,4,Satisfactory,13.0030067,77.7117646,Karnataka,3,2022
Indoor,Airtel,4G,4,Satisfactory,13.00311878,77.71050643,Karnataka,3,2022
Indoor,Airtel,4G,5,Satisfactory,13.00311878,77.71050643,Karnataka,3,2022
Indoor,Airtel,4G,1,Call Dropped,21.14238011,72.77340476,Gujarat,3,2022
Indoor,Airtel,4G,5,Satisfactory,10.30299935,76.22307315,Kerala,3,2022
Indoor,Airtel,4G,4,Satisfactory,13.93806599,75.56941887,Karnataka,3,2022
Indoor,Airtel,4G,4,Satisfactory,13.93670794,75.54821536,Karnataka,3,2022
Indoor,Airtel,4G,4,Satisfactory,13.9366733,75.54806997,Karnataka,3,2022
Indoor,Airtel,4G,1,Poor Voice Quality,28.70188388,77.42717026,Uttar Pradesh,3,2022
Indoor,Airtel,4G,5,Satisfactory,18.4354092,73.8465946,Maharashtra,3,2022
Indoor,Airtel,4G,5,Satisfactory,12.9361553,77.6946804,Karnataka,7,2022
Indoor,Airtel,4G,5,Satisfactory,12.96297986,77.4749957,Karnataka,7,2022
Indoor,Airtel,4G,5,Satisfactory,13.00288188,77.71179231,Karnataka,7,2022
Indoor,Airtel,4G,5,Satisfactory,16.78645347,80.27342381,Andhra Pradesh,7,2022
Indoor,Airtel,4G,1,Poor Voice Quality,28.93405502,77.45165431,Uttar Pradesh,7,2022
Indoor,Airtel,4G,1,Poor Voice Quality,28.91468907,77.48716199,Uttar Pradesh,7,2022
Indoor,Airtel,4G,5,Satisfactory,12.95650515,77.48964281,Karnataka,7,2022
Indoor,Airtel,4G,5,Satisfactory,19.80373026,85.82251402,Odisha,7,2022
Indoor,Airtel,4G,1,Poor Voice Quality,21.18811748,72.81372808,Gujarat,7,2022
Indoor,Airtel,4G,5,Satisfactory,13.0029684,77.7117239,Karnataka,7,2022
Indoor,Airtel,4G,1,Poor Voice Quality,12.95337219,77.70039673,Karnataka,7,2022
Indoor,Airtel,4G,5,Satisfactory,12.93701611,77.69376413,Karnataka,7,2022
Indoor,Airtel,4G,5,Satisfactory,12.93701611,77.69376413,Karnataka,7,2022
Indoor,Airtel,4G,5,Satisfactory,12.95078768,77.69981408,Karnataka,7,2022
Indoor,Airtel,4G,5,Satisfactory,13.02345366,77.55137352,Karnataka,7,2022
Indoor,Airtel,4G,1,Call Dropped,18.44185059,73.8486766,Maharashtra,5,2022
Indoor,Airtel,4G,4,Satisfactory,14.02334938,75.91964043,Karnataka,5,2022
Indoor,Airtel,4G,4,Satisfactory,14.02334938,75.91964043,Karnataka,5,2022
Indoor,Airtel,4G,3,Poor Voice Quality,18.4413286,73.8468684,Maharashtra,5,2022
Indoor,Airtel,4G,4,Satisfactory,12.97816657,77.70739638,Karnataka,5,2022
Indoor,Airtel,4G,4,Satisfactory,13.00427194,77.70984025,Karnataka,5,2022
Indoor,Airtel,4G,2,Poor Voice Quality,21.14033753,72.7783429,Gujarat,5,2022
Indoor,Airtel,4G,4,Satisfactory,13.0029796,77.7116989,Karnataka,5,2022
Indoor,Airtel,4G,4,Satisfactory,13.0030524,77.7117455,Karnataka,5,2022
Indoor,Airtel,4G,1,Call Dropped,21.13723511,72.7771572,Gujarat,5,2022
Indoor,Airtel,4G,5,Satisfactory,13.0030308,77.7117993,Karnataka,5,2022
Indoor,Airtel,4G,4,Satisfactory,13.93691649,75.54807286,Karnataka,5,2022
Indoor,Airtel,4G,4,Satisfactory,13.9368385,75.54809707,Karnataka,5,2022
Indoor,Airtel,4G,4,Satisfactory,13.93665993,75.54828273,Karnataka,5,2022
Indoor,Airtel,4G,4,Satisfactory,13.93836349,75.54576715,Karnataka,5,2022
Indoor,Airtel,4G,4,Satisfactory,13.93675736,75.54808394,Karnataka,5,2022
Indoor,Airtel,4G,5,Satisfactory,28.99627469,77.69332884,Uttar Pradesh,5,2022
Indoor,Airtel,4G,4,Satisfactory,13.94465457,75.58277125,Karnataka,5,2022
Indoor,Airtel,4G,1,Poor Voice Quality,21.1410548,72.76517029,Gujarat,8,2022
Indoor,Airtel,4G,5,Satisfactory,13.00301699,77.71259346,Karnataka,8,2022
Indoor,Airtel,4G,5,Satisfactory,13.0712132,77.5611892,Karnataka,8,2022
Indoor,Airtel,4G,5,Satisfactory,13.0744602,77.5539518,Karnataka,8,2022
Indoor,Airtel,4G,5,Satisfactory,13.0703679,77.5560663,Karnataka,8,2022
Indoor,Airtel,4G,5,Satisfactory,12.95500518,77.70064902,Karnataka,8,2022
Indoor,Airtel,4G,5,Satisfactory,13.93709835,75.54763544,Karnataka,8,2022
Indoor,Airtel,4G,5,Satisfactory,13.90106327,75.5587091,Karnataka,8,2022
Indoor,Airtel,4G,5,Satisfactory,13.93673492,75.54809566,Karnataka,8,2022
Indoor,Airtel,4G,5,Satisfactory,13.93679618,75.54823872,Karnataka,8,2022
Indoor,Airtel,4G,5,Satisfactory,13.9369149,75.5460944,Karnataka,8,2022
Indoor,Airtel,4G,5,Satisfactory,13.93631345,75.54763187,Karnataka,8,2022
Indoor,Airtel,4G,5,Satisfactory,13.00415666,77.68329265,Karnataka,8,2022
Indoor,Airtel,4G,4,Satisfactory,12.12213356,77.96859893,Tamil Nadu,8,2022
Indoor,Airtel,4G,5,Satisfactory,13.07271737,77.56013953,Karnataka,8,2022
Indoor,Airtel,4G,5,Satisfactory,13.07247436,77.56033531,Karnataka,8,2022
Indoor,Airtel,4G,1,Call Dropped,13.0725795,77.560216,Karnataka,8,2022
Indoor,Airtel,4G,5,Satisfactory,15.89218333,76.48223833,Karnataka,8,2022
Indoor,Airtel,4G,5,Satisfactory,13.9366447,75.5481709,Karnataka,6,2022
Indoor,Airtel,4G,4,Satisfactory,13.93672919,75.54817153,Karnataka,6,2022
Indoor,Airtel,4G,4,Satisfactory,13.83480169,75.66266087,Karnataka,6,2022
Indoor,Airtel,4G,5,Satisfactory,13.93667412,75.54819138,Karnataka,6,2022
Indoor,Airtel,4G,5,Satisfactory,13.93346317,75.56017726,Karnataka,6,2022
Indoor,Airtel,4G,5,Satisfactory,13.0030129,77.7117258,Karnataka,6,2022
Indoor,Airtel,4G,5,Satisfactory,13.0030426,77.711759,Karnataka,6,2022
Indoor,Airtel,4G,1,Poor Voice Quality,21.1354606,72.77311232,Gujarat,6,2022
Indoor,Airtel,4G,4,Satisfactory,13.0029152,77.7117509,Karnataka,6,2022
Indoor,Airtel,4G,5,Satisfactory,13.07265703,77.56046509,Karnataka,8,2022
Indoor,Airtel,4G,5,Satisfactory,13.06968752,77.55979976,Karnataka,8,2022
Indoor,Airtel,4G,5,Satisfactory,15.89141,76.485695,Karnataka,8,2022
Indoor,Airtel,4G,5,Satisfactory,12.9482755,77.6986305,Karnataka,8,2022
Indoor,Airtel,4G,3,Satisfactory,30.11571467,78.28152537,Uttarakhand,10,2022
Indoor,Airtel,4G,5,Satisfactory,12.93675811,77.69406609,Karnataka,10,2022
Indoor,Airtel,4G,5,Satisfactory,12.99676047,77.66858739,Karnataka,10,2022
Indoor,Airtel,4G,2,Poor Voice Quality,30.11538936,78.28190716,Uttarakhand,10,2022
Indoor,Airtel,4G,1,Poor Voice Quality,13.75721382,79.63887571,Andhra Pradesh,10,2022
Indoor,Airtel,4G,5,Satisfactory,12.9344549,77.6969111,Karnataka,10,2022
Indoor,Airtel,4G,5,Satisfactory,13.06846814,77.55983226,Karnataka,10,2022
Indoor,Airtel,4G,5,Satisfactory,13.06904783,77.55981396,Karnataka,10,2022
Indoor,Airtel,4G,5,Satisfactory,12.97314693,77.69888033,Karnataka,10,2022
Indoor,Airtel,4G,5,Satisfactory,13.0725765,77.56037319,Karnataka,10,2022
Indoor,Airtel,4G,3,Satisfactory,19.22097271,72.84090933,Maharashtra,10,2022
Indoor,Airtel,4G,1,Call Dropped,19.22097271,72.84090933,Maharashtra,10,2022
Indoor,Airtel,4G,1,Poor Voice Quality,16.48227503,81.15153806,Andhra Pradesh,10,2022
Indoor,Airtel,4G,1,Poor Voice Quality,16.4800251,81.1501129,Andhra Pradesh,10,2022
Indoor,Airtel,4G,5,Satisfactory,13.94635116,75.56482731,Karnataka,10,2022
Indoor,Airtel,4G,5,Satisfactory,13.93758043,75.56260423,Karnataka,10,2022
Indoor,Airtel,4G,1,Call Dropped,12.9358955,77.6946025,Karnataka,10,2022
Indoor,Airtel,4G,5,Satisfactory,13.06004799,77.55865184,Karnataka,10,2022
Indoor,Airtel,4G,5,Satisfactory,13.0726055,77.5601891,Karnataka,10,2022
Indoor,Airtel,4G,5,Satisfactory,12.9358595,77.6945544,Karnataka,10,2022
Indoor,Airtel,4G,1,Poor Voice Quality,18.1885151,76.0430829,Maharashtra,10,2022
Indoor,Airtel,4G,5,Satisfactory,13.0726035,77.5601911,Karnataka,10,2022
Indoor,Airtel,4G,1,Poor Voice Quality,13.75727363,79.63884002,Andhra Pradesh,10,2022
Indoor,Airtel,4G,3,Satisfactory,30.11559563,78.28177975,Uttarakhand,10,2022
Indoor,Airtel,4G,5,Satisfactory,12.9358035,77.694592,Karnataka,10,2022
Indoor,Airtel,4G,1,Poor Voice Quality,27.2369421,74.1317433,Rajasthan,10,2022
Indoor,Airtel,4G,5,Satisfactory,12.9358353,77.6945753,Karnataka,10,2022
Indoor,Airtel,4G,3,Satisfactory,30.1048201,78.287656,Uttarakhand,10,2022
Indoor,Airtel,4G,3,Satisfactory,30.1073243,78.2888518,Uttarakhand,10,2022
Indoor,Airtel,4G,5,Satisfactory,13.07334021,77.56110627,Karnataka,10,2022
Indoor,Airtel,4G,3,Satisfactory,30.1151016,78.2823166,Uttarakhand,10,2022
Indoor,Airtel,4G,5,Satisfactory,12.99850374,77.66356845,Karnataka,10,2022
Indoor,Airtel,4G,4,Satisfactory,13.0726061,77.5601958,Karnataka,10,2022
Indoor,Airtel,4G,1,Call Dropped,13.0726104,77.5601846,Karnataka,10,2022
Indoor,Airtel,4G,4,Satisfactory,13.0726061,77.5601958,Karnataka,10,2022
Indoor,Airtel,4G,5,Satisfactory,12.9361905,77.69469307,Karnataka,10,2022
Indoor,Airtel,4G,5,Satisfactory,12.9342913,77.6932403,Karnataka,10,2022
Indoor,Airtel,4G,5,Satisfactory,14.02777702,75.93199265,Karnataka,10,2022
Indoor,Airtel,4G,3,Satisfactory,30.1048148,78.287665,Uttarakhand,10,2022
Indoor,Airtel,4G,3,Satisfactory,30.10484772,78.28763594,Uttarakhand,10,2022
Indoor,Airtel,4G,5,Satisfactory,13.05591051,77.55822927,Karnataka,10,2022
Indoor,Airtel,4G,3,Satisfactory,30.1155405,78.2817775,Uttarakhand,10,2022
Indoor,Airtel,4G,3,Satisfactory,30.10465906,78.28754201,Uttarakhand,10,2022
Indoor,Airtel,4G,3,Satisfactory,30.28993472,78.08145174,Uttarakhand,10,2022
Indoor,Airtel,4G,3,Satisfactory,30.28993472,78.08145174,Uttarakhand,10,2022
Indoor,Airtel,4G,5,Satisfactory,13.93577304,75.57146087,Karnataka,10,2022
Indoor,Airtel,4G,3,Satisfactory,30.10566842,78.2975683,Uttarakhand,10,2022
Indoor,Airtel,4G,5,Satisfactory,13.0725682,77.5602786,Karnataka,10,2022
Indoor,Airtel,4G,5,Satisfactory,13.071748,77.5605382,Karnataka,10,2022
Indoor,Airtel,4G,5,Satisfactory,13.0717213,77.5605758,Karnataka,10,2022
Indoor,Airtel,4G,5,Satisfactory,13.0725824,77.5602944,Karnataka,10,2022
Indoor,Airtel,4G,5,Satisfactory,13.93685173,75.54808173,Karnataka,10,2022
Indoor,Airtel,4G,3,Satisfactory,30.11640669,78.28083329,Uttarakhand,10,2022
Indoor,Airtel,4G,3,Satisfactory,30.11640669,78.28083329,Uttarakhand,10,2022
Indoor,Airtel,4G,5,Satisfactory,13.9586972,75.57885527,Karnataka,10,2022
Indoor,Airtel,4G,3,Satisfactory,30.10439686,78.28780774,Uttarakhand,10,2022
Indoor,Airtel,4G,3,Satisfactory,30.1164396,78.2808021,Uttarakhand,10,2022
Indoor,Airtel,4G,3,Satisfactory,30.1155248,78.2818077,Uttarakhand,10,2022
Indoor,Airtel,4G,3,Satisfactory,30.1155366,78.2818021,Uttarakhand,10,2022
Indoor,Airtel,4G,5,Satisfactory,14.02803841,75.93173342,Karnataka,10,2022
Indoor,Airtel,4G,5,Satisfactory,13.0726107,77.5602389,Karnataka,10,2022
Indoor,Airtel,4G,5,Satisfactory,13.0694293,77.5604996,Karnataka,10,2022
Indoor,Airtel,4G,5,Satisfactory,13.0725739,77.560227,Karnataka,10,2022
Indoor,Airtel,4G,5,Satisfactory,13.0726271,77.5602113,Karnataka,10,2022
Indoor,Airtel,4G,5,Satisfactory,13.05715625,77.59291467,Karnataka,10,2022
Indoor,Airtel,4G,3,Satisfactory,30.1047049,78.2876409,Uttarakhand,10,2022
Indoor,Airtel,4G,5,Satisfactory,13.0726097,77.5602068,Karnataka,10,2022
Indoor,Airtel,4G,5,Satisfactory,13.072608,77.5602071,Karnataka,10,2022
Indoor,Airtel,4G,5,Satisfactory,14.02816011,75.93195151,Karnataka,10,2022
Indoor,Airtel,4G,5,Satisfactory,14.02182796,75.92962113,Karnataka,10,2022
Indoor,Airtel,4G,5,Satisfactory,14.57619802,76.30682157,Karnataka,10,2022
Indoor,Airtel,4G,5,Satisfactory,13.93717584,75.54774398,Karnataka,10,2022
Indoor,Airtel,4G,5,Satisfactory,13.9367894,75.5480487,Karnataka,10,2022
Indoor,Airtel,4G,5,Satisfactory,13.9367845,75.548049,Karnataka,10,2022
Indoor,Airtel,4G,1,Poor Voice Quality,19.2225511,72.8436357,Maharashtra,10,2022
Indoor,Airtel,4G,3,Satisfactory,30.1156251,78.2817875,Uttarakhand,10,2022
Indoor,Airtel,4G,5,Satisfactory,13.83447617,75.66327585,Karnataka,10,2022
Indoor,Airtel,4G,1,Poor Voice Quality,19.22055909,72.84291727,Maharashtra,10,2022
Indoor,Airtel,4G,5,Satisfactory,14.0281365,75.93189338,Karnataka,10,2022
Indoor,Airtel,4G,5,Satisfactory,14.0281365,75.93189338,Karnataka,10,2022
Indoor,Airtel,4G,2,Poor Voice Quality,19.22068445,72.84292245,Maharashtra,10,2022
Indoor,Airtel,4G,1,Poor Voice Quality,19.22068445,72.84292245,Maharashtra,10,2022
Indoor,Airtel,4G,1,Call Dropped,19.22068445,72.84292245,Maharashtra,10,2022
Indoor,Airtel,4G,3,Satisfactory,30.1155299,78.2817986,Uttarakhand,10,2022
Indoor,Airtel,4G,5,Satisfactory,12.93553935,77.69475309,Karnataka,10,2022
Indoor,Airtel,4G,1,Poor Voice Quality,19.22182215,72.84073262,Maharashtra,10,2022
Indoor,Airtel,4G,3,Satisfactory,30.115352,78.2818875,Uttarakhand,10,2022
Indoor,Airtel,4G,5,Satisfactory,12.9694963,77.6912033,Karnataka,10,2022
Indoor,Airtel,4G,5,Satisfactory,12.9360556,77.6946539,Karnataka,10,2022
Indoor,Airtel,4G,3,Satisfactory,30.1155509,78.2817673,Uttarakhand,10,2022
Indoor,Airtel,4G,3,Satisfactory,30.1155494,78.281768,Uttarakhand,10,2022
Indoor,Airtel,4G,5,Satisfactory,12.99680122,77.66432014,Karnataka,10,2022
Indoor,Airtel,4G,3,Satisfactory,30.1153722,78.2819435,Uttarakhand,10,2022
Indoor,Airtel,4G,1,Call Dropped,19.2205629,72.8429094,Maharashtra,10,2022
Indoor,Airtel,4G,5,Satisfactory,13.0666,77.582386,Karnataka,10,2022
Indoor,Airtel,4G,5,Satisfactory,13.0725926,77.5602103,Karnataka,10,2022
Indoor,Airtel,4G,1,Call Dropped,19.21645205,72.84257359,Maharashtra,10,2022
Indoor,Airtel,4G,5,Satisfactory,12.93650518,77.69458956,Karnataka,10,2022
Indoor,Airtel,4G,5,Satisfactory,12.9358322,77.6945719,Karnataka,10,2022
Indoor,Airtel,4G,1,Poor Voice Quality,19.2205525,72.8428704,Maharashtra,10,2022
Indoor,Airtel,4G,5,Satisfactory,13.0725996,77.5602073,Karnataka,10,2022
Indoor,Airtel,4G,1,Poor Voice Quality,19.2205534,72.8428754,Maharashtra,10,2022
Indoor,Airtel,4G,5,Satisfactory,13.05032767,77.55770254,Karnataka,10,2022
Indoor,Airtel,4G,1,Poor Voice Quality,19.220587,72.8429672,Maharashtra,10,2022
Indoor,Airtel,4G,5,Satisfactory,13.04123543,77.61961269,Karnataka,12,2022
Indoor,Airtel,4G,3,Satisfactory,30.11538936,78.28190716,Uttarakhand,12,2022
Indoor,Airtel,4G,3,Satisfactory,30.1155394,78.2817606,Uttarakhand,12,2022
Indoor,Airtel,4G,3,Satisfactory,30.1157763,78.28172888,Uttarakhand,12,2022
Indoor,Airtel,4G,5,Satisfactory,13.02154726,77.64989703,Karnataka,12,2022
Indoor,Airtel,4G,5,Satisfactory,13.93758043,75.56260423,Karnataka,12,2022
Indoor,Airtel,4G,1,Call Dropped,12.9358955,77.6946025,Karnataka,12,2022
Indoor,Airtel,4G,5,Satisfactory,12.9358718,77.6945645,Karnataka,12,2022
Indoor,Airtel,4G,5,Satisfactory,13.05357241,77.66085708,Karnataka,12,2022
Indoor,Airtel,4G,5,Satisfactory,12.9358595,77.6945544,Karnataka,12,2022
Indoor,Airtel,4G,5,Satisfactory,12.9358496,77.6945922,Karnataka,12,2022
Indoor,Airtel,4G,5,Satisfactory,14.02792824,75.93200836,Karnataka,12,2022
Indoor,Airtel,4G,5,Satisfactory,14.0277281,75.93181802,Karnataka,12,2022
Indoor,Airtel,4G,5,Satisfactory,12.9358883,77.6947466,Karnataka,9,2022
Indoor,Airtel,4G,5,Satisfactory,14.03707205,75.6786885,Karnataka,9,2022
Indoor,Airtel,4G,5,Satisfactory,13.935253,75.5479099,Karnataka,9,2022
Indoor,Airtel,4G,1,Call Dropped,13.0726065,77.5602799,Karnataka,9,2022
Indoor,Airtel,4G,5,Satisfactory,13.0726164,77.5602875,Karnataka,9,2022
Indoor,Airtel,4G,5,Satisfactory,13.0726077,77.5602789,Karnataka,9,2022
Indoor,Airtel,4G,5,Satisfactory,12.9360001,77.694326,Karnataka,9,2022
Indoor,Airtel,4G,3,Satisfactory,30.11597549,78.28117077,Uttarakhand,9,2022
Indoor,Airtel,4G,5,Satisfactory,12.9361231,77.6946037,Karnataka,9,2022
Indoor,Airtel,4G,5,Satisfactory,12.9361467,77.6946076,Karnataka,9,2022
Indoor,Airtel,4G,5,Satisfactory,13.06793273,77.56965281,Karnataka,9,2022
Indoor,Airtel,4G,5,Satisfactory,12.9356696,77.6946107,Karnataka,9,2022
Indoor,Airtel,4G,3,Satisfactory,30.11597549,78.28117077,Uttarakhand,9,2022
Indoor,Airtel,4G,3,Satisfactory,30.11597549,78.28117077,Uttarakhand,9,2022
Indoor,Airtel,4G,5,Satisfactory,12.9361235,77.6946106,Karnataka,9,2022
Indoor,Airtel,4G,5,Satisfactory,12.9961748,77.66486576,Karnataka,9,2022
Indoor,Airtel,4G,5,Satisfactory,12.9961748,77.66486576,Karnataka,9,2022
Indoor,Airtel,4G,1,Call Dropped,14.0281365,75.93189338,Karnataka,11,2022
Indoor,Airtel,4G,5,Satisfactory,14.0281365,75.93189338,Karnataka,11,2022
Indoor,Airtel,4G,5,Satisfactory,14.0281365,75.93189338,Karnataka,11,2022
Indoor,Airtel,4G,3,Satisfactory,30.115352,78.2818875,Uttarakhand,11,2022
Indoor,Airtel,4G,3,Satisfactory,30.1155535,78.2817603,Uttarakhand,11,2022
Indoor,Airtel,4G,1,Call Dropped,19.2206135,72.842824,Maharashtra,11,2022
Indoor,Airtel,4G,5,Satisfactory,12.9359793,77.6945514,Karnataka,11,2022
Indoor,Airtel,4G,5,Satisfactory,12.9360556,77.6946539,Karnataka,11,2022
Indoor,Airtel,4G,5,Satisfactory,12.9360815,77.6946449,Karnataka,11,2022
Indoor,Airtel,4G,1,Call Dropped,19.2205629,72.8429094,Maharashtra,11,2022
Indoor,Airtel,4G,2,Poor Voice Quality,19.2205864,72.842869,Maharashtra,11,2022
Indoor,Airtel,4G,5,Satisfactory,13.0666204,77.5824415,Karnataka,11,2022
Indoor,Airtel,4G,5,Satisfactory,13.0725926,77.5602103,Karnataka,11,2022
Indoor,Airtel,4G,5,Satisfactory,13.0726006,77.5602071,Karnataka,11,2022
Indoor,Airtel,4G,2,Poor Voice Quality,19.2205505,72.8428545,Maharashtra,11,2022
Indoor,Airtel,4G,5,Satisfactory,12.9357008,77.6946205,Karnataka,11,2022
Indoor,Airtel,4G,3,Satisfactory,30.10491522,78.28764242,Uttarakhand,11,2022
Indoor,Airtel,4G,5,Satisfactory,13.0725897,77.5602206,Karnataka,11,2022
Indoor,Airtel,4G,5,Satisfactory,10.9717247,76.947202,Tamil Nadu,11,2022
Indoor,Airtel,4G,5,Satisfactory,12.9358406,77.6946689,Karnataka,11,2022
Indoor,Airtel,4G,1,Poor Voice Quality,19.21407224,72.84484822,Maharashtra,11,2022
Indoor,Airtel,4G,3,Satisfactory,30.11571467,78.28152537,Uttarakhand,11,2022
Indoor,Airtel,4G,5,Satisfactory,12.9358347,77.6946272,Karnataka,11,2022
Indoor,Airtel,4G,5,Satisfactory,12.93617311,77.69448183,Karnataka,11,2022
Indoor,Airtel,4G,3,Satisfactory,30.1100879,78.2953295,Uttarakhand,11,2022
Indoor,Airtel,4G,5,Satisfactory,12.93675811,77.69406609,Karnataka,11,2022
Indoor,Airtel,4G,2,Poor Voice Quality,30.11538936,78.28190716,Uttarakhand,11,2022
Indoor,Airtel,4G,5,Satisfactory,13.072551,77.560213,Karnataka,3,2023
Indoor,Airtel,4G,5,Satisfactory,13.0726012,77.5602011,Karnataka,3,2023
Indoor,Airtel,4G,5,Satisfactory,12.9566399,77.48961152,Karnataka,3,2023
Indoor,Airtel,4G,5,Satisfactory,10.79930031,76.63740443,Kerala,3,2023
Indoor,Airtel,4G,5,Satisfactory,10.65044306,76.58952389,Kerala,3,2023
Indoor,Airtel,4G,2,Call Dropped,10.6502558,76.5901128,Kerala,3,2023
Indoor,Airtel,4G,5,Satisfactory,17.36287596,78.52027539,Telangana,3,2023
Indoor,Airtel,4G,5,Satisfactory,10.65007653,76.59032075,Kerala,3,2023
Indoor,Airtel,4G,5,Satisfactory,13.07169692,77.56054208,Karnataka,3,2023
Indoor,Airtel,4G,5,Satisfactory,10.74965552,76.5794037,Kerala,3,2023
Indoor,Airtel,4G,5,Satisfactory,10.74955265,76.57932929,Kerala,3,2023
Indoor,Airtel,4G,5,Satisfactory,10.74967003,76.57935037,Kerala,3,2023
Indoor,Airtel,4G,5,Satisfactory,13.0726052,77.5602016,Karnataka,3,2023
Indoor,Airtel,4G,5,Satisfactory,10.74965806,76.57927606,Kerala,3,2023
Indoor,Airtel,4G,5,Satisfactory,10.80075021,76.55924452,Kerala,3,2023
Indoor,Airtel,4G,5,Satisfactory,10.69057909,76.42194262,Kerala,3,2023
Indoor,Airtel,4G,5,Satisfactory,10.69027602,76.42143601,Kerala,3,2023
Indoor,Airtel,4G,5,Satisfactory,10.6902123,76.42139392,Kerala,3,2023
Indoor,Airtel,4G,5,Satisfactory,10.67607117,76.42558671,Kerala,3,2023
Indoor,Airtel,4G,5,Satisfactory,10.59544545,76.66686274,Kerala,3,2023
Indoor,Airtel,4G,5,Satisfactory,10.59577408,76.66725217,Kerala,3,2023
Indoor,Airtel,4G,5,Satisfactory,10.59569294,76.66722483,Kerala,3,2023
Indoor,Airtel,4G,5,Satisfactory,10.59573866,76.66727301,Kerala,3,2023
Indoor,Airtel,4G,5,Satisfactory,10.66614617,76.61342939,Kerala,3,2023
Indoor,Airtel,4G,5,Satisfactory,10.66949402,76.61005983,Kerala,3,2023
Indoor,Airtel,4G,5,Satisfactory,10.64157053,76.59737194,Kerala,3,2023
Indoor,Airtel,4G,1,Poor Voice Quality,12.9566026,77.4896319,Karnataka,3,2023
Indoor,Airtel,4G,5,Satisfactory,12.9566026,77.4896319,Karnataka,3,2023
Indoor,Airtel,4G,5,Satisfactory,13.0003651,77.67897632,Karnataka,2,2023
Indoor,Airtel,4G,5,Satisfactory,13.0725999,77.5601991,Karnataka,2,2023
Indoor,Airtel,4G,5,Satisfactory,12.9358259,77.694593,Karnataka,2,2023
Indoor,Airtel,4G,5,Satisfactory,12.93545912,77.69480037,Karnataka,2,2023
Indoor,Airtel,4G,5,Satisfactory,13.0700315,77.58530692,Karnataka,2,2023
Indoor,Airtel,4G,5,Satisfactory,12.9357971,77.6945785,Karnataka,2,2023
Indoor,Airtel,4G,5,Satisfactory,13.83436842,75.6633674,Karnataka,2,2023
Indoor,Airtel,4G,5,Satisfactory,13.9369545,75.54808287,Karnataka,2,2023
Indoor,Airtel,4G,5,Satisfactory,13.9340222,75.55374206,Karnataka,2,2023
Indoor,Airtel,4G,5,Satisfactory,12.9358205,77.6945983,Karnataka,2,2023
Indoor,Airtel,4G,5,Satisfactory,13.0684712,77.55995106,Karnataka,2,2023
Indoor,Airtel,4G,5,Satisfactory,12.9357713,77.6945618,Karnataka,2,2023
Indoor,Airtel,4G,2,Poor Voice Quality,13.0726076,77.5601937,Karnataka,2,2023
Indoor,Airtel,4G,5,Satisfactory,13.05986357,77.55881646,Karnataka,2,2023
Indoor,Airtel,4G,5,Satisfactory,13.0726074,77.5601881,Karnataka,2,2023
Indoor,Airtel,4G,5,Satisfactory,13.0725996,77.5601879,Karnataka,2,2023
Indoor,Airtel,4G,5,Satisfactory,13.07090005,77.55824709,Karnataka,2,2023
Indoor,Airtel,4G,5,Satisfactory,14.02783146,75.93148357,Karnataka,1,2023
Indoor,Airtel,4G,5,Satisfactory,12.9358173,77.6945328,Karnataka,1,2023
Indoor,Airtel,4G,5,Satisfactory,13.06852712,77.5598932,Karnataka,1,2023
Indoor,Airtel,4G,3,Satisfactory,30.11559563,78.28177975,Uttarakhand,1,2023
Indoor,Airtel,4G,5,Satisfactory,12.9358035,77.694592,Karnataka,1,2023
Indoor,Airtel,4G,3,Satisfactory,30.1048096,78.2876544,Uttarakhand,1,2023
Indoor,Airtel,4G,5,Satisfactory,13.05951278,77.55931811,Karnataka,1,2023
Indoor,Airtel,4G,3,Satisfactory,30.1058743,78.2877045,Uttarakhand,1,2023
Indoor,Airtel,4G,5,Satisfactory,13.06845145,77.55983677,Karnataka,1,2023
Indoor,Airtel,4G,5,Satisfactory,12.99850374,77.66356845,Karnataka,1,2023
Indoor,Airtel,4G,5,Satisfactory,12.99850374,77.66356845,Karnataka,1,2023
Indoor,Airtel,4G,5,Satisfactory,13.0725968,77.5601969,Karnataka,1,2023
Indoor,Airtel,4G,5,Satisfactory,14.02802398,75.93189498,Karnataka,1,2023
Indoor,Airtel,4G,3,Satisfactory,30.10484772,78.28763594,Uttarakhand,1,2023
Indoor,Airtel,4G,3,Satisfactory,30.10484772,78.28763594,Uttarakhand,1,2023
Indoor,Airtel,4G,5,Satisfactory,13.05591051,77.55822927,Karnataka,1,2023
Indoor,Airtel,4G,5,Satisfactory,13.04504867,77.55673296,Karnataka,1,2023
Indoor,Airtel,4G,1,Poor Voice Quality,21.13670108,72.77703106,Gujarat,1,2023
Indoor,Airtel,4G,3,Satisfactory,30.28993472,78.08145174,Uttarakhand,1,2023
Indoor,Airtel,4G,3,Satisfactory,30.28993472,78.08145174,Uttarakhand,1,2023
Indoor,Airtel,4G,5,Satisfactory,19.66571864,84.84064752,Odisha,1,2023
Indoor,Airtel,4G,3,Satisfactory,30.10566842,78.2975683,Uttarakhand,1,2023
Indoor,Airtel,4G,3,Satisfactory,30.10497463,78.28755775,Uttarakhand,1,2023
Indoor,Airtel,4G,1,Poor Voice Quality,18.440185,73.8461333,Maharashtra,2,2022
Indoor,Airtel,4G,1,Poor Voice Quality,19.22043483,72.84290721,Maharashtra,5,2023
Indoor,Airtel,4G,2,Poor Voice Quality,19.22043483,72.84290721,Maharashtra,5,2023
Indoor,Airtel,4G,1,Poor Voice Quality,13.74877434,79.67609318,Andhra Pradesh,6,2023
Indoor,Airtel,4G,5,Satisfactory,12.95658392,77.48960836,Karnataka,6,2023
Indoor,Airtel,4G,5,Satisfactory,12.91939202,77.66783066,Karnataka,7,2023
Indoor,Airtel,4G,5,Satisfactory,12.8879868,77.6719397,Karnataka,7,2023
Indoor,Airtel,4G,3,Satisfactory,30.10494538,78.28773426,Uttarakhand,12,2023
Indoor,Airtel,4G,3,Satisfactory,30.1019522,78.2880109,Uttarakhand,12,2023
Indoor,Airtel,4G,3,Satisfactory,30.11553956,78.28203693,Uttarakhand,12,2023
Indoor,Airtel,4G,3,Satisfactory,30.1048511,78.2876524,Uttarakhand,12,2023
Indoor,Airtel,4G,3,Satisfactory,30.1048506,78.2876548,Uttarakhand,12,2023
Indoor,Airtel,4G,3,Satisfactory,30.1048506,78.2876548,Uttarakhand,12,2023
Indoor,Airtel,4G,3,Satisfactory,30.10513077,78.2873834,Uttarakhand,12,2023
Indoor,Airtel,4G,3,Satisfactory,30.10674058,78.29577948,Uttarakhand,9,2023
Indoor,Airtel,4G,3,Satisfactory,30.110855,78.2950299,Uttarakhand,9,2023
Indoor,Airtel,4G,3,Satisfactory,30.1108377,78.2950413,Uttarakhand,9,2023
Indoor,Airtel,4G,3,Satisfactory,30.110836,78.2950381,Uttarakhand,9,2023
Indoor,Airtel,4G,3,Satisfactory,30.1108486,78.2950641,Uttarakhand,9,2023
Indoor,Airtel,4G,2,Poor Voice Quality,22.18925333,87.60801,West Bengal,8,2023
Indoor,Airtel,4G,1,Poor Voice Quality,25.251785,87.04566167,Bihar,8,2023
Indoor,Airtel,4G,3,Satisfactory,30.10489412,78.28764122,Uttarakhand,11,2023
Indoor,Airtel,4G,3,Satisfactory,30.1063703,78.29844777,Uttarakhand,11,2023
Indoor,Airtel,4G,3,Satisfactory,30.11572745,78.28174335,Uttarakhand,11,2023
Indoor,Airtel,4G,3,Satisfactory,30.3362072,77.96570819,Uttarakhand,11,2023
Indoor,Airtel,4G,3,Satisfactory,30.11413092,78.28390779,Uttarakhand,11,2023
Indoor,Airtel,4G,1,Poor Voice Quality,30.10497364,78.28766477,Uttarakhand,11,2023
Indoor,Airtel,4G,3,Satisfactory,30.10497364,78.28766477,Uttarakhand,11,2023
Indoor,Airtel,4G,5,Satisfactory,24.0181631,81.3786115,Madhya Pradesh,9,2024
Indoor,Airtel,4G,4,Satisfactory,25.6077345,85.11407,Bihar,9,2024
Indoor,Airtel,4G,4,Satisfactory,25.6079686,85.1136999,Bihar,9,2024
Indoor,Airtel,4G,1,Poor Voice Quality,28.5655733,77.2272583,Delhi,8,2024
Indoor,Airtel,4G,4,Satisfactory,25.6077178,85.1140482,Bihar,8,2024
Indoor,Airtel,4G,5,Satisfactory,19.2243843,73.0962901,Maharashtra,8,2024
Indoor,Airtel,4G,1,Poor Voice Quality,28.5951338,77.3176496,Uttar Pradesh,5,2024
Indoor,Airtel,4G,1,Poor Voice Quality,28.5951338,77.3176496,Uttar Pradesh,5,2024
Indoor,Airtel,4G,1,Poor Voice Quality,28.5951338,77.3176496,Uttar Pradesh,5,2024
Indoor,Airtel,4G,5,Satisfactory,12.95664181,77.48971979,Karnataka,2,2024
Indoor,Airtel,4G,5,Satisfactory,25.60691333,85.113535,Bihar,9,2024
Indoor,Airtel,4G,3,Satisfactory,30.104794,78.2876473,Uttarakhand,10,2023
Indoor,Airtel,4G,3,Satisfactory,30.1026639,78.2880109,Uttarakhand,10,2023
Indoor,Airtel,4G,3,Satisfactory,30.1047951,78.2876499,Uttarakhand,10,2023
Indoor,Airtel,4G,1,Poor Voice Quality,28.57905087,77.52841017,Uttar Pradesh,10,2023
Indoor,Airtel,4G,5,Satisfactory,28.65172387,77.40398512,Uttar Pradesh,12,2024
Indoor,Airtel,4G,3,Poor Voice Quality,27.18516163,88.50241199,Sikkim,12,2024
Indoor,Airtel,4G,4,Satisfactory,19.21579879,72.98349652,Maharashtra,12,2024
Indoor,Airtel,4G,5,Satisfactory,28.6516113,77.4043034,Uttar Pradesh,12,2024
Indoor,Airtel,4G,3,Satisfactory,21.16942874,81.33816829,Chhattisgarh,10,2024
Indoor,Airtel,4G,5,Satisfactory,12.84510551,77.6686303,Karnataka,10,2024
Indoor,Airtel,4G,5,Satisfactory,28.00279833,73.33760333,Rajasthan,10,2024
Indoor,Airtel,4G,5,Satisfactory,25.87243921,85.54283942,Bihar,10,2024
Indoor,Airtel,4G,5,Satisfactory,25.87243921,85.54283942,Bihar,10,2024
Indoor,Airtel,4G,1,Call Dropped,26.466035,86.50113000000002,Bihar,1,2025
Indoor,Airtel,4G,1,Call Dropped,14.85349,74.11783333333332,Karnataka,1,2025
Indoor,Airtel,4G,1,Poor Voice Quality,14.85349,74.11783333333332,Karnataka,1,2025
Indoor,Airtel,4G,1,Poor Voice Quality,14.85349,74.11783333333332,Karnataka,1,2025
Indoor,Airtel,4G,1,Poor Voice Quality,19.2453896,72.782032,Maharashtra,1,2025
Indoor,Airtel,4G,1,Poor Voice Quality,22.70952256,71.67508558,Gujarat,1,2025
Indoor,Airtel,4G,5,Satisfactory,18.1138482,83.3941957,Andhra Pradesh,11,2024
Indoor,Airtel,4G,5,Satisfactory,25.6077745,85.1140222,Bihar,11,2024
Indoor,Airtel,4G,1,Call Dropped,23.19311209,77.44933976,Madhya Pradesh,1,2025
Indoor,Airtel,4G,1,Call Dropped,23.19311209,77.44933976,Madhya Pradesh,1,2025
Indoor,Airtel,4G,2,Poor Voice Quality,25.84490541368723,85.13569098897278,Bihar,1,2025
Indoor,Airtel,4G,5,Satisfactory,26.87407166666667,80.93482666666667,Uttar Pradesh,1,2025
Indoor,Airtel,4G,1,Poor Voice Quality,28.3376667,77.3247383,Haryana,1,2025
Indoor,Airtel,4G,5,Satisfactory,15.8388044,78.0120157,Andhra Pradesh,1,2025
Indoor,Airtel,4G,1,Poor Voice Quality,25.4661675,81.8480708,Uttar Pradesh,12,2024
Indoor,Airtel,4G,5,Satisfactory,24.24736135,76.16843734,Madhya Pradesh,1,2025
Indoor,Airtel,4G,1,Call Dropped,28.5803256,77.23840668333334,Delhi,1,2025
Indoor,Airtel,4G,1,Poor Voice Quality,28.82994977,78.79325672,Uttar Pradesh,1,2025
Indoor,Airtel,4G,3,Satisfactory,27.18136,78.38555666666666,Uttar Pradesh,1,2025
Indoor,Airtel,4G,4,Satisfactory,30.206716033333336,76.15686401666667,Punjab,1,2025
Indoor,Airtel,4G,3,Satisfactory,30.206716033333336,76.15686401666667,Punjab,1,2025
Indoor,Airtel,4G,2,Poor Voice Quality,30.206716033333336,76.15686401666667,Punjab,1,2025
Indoor,Airtel,4G,2,Poor Voice Quality,31.57564617,74.76777493,Punjab,1,2025
Indoor,Airtel,4G,2,Poor Voice Quality,30.206716033333336,76.15686401666667,Punjab,1,2025
Indoor,Airtel,4G,5,Satisfactory,28.4741268,77.3139766,Haryana,1,2025
Indoor,Airtel,4G,1,Poor Voice Quality,18.5458889,73.9216682,Maharashtra,1,2025
Indoor,Airtel,4G,1,Call Dropped,28.372035,79.43181166666666,Uttar Pradesh,1,2025
Indoor,Airtel,4G,1,Poor Voice Quality,17.44553698,75.19093217,Maharashtra,1,2025
Indoor,Airtel,4G,1,Poor Voice Quality,28.47127259,77.53231202,Uttar Pradesh,1,2025
Indoor,Airtel,4G,1,Poor Voice Quality,15.031506666666669,77.81229833333333,Andhra Pradesh,1,2025
Indoor,Airtel,4G,2,Poor Voice Quality,31.60825333558023,75.32058429904282,Punjab,1,2025
Indoor,Airtel,4G,2,Poor Voice Quality,30.1039383,75.8869371,Punjab,1,2025
Indoor,Airtel,4G,1,Poor Voice Quality,25.87426772341132,82.08914704620838,Uttar Pradesh,1,2025
Indoor,Airtel,4G,1,Poor Voice Quality,25.874318392015997,82.08913472481072,Uttar Pradesh,1,2025
Indoor,Airtel,4G,5,Satisfactory,27.89190755,79.91139469,Uttar Pradesh,1,2025
Indoor,Airtel,4G,4,Satisfactory,26.86944588333333,88.73633383333332,West Bengal,1,2025
Indoor,Airtel,4G,1,Poor Voice Quality,20.33730166666667,72.92830333333333,Gujarat,1,2025
Indoor,Airtel,4G,1,Poor Voice Quality,15.031471666666668,77.81227833333334,Andhra Pradesh,1,2025
Indoor,Airtel,4G,1,Call Dropped,26.47534159,80.28524854,Uttar Pradesh,1,2025
Indoor,Airtel,4G,1,Call Dropped,25.60246754,86.24121389,Bihar,10,2024
Indoor,Airtel,4G,3,Satisfactory,27.840480000000003,79.84797499999999,Uttar Pradesh,2,2025
Indoor,Airtel,4G,3,Satisfactory,27.84031333333333,79.84807333333333,Uttar Pradesh,2,2025
Indoor,Airtel,4G,1,Call Dropped,26.9415866,75.8478615,Rajasthan,2,2025
Indoor,Airtel,4G,3,Satisfactory,30.92096833333333,74.97788999999999,Punjab,2,2025
Indoor,Airtel,4G,5,Satisfactory,23.679871666666667,86.98875000000001,West Bengal,2,2025
Indoor,Airtel,4G,1,Call Dropped,28.656251,77.2856646,Delhi,2,2025
Indoor,Airtel,4G,1,Poor Voice Quality,15.031436666666666,77.81219666666667,Andhra Pradesh,2,2025
Indoor,Airtel,4G,1,Poor Voice Quality,15.031436666666666,77.81219666666667,Andhra Pradesh,2,2025
Indoor,Airtel,4G,1,Poor Voice Quality,15.26091442,77.47736475,Andhra Pradesh,1,2025
Indoor,Airtel,4G,1,Poor Voice Quality,15.0282465,77.8172507,Andhra Pradesh,1,2025
Indoor,Airtel,4G,1,Poor Voice Quality,15.0461127,77.815821,Andhra Pradesh,1,2025
Indoor,Airtel,4G,2,Poor Voice Quality,28.7006949,77.3047787,Delhi,1,2025
Indoor,Airtel,4G,1,Call Dropped,25.3423955,76.3573973,Rajasthan,2,2025
Indoor,Airtel,4G,2,Poor Voice Quality,21.251243236474693,81.63526573218405,Chhattisgarh,2,2025
Indoor,Airtel,4G,2,Poor Voice Quality,28.92507,79.32771833333332,Uttar Pradesh,2,2025
Indoor,Airtel,4G,1,Poor Voice Quality,25.58638224,82.12263014,Uttar Pradesh,2,2025
Indoor,Airtel,4G,1,Poor Voice Quality,28.57374698333333,77.23791988333333,Delhi,2,2025
Indoor,Airtel,4G,2,Poor Voice Quality,21.12197,79.091255,Maharashtra,2,2025
Indoor,Airtel,4G,5,Satisfactory,30.25579759,76.00155779,Punjab,2,2025
Indoor,Airtel,4G,4,Satisfactory,30.25582357,76.00147073,Punjab,2,2025
Indoor,Airtel,4G,1,Call Dropped,28.56306327972561,77.16814309358597,Delhi,2,2025
Indoor,Airtel,4G,2,Poor Voice Quality,25.9483938,84.5809569,Bihar,2,2025
Indoor,Airtel,4G,5,Satisfactory,30.6521472,74.7715035,Punjab,2,2025
Indoor,Airtel,4G,1,Poor Voice Quality,22.7558207,72.3246381,Gujarat,2,2025
Indoor,Airtel,4G,1,Poor Voice Quality,28.6212948,77.1629808,Delhi,2,2025
Indoor,Airtel,4G,2,Poor Voice Quality,17.3458924,78.5095199,Telangana,1,2025
Indoor,Airtel,4G,4,Satisfactory,28.5078108,77.482323,Uttar Pradesh,1,2025
Indoor,Airtel,4G,1,Poor Voice Quality,28.66062138333333,77.24144143333334,Delhi,1,2025
Indoor,Airtel,4G,5,Satisfactory,22.07046666666667,88.43189499999998,West Bengal,1,2025
Indoor,Airtel,4G,3,Satisfactory,28.63638166666666,77.14233666666668,Delhi,3,2025
Indoor,Airtel,4G,3,Satisfactory,31.518774842843413,75.28599939,Punjab,3,2025
Indoor,Airtel,4G,2,Poor Voice Quality,30.81544216,75.6460465,Punjab,3,2025
Indoor,Airtel,4G,2,Poor Voice Quality,28.7006129,77.3047226,Delhi,3,2025
Indoor,Airtel,4G,2,Poor Voice Quality,28.6684578,77.22731053333334,Delhi,3,2025
Indoor,Airtel,4G,5,Satisfactory,22.76710663,75.89907178,Madhya Pradesh,7,2025
Indoor,Airtel,4G,1,Poor Voice Quality,28.5122926,77.3390352,Delhi,7,2025
Indoor,Airtel,4G,1,Poor Voice Quality,26.423435,84.92517,Bihar,7,2025
Indoor,Airtel,4G,5,Satisfactory,19.1711588,72.8331611,Maharashtra,7,2025
Indoor,Airtel,4G,1,Poor Voice Quality,28.645735,77.27874333,Delhi,7,2025
Indoor,Airtel,4G,1,Poor Voice Quality,22.5662331,71.8145555,Gujarat,7,2025
Indoor,Airtel,4G,5,Satisfactory,8.208365,77.577585,Tamil Nadu,7,2025
Indoor,Airtel,4G,5,Satisfactory,19.17071107,72.8329577,Maharashtra,7,2025
Indoor,Airtel,4G,5,Satisfactory,28.65012667,77.27430333,Delhi,7,2025
Indoor,Airtel,4G,5,Satisfactory,28.6481485,77.2782971,Delhi,7,2025
Indoor,Airtel,4G,5,Satisfactory,12.9407594,77.5409599,Karnataka,2,2021
Indoor,Airtel,4G,1,Poor Voice Quality,26.9200712,75.7963775,Rajasthan,2,2021
Indoor,Airtel,4G,1,Poor Voice Quality,31.3672864,75.569458,Punjab,2,2021
Indoor,Airtel,4G,1,Call Dropped,26.73525726,88.40685359,West Bengal,2,2021
Indoor,Airtel,4G,1,Poor Voice Quality,26.73528946,88.40688739,West Bengal,2,2021
Indoor,Airtel,4G,4,Satisfactory,13.93625752,75.54844779,Karnataka,2,2021
Indoor,Airtel,4G,5,Satisfactory,26.20566833,78.18965,Madhya Pradesh,2,2021
Indoor,Airtel,4G,4,Satisfactory,23.95164333,88.04240333,West Bengal,2,2021
Indoor,Airtel,4G,4,Satisfactory,24.08863667,88.255235,West Bengal,2,2021
Indoor,Airtel,4G,4,Satisfactory,24.08864667,88.25510667,West Bengal,2,2021
Indoor,Airtel,4G,3,Satisfactory,18.9548755,72.8010792,Maharashtra,2,2021
Indoor,Airtel,4G,5,Satisfactory,17.41669747,78.37038012,Telangana,2,2021
Indoor,Airtel,4G,2,Poor Voice Quality,24.088295,88.25469,West Bengal,2,2021
Indoor,Airtel,4G,5,Satisfactory,17.41649736,78.36996312,Telangana,2,2021
Indoor,Airtel,4G,2,Poor Voice Quality,13.93666877,75.54819245,Karnataka,2,2021
Indoor,Airtel,4G,4,Satisfactory,13.93666877,75.54819245,Karnataka,2,2021
Indoor,Airtel,4G,1,Poor Voice Quality,12.9407568,77.5409654,Karnataka,2,2021
Indoor,Airtel,4G,5,Satisfactory,31.6067328,74.9027908,Punjab,2,2021
Indoor,Airtel,4G,5,Satisfactory,26.7246189,88.4382043,West Bengal,2,2021
Indoor,Airtel,4G,4,Satisfactory,26.7246211,88.4381918,West Bengal,2,2021
Indoor,Airtel,4G,1,Call Dropped,13.0074449,77.4996462,Karnataka,2,2021
Indoor,Airtel,4G,3,Satisfactory,16.88406363,79.69183961,Telangana,2,2021
Indoor,Airtel,4G,4,Satisfactory,24.08887667,88.25518333,West Bengal,2,2021
Indoor,Airtel,4G,1,Call Dropped,22.27152047,70.80963718,Gujarat,2,2021
Indoor,Airtel,4G,1,Poor Voice Quality,26.9528082,75.7441396,Rajasthan,2,2021
Indoor,Airtel,4G,4,Satisfactory,12.9765391,77.7118444,Karnataka,2,2021
Indoor,Airtel,4G,1,Poor Voice Quality,22.27157907,70.80973723,Gujarat,2,2021
Indoor,Airtel,4G,4,Satisfactory,24.08828167,88.25513333,West Bengal,2,2021
Indoor,Airtel,4G,4,Satisfactory,24.08828167,88.25513333,West Bengal,2,2021
Indoor,Airtel,4G,4,Satisfactory,16.88398866,79.69182483,Telangana,2,2021
Indoor,Airtel,4G,4,Satisfactory,24.08873667,88.25506667,West Bengal,2,2021
Indoor,Airtel,4G,4,Satisfactory,19.0957812,72.8749939,Maharashtra,2,2021
Indoor,Airtel,4G,4,Satisfactory,16.88397431,79.69181561,Telangana,2,2021
Indoor,Airtel,4G,5,Satisfactory,17.41571665,78.37087214,Telangana,2,2021
Indoor,Airtel,4G,1,Poor Voice Quality,12.9050552,74.864105,Karnataka,2,2021
Indoor,Airtel,4G,1,Call Dropped,26.9527876,75.7441258,Rajasthan,2,2021
Indoor,Airtel,4G,4,Satisfactory,16.8886656,79.6968739,Telangana,2,2021
Indoor,Airtel,4G,4,Satisfactory,16.88398488,79.69183416,Telangana,2,2021
Indoor,Airtel,4G,4,Satisfactory,16.8840391,79.6918501,Telangana,2,2021
Indoor,Airtel,4G,4,Satisfactory,18.4439841,79.12674287,Telangana,2,2021
Indoor,Airtel,4G,1,Poor Voice Quality,17.42276072,78.35714593,Telangana,2,2021
Indoor,Airtel,4G,1,Poor Voice Quality,22.27566292,70.81220781,Gujarat,2,2021
Indoor,Airtel,4G,5,Satisfactory,13.21326299,75.51083782,Karnataka,2,2021
Indoor,Airtel,4G,2,Poor Voice Quality,18.95487461,72.80115587,Maharashtra,2,2021
Indoor,Airtel,4G,4,Satisfactory,26.72457288,88.43820919,West Bengal,2,2021
Indoor,Airtel,4G,5,Satisfactory,26.72454167,88.43813206,West Bengal,1,2021
Indoor,Airtel,4G,5,Satisfactory,26.9527852,75.7441324,Rajasthan,1,2021
Indoor,Airtel,4G,1,Poor Voice Quality,12.2879389,76.600277,Karnataka,2,2021
Indoor,Airtel,4G,3,Poor Voice Quality,18.9548838,72.8012257,Maharashtra,2,2021
Indoor,Airtel,4G,1,Poor Voice Quality,26.9527869,75.744137,Rajasthan,2,2021
Indoor,Airtel,4G,5,Satisfactory,28.6408931,77.229095,Delhi,2,2021
Indoor,Airtel,4G,5,Satisfactory,17.4152147,78.3707666,Telangana,2,2021
Indoor,Airtel,4G,1,Poor Voice Quality,26.9527851,75.7441218,Rajasthan,2,2021
Indoor,Airtel,4G,1,Poor Voice Quality,26.9527924,75.7441203,Rajasthan,2,2021
Indoor,Airtel,4G,3,Poor Voice Quality,12.98196872,77.71977613,Karnataka,1,2021
Indoor,Airtel,4G,5,Satisfactory,17.41787903,78.36470959,Telangana,1,2021
Indoor,Airtel,4G,4,Satisfactory,22.80822388,86.18866887,Jharkhand,1,2021
Indoor,Airtel,4G,4,Satisfactory,14.03005344,76.18713076,Karnataka,1,2021
Indoor,Airtel,4G,1,Poor Voice Quality,12.31768783,76.65064858,Karnataka,1,2021
Indoor,Airtel,4G,1,Poor Voice Quality,12.25101834,76.6336034,Karnataka,1,2021
Indoor,Airtel,4G,5,Satisfactory,17.41579259,78.37084877,Telangana,1,2021
Indoor,Airtel,4G,1,Poor Voice Quality,17.41803287,78.36661752,Telangana,1,2021
Indoor,Airtel,4G,1,Poor Voice Quality,12.28796938,76.60019715,Karnataka,1,2021
Indoor,Airtel,4G,1,Poor Voice Quality,12.28791695,76.60019439,Karnataka,1,2021
Indoor,Airtel,4G,5,Satisfactory,17.41803287,78.36661752,Telangana,1,2021
Indoor,Airtel,4G,4,Satisfactory,22.80817559,86.18838576,Jharkhand,4,2021
Indoor,Airtel,4G,4,Satisfactory,22.80809357,86.18849265,Jharkhand,4,2021
Indoor,Airtel,4G,4,Satisfactory,22.80809357,86.18849265,Jharkhand,4,2021
Indoor,Airtel,4G,4,Satisfactory,22.7532383,86.2095536,Jharkhand,4,2021
Indoor,Airtel,4G,4,Satisfactory,26.7246339,88.4381907,West Bengal,4,2021
Indoor,Airtel,4G,4,Satisfactory,26.7244366,88.438224,West Bengal,4,2021
Indoor,Airtel,4G,4,Satisfactory,22.7532499,86.2095628,Jharkhand,4,2021
Indoor,Airtel,4G,1,Poor Voice Quality,28.27595494,74.95028154,Rajasthan,4,2021
Indoor,Airtel,4G,2,Poor Voice Quality,28.60676988,77.12025904,Delhi,4,2021
Indoor,Airtel,4G,2,Poor Voice Quality,28.60810926,77.07927054,Delhi,4,2021
Indoor,Airtel,4G,4,Satisfactory,23.35042974,85.29887393,Jharkhand,4,2021
Indoor,Airtel,4G,3,Satisfactory,28.6053798,77.08172888,Delhi,4,2021
Indoor,Airtel,4G,5,Satisfactory,24.80048501,85.01231911,Bihar,4,2021
Indoor,Airtel,4G,3,Satisfactory,28.59777652,77.07603814,Delhi,4,2021
Indoor,Airtel,4G,3,Satisfactory,28.59777652,77.07603814,Delhi,4,2021
Indoor,Airtel,4G,3,Satisfactory,28.59777652,77.07603814,Delhi,4,2021
Indoor,Airtel,4G,1,Call Dropped,17.79968909,79.9809115,Telangana,4,2021
Indoor,Airtel,4G,1,Call Dropped,17.79968909,79.9809115,Telangana,4,2021
Indoor,Airtel,4G,4,Satisfactory,23.26497049,85.43488185,Jharkhand,4,2021
Indoor,Airtel,4G,2,Poor Voice Quality,18.44402394,73.84817471,Maharashtra,4,2021
Indoor,Airtel,4G,4,Satisfactory,22.7532441,86.2095521,Jharkhand,4,2021
Indoor,Airtel,4G,4,Satisfactory,22.75310667,86.209525,Jharkhand,4,2021
Indoor,Airtel,4G,2,Poor Voice Quality,28.61458143,77.12497809,Delhi,4,2021
Indoor,Airtel,4G,5,Satisfactory,26.2752903,72.9803628,Rajasthan,4,2021
Indoor,Airtel,4G,2,Poor Voice Quality,18.44220398,73.84868219,Maharashtra,5,2021
Indoor,Airtel,4G,3,Poor Voice Quality,13.0492492,80.257755,Tamil Nadu,5,2021
Indoor,Airtel,4G,1,Call Dropped,17.80011997,79.9814322,Telangana,5,2021
Indoor,Airtel,4G,1,Call Dropped,28.27671111,74.95005012,Rajasthan,5,2021
Indoor,Airtel,4G,3,Poor Voice Quality,13.0492968,80.2578606,Tamil Nadu,5,2021
Indoor,Airtel,4G,2,Poor Voice Quality,18.44459009,73.84849637,Maharashtra,5,2021
Indoor,Airtel,4G,5,Satisfactory,26.2752161,72.9804008,Rajasthan,5,2021
Indoor,Airtel,4G,3,Poor Voice Quality,13.0492907,80.2577841,Tamil Nadu,5,2021
Indoor,Airtel,4G,3,Poor Voice Quality,13.0493858,80.2577883,Tamil Nadu,5,2021
Indoor,Airtel,4G,4,Satisfactory,16.86869872,79.56253912,Telangana,5,2021
Indoor,Airtel,4G,4,Satisfactory,22.8081613,86.1886751,Jharkhand,5,2021
Indoor,Airtel,4G,4,Satisfactory,22.8081524,86.1886882,Jharkhand,5,2021
Indoor,Airtel,4G,3,Satisfactory,28.59788794,77.07607081,Delhi,5,2021
Indoor,Airtel,4G,3,Satisfactory,28.5980705,77.0759184,Delhi,5,2021
Indoor,Airtel,4G,4,Satisfactory,16.9859424,82.2501186,Andhra Pradesh,5,2021
Indoor,Airtel,4G,3,Satisfactory,16.9859434,82.2501168,Andhra Pradesh,5,2021
Indoor,Airtel,4G,3,Satisfactory,16.9859457,82.2501172,Andhra Pradesh,5,2021
Indoor,Airtel,4G,1,Poor Voice Quality,16.98602847,82.2501463,Andhra Pradesh,5,2021
Indoor,Airtel,4G,1,Poor Voice Quality,16.98166974,82.24920759,Andhra Pradesh,5,2021
Indoor,Airtel,4G,1,Poor Voice Quality,16.98166974,82.24920759,Andhra Pradesh,5,2021
Indoor,Airtel,4G,4,Satisfactory,16.88416012,79.69185269,Telangana,5,2021
Indoor,Airtel,4G,3,Satisfactory,16.97612299,82.266102,Andhra Pradesh,5,2021
Indoor,Airtel,4G,1,Poor Voice Quality,13.01298167,77.73816,Karnataka,5,2021
Indoor,Airtel,4G,4,Satisfactory,22.81252079,86.21248806,Jharkhand,4,2021
Indoor,Airtel,4G,1,Poor Voice Quality,17.25608333,78.57629833,Telangana,4,2021
Indoor,Airtel,4G,3,Call Dropped,16.88220997,79.68819568,Telangana,4,2021
Indoor,Airtel,4G,4,Satisfactory,12.9358264,77.694642,Karnataka,4,2021
Indoor,Airtel,4G,4,Satisfactory,17.2610781,78.586134,Telangana,4,2021
Indoor,Airtel,4G,1,Poor Voice Quality,17.2633815,78.5818762,Telangana,4,2021
Indoor,Airtel,4G,3,Satisfactory,16.88420108,79.69192198,Telangana,4,2021
Indoor,Airtel,4G,4,Satisfactory,16.88420108,79.69192198,Telangana,4,2021
Indoor,Airtel,4G,4,Satisfactory,13.0030084,77.7117304,Karnataka,4,2021
Indoor,Airtel,4G,5,Satisfactory,11.34759322,75.90190212,Kerala,4,2021
Indoor,Airtel,4G,4,Satisfactory,13.00111332,77.71449405,Karnataka,4,2021
Indoor,Airtel,4G,4,Satisfactory,13.00269315,77.71224395,Karnataka,4,2021
Indoor,Airtel,4G,5,Satisfactory,28.65243599,77.09610097,Delhi,4,2021
Indoor,Airtel,4G,5,Satisfactory,28.65243599,77.09610097,Delhi,4,2021
Indoor,Airtel,4G,4,Satisfactory,13.0030124,77.7117217,Karnataka,4,2021
Indoor,Airtel,4G,4,Satisfactory,22.80800109,86.18822986,Jharkhand,4,2021
Indoor,Airtel,4G,1,Poor Voice Quality,28.28259246,74.95539754,Rajasthan,4,2021
Indoor,Airtel,4G,4,Satisfactory,22.80805315,86.18861458,Jharkhand,4,2021
Indoor,Airtel,4G,4,Satisfactory,16.88527483,79.69307267,Telangana,4,2021
Indoor,Airtel,4G,2,Poor Voice Quality,16.88529457,79.69306386,Telangana,4,2021
Indoor,Airtel,4G,4,Satisfactory,22.80823624,86.18846704,Jharkhand,4,2021
Indoor,Airtel,4G,4,Satisfactory,13.0029955,77.711718,Karnataka,4,2021
Indoor,Airtel,4G,4,Satisfactory,13.00294471,77.71176517,Karnataka,4,2021
Indoor,Airtel,4G,5,Satisfactory,22.2274161,73.1850638,Gujarat,4,2021
Indoor,Airtel,4G,4,Satisfactory,24.08873667,88.25520167,West Bengal,4,2021
Indoor,Airtel,4G,4,Satisfactory,13.9367367,75.54819985,Karnataka,11,2021
Indoor,Airtel,4G,5,Satisfactory,28.5569766,77.0541147,Delhi,11,2021
Indoor,Airtel,4G,5,Satisfactory,28.5569773,77.0541151,Delhi,11,2021
Indoor,Airtel,4G,1,Poor Voice Quality,28.55683284,77.0541928,Delhi,11,2021
Indoor,Airtel,4G,5,Satisfactory,28.5601095,77.04137812,Delhi,11,2021
Indoor,Airtel,4G,5,Satisfactory,28.5569727,77.0540996,Delhi,11,2021
Indoor,Airtel,4G,5,Satisfactory,28.55683284,77.0541928,Delhi,11,2021
Indoor,Airtel,4G,4,Satisfactory,13.93665673,75.54485226,Karnataka,11,2021
Indoor,Airtel,4G,4,Satisfactory,13.9366491,75.5481,Karnataka,11,2021
Indoor,Airtel,4G,4,Satisfactory,13.93674413,75.54831805,Karnataka,11,2021
Indoor,Airtel,4G,1,Poor Voice Quality,18.45043536,73.85029629,Maharashtra,11,2021
Indoor,Airtel,4G,5,Satisfactory,10.30295372,76.22314236,Kerala,11,2021
Indoor,Airtel,4G,4,Satisfactory,13.93554826,75.54587061,Karnataka,11,2021
Indoor,Airtel,4G,2,Poor Voice Quality,18.51270064,73.81377221,Maharashtra,11,2021
Indoor,Airtel,4G,1,Poor Voice Quality,18.4648195,79.1111161,Telangana,11,2021
Indoor,Airtel,4G,4,Satisfactory,18.7560673,79.4942603,Telangana,11,2021
Indoor,Airtel,4G,4,Satisfactory,13.00585969,77.70108203,Karnataka,11,2021
Indoor,Airtel,4G,4,Satisfactory,13.0029284,77.7117514,Karnataka,11,2021
Indoor,Airtel,4G,4,Satisfactory,28.6616775,77.2661641,Delhi,11,2021
Indoor,Airtel,4G,4,Satisfactory,12.99683998,77.717599,Karnataka,11,2021
Indoor,Airtel,4G,4,Satisfactory,13.9368071,75.5480962,Karnataka,10,2021
Indoor,Airtel,4G,5,Satisfactory,12.95662969,77.48972665,Karnataka,10,2021
Indoor,Airtel,4G,4,Satisfactory,13.93677088,75.54817046,Karnataka,10,2021
Indoor,Airtel,4G,4,Satisfactory,16.8840285,79.6918616,Telangana,10,2021
Indoor,Airtel,4G,4,Satisfactory,13.93676709,75.54810248,Karnataka,10,2021
Indoor,Airtel,4G,4,Satisfactory,13.93679622,75.54803075,Karnataka,10,2021
Indoor,Airtel,4G,5,Satisfactory,28.56519488,77.05969929,Delhi,10,2021
Indoor,Airtel,4G,5,Satisfactory,28.56519488,77.05969929,Delhi,10,2021
Indoor,Airtel,4G,5,Satisfactory,28.5569462,77.0540619,Delhi,10,2021
Indoor,Airtel,4G,4,Satisfactory,13.93638197,75.54785176,Karnataka,10,2021
Indoor,Airtel,4G,4,Satisfactory,13.93670052,75.54820843,Karnataka,10,2021
Indoor,Airtel,4G,4,Satisfactory,13.93668798,75.54814,Karnataka,10,2021
Indoor,Airtel,4G,4,Satisfactory,13.9367949,75.5481233,Karnataka,10,2021
Indoor,Airtel,4G,4,Satisfactory,13.93670072,75.54811685,Karnataka,10,2021
Indoor,Airtel,4G,4,Satisfactory,13.93845081,75.57294921,Karnataka,10,2021
Indoor,Airtel,4G,5,Satisfactory,10.30297637,76.22309089,Kerala,10,2021
Indoor,Airtel,4G,3,Poor Voice Quality,18.44213042,73.84863881,Maharashtra,12,2021
Indoor,Airtel,4G,5,Satisfactory,10.3029617,76.2231379,Kerala,12,2021
Indoor,Airtel,4G,4,Satisfactory,14.0279153,75.93136154,Karnataka,12,2021
Indoor,Airtel,4G,4,Satisfactory,13.9367934,75.5481141,Karnataka,12,2021
Indoor,Airtel,4G,4,Satisfactory,13.93669142,75.54831672,Karnataka,12,2021
Indoor,Airtel,4G,5,Satisfactory,26.2057257,78.189445,Madhya Pradesh,12,2021
Indoor,Airtel,4G,5,Satisfactory,28.56501383,77.05969057,Delhi,12,2021
Indoor,Airtel,4G,5,Satisfactory,28.56501383,77.05969057,Delhi,12,2021
Indoor,Airtel,4G,5,Satisfactory,28.5569809,77.054096,Delhi,12,2021
Indoor,Airtel,4G,5,Satisfactory,28.5569637,77.0540876,Delhi,12,2021
Indoor,Airtel,4G,5,Satisfactory,28.5569641,77.0540924,Delhi,12,2021
Indoor,Airtel,4G,5,Satisfactory,28.55721305,77.05366859,Delhi,12,2021
Indoor,Airtel,4G,5,Satisfactory,28.55721305,77.05366859,Delhi,12,2021
Indoor,Airtel,4G,5,Satisfactory,28.55721305,77.05366859,Delhi,12,2021
Indoor,Airtel,4G,5,Satisfactory,28.5569727,77.0540867,Delhi,12,2021
Indoor,Airtel,4G,5,Satisfactory,28.54401649,77.20300645,Delhi,12,2021
Indoor,Airtel,4G,5,Satisfactory,28.55750629,77.05392634,Delhi,12,2021
Indoor,Airtel,4G,5,Satisfactory,28.56501383,77.05969057,Delhi,12,2021
Indoor,Airtel,4G,5,Satisfactory,28.56501383,77.05969057,Delhi,12,2021
Indoor,Airtel,4G,5,Satisfactory,28.60326842,77.19055228,Delhi,12,2021
Indoor,Airtel,4G,5,Satisfactory,28.56372851,77.33456603,Uttar Pradesh,12,2021
Indoor,Airtel,4G,5,Satisfactory,28.57205639,77.06569159,Delhi,12,2021
Indoor,Airtel,4G,5,Satisfactory,28.57205639,77.06569159,Delhi,12,2021
Indoor,Airtel,4G,5,Satisfactory,28.57205639,77.06569159,Delhi,12,2021
Indoor,Airtel,4G,5,Satisfactory,28.5569743,77.0541044,Delhi,12,2021
Indoor,Airtel,4G,3,Poor Voice Quality,28.5568612,77.0541232,Delhi,12,2021
Indoor,Airtel,4G,5,Satisfactory,28.55668943,77.05435993,Delhi,12,2021
Indoor,Airtel,4G,3,Poor Voice Quality,28.55668943,77.05435993,Delhi,12,2021
Indoor,Airtel,4G,5,Satisfactory,28.55721305,77.05366859,Delhi,12,2021
Indoor,Airtel,4G,5,Satisfactory,28.55721305,77.05366859,Delhi,12,2021
Indoor,Airtel,4G,5,Satisfactory,28.55721305,77.05366859,Delhi,12,2021
Indoor,Airtel,4G,5,Satisfactory,28.55721305,77.05366859,Delhi,12,2021
Indoor,Airtel,4G,5,Satisfactory,28.55721305,77.05366859,Delhi,12,2021
Indoor,Airtel,4G,5,Satisfactory,28.5569749,77.0540928,Delhi,12,2021
Indoor,Airtel,4G,5,Satisfactory,28.5569736,77.0540902,Delhi,12,2021
Indoor,Airtel,4G,5,Satisfactory,28.55750629,77.05392634,Delhi,12,2021
Indoor,Airtel,4G,5,Satisfactory,28.54407948,77.06576091,Haryana,11,2021
Indoor,Airtel,4G,5,Satisfactory,28.54407948,77.06576091,Haryana,11,2021
Indoor,Airtel,4G,5,Satisfactory,28.54407948,77.06576091,Haryana,11,2021
Indoor,Airtel,4G,1,Poor Voice Quality,28.6816649,77.20104173,Delhi,11,2021
Indoor,Airtel,4G,2,Poor Voice Quality,28.55738986,77.0542259,Delhi,11,2021
Indoor,Airtel,4G,4,Satisfactory,13.94040597,75.57242884,Karnataka,11,2021
Indoor,Airtel,4G,5,Satisfactory,10.30319095,76.22313917,Kerala,11,2021
Indoor,Airtel,4G,3,Call Dropped,28.5570017,77.0541259,Delhi,11,2021
Indoor,Airtel,4G,5,Satisfactory,28.5569995,77.054099,Delhi,11,2021
Indoor,Airtel,4G,5,Satisfactory,28.5569825,77.0541145,Delhi,11,2021
Indoor,Airtel,4G,5,Satisfactory,28.5569933,77.0541067,Delhi,11,2021
Indoor,Airtel,4G,5,Satisfactory,28.5569897,77.054095,Delhi,11,2021
Indoor,Airtel,4G,3,Poor Voice Quality,18.45203653,73.8514322,Maharashtra,12,2021
Indoor,Airtel,4G,1,Poor Voice Quality,25.71922833,94.10828333,Nagaland,12,2021
Indoor,Airtel,4G,5,Satisfactory,12.99285083,77.71654231,Karnataka,12,2021
Indoor,Airtel,4G,1,Poor Voice Quality,26.22231167,87.76080833,Bihar,12,2021
Indoor,Airtel,4G,1,Call Dropped,18.4520942,73.8514338,Maharashtra,12,2021
Indoor,Airtel,4G,4,Satisfactory,16.88403016,79.69185659,Telangana,12,2021
Indoor,Airtel,4G,4,Satisfactory,9.91475887,78.13264962,Tamil Nadu,12,2021
Indoor,Airtel,4G,3,Satisfactory,18.44764716,73.84928621,Maharashtra,12,2021
Indoor,Airtel,4G,3,Poor Voice Quality,18.4386494,73.8450306,Maharashtra,12,2021
Indoor,Airtel,4G,4,Satisfactory,13.93676991,75.54814419,Karnataka,12,2021
Indoor,Airtel,4G,1,Call Dropped,18.44984517,73.85120266,Maharashtra,12,2021
Indoor,Airtel,4G,4,Satisfactory,13.93245419,75.54734401,Karnataka,12,2021
Indoor,Airtel,4G,2,Poor Voice Quality,18.48576252,73.85478028,Maharashtra,11,2021
Indoor,Airtel,4G,5,Satisfactory,16.9859479,82.2501214,Andhra Pradesh,5,2021
Indoor,Airtel,4G,4,Satisfactory,16.97315879,82.26627828,Andhra Pradesh,5,2021
Indoor,Airtel,4G,3,Satisfactory,16.97315879,82.26627828,Andhra Pradesh,5,2021
Indoor,Airtel,4G,4,Satisfactory,22.80808647,86.18846826,Jharkhand,5,2021
Indoor,Airtel,4G,4,Satisfactory,16.9770357,82.2635918,Andhra Pradesh,5,2021
Indoor,Airtel,4G,2,Call Dropped,17.80009399,79.98130108,Telangana,4,2021
Indoor,Airtel,4G,3,Satisfactory,28.61443302,77.12489788,Delhi,4,2021
Indoor,Airtel,4G,2,Call Dropped,28.63934185,77.23554506,Delhi,4,2021
Indoor,Airtel,4G,3,Satisfactory,28.63934185,77.23554506,Delhi,4,2021
Indoor,Airtel,4G,1,Call Dropped,28.63934185,77.23554506,Delhi,4,2021
Indoor,Airtel,4G,4,Satisfactory,26.7246102,88.4381884,West Bengal,4,2021
Indoor,Airtel,4G,2,Poor Voice Quality,29.97929231,77.56922089,Uttar Pradesh,4,2021
Indoor,Airtel,4G,2,Poor Voice Quality,28.61424096,77.12545398,Delhi,5,2021
Indoor,Airtel,4G,4,Satisfactory,14.02451967,75.92999202,Karnataka,5,2021
Indoor,Airtel,4G,1,Poor Voice Quality,18.44955515,73.84964304,Maharashtra,5,2021
Indoor,Airtel,4G,3,Satisfactory,28.6143699,77.12554895,Delhi,5,2021
Indoor,Airtel,4G,3,Satisfactory,28.60876979,77.11783645,Delhi,5,2021
Indoor,Airtel,4G,4,Satisfactory,24.08873667,88.25520167,West Bengal,4,2021
Indoor,Airtel,4G,4,Satisfactory,24.08873667,88.25520167,West Bengal,4,2021
Indoor,Airtel,4G,4,Satisfactory,24.08873667,88.25520167,West Bengal,4,2021
Indoor,Airtel,4G,4,Satisfactory,13.8424935,75.70275812,Karnataka,4,2021
Indoor,Airtel,4G,4,Satisfactory,22.8081101,86.18841976,Jharkhand,4,2021
Indoor,Airtel,4G,1,Call Dropped,26.1540396,75.7780849,Rajasthan,4,2021
Indoor,Airtel,4G,1,Call Dropped,13.93675461,75.54824298,Karnataka,4,2021
Indoor,Airtel,4G,4,Satisfactory,24.08801667,88.25477333,West Bengal,4,2021
Indoor,Airtel,4G,4,Satisfactory,13.93674667,75.54812884,Karnataka,4,2021
Indoor,Airtel,4G,4,Satisfactory,13.9370073,75.5481594,Karnataka,4,2021
Indoor,Airtel,4G,4,Satisfactory,26.7246358,88.4381937,West Bengal,4,2021
Indoor,Airtel,4G,1,Call Dropped,22.75435167,86.21066333,Jharkhand,4,2021
Indoor,Airtel,4G,1,Poor Voice Quality,15.8645955,74.5102564,Karnataka,4,2021
Indoor,Airtel,4G,4,Satisfactory,12.97855854,77.70734701,Karnataka,4,2021
Indoor,Airtel,4G,4,Satisfactory,12.93564292,77.69501141,Karnataka,3,2021
Indoor,Airtel,4G,5,Satisfactory,16.5444119,81.5236684,Andhra Pradesh,3,2021
Indoor,Airtel,4G,4,Satisfactory,12.9358888,77.6945239,Karnataka,3,2021
Indoor,Airtel,4G,3,Poor Voice Quality,24.088645,88.25496333,West Bengal,3,2021
Indoor,Airtel,4G,4,Satisfactory,22.7532335,86.2095592,Jharkhand,3,2021
Indoor,Airtel,4G,4,Satisfactory,24.09200833,88.25334667,West Bengal,3,2021
Indoor,Airtel,4G,3,Satisfactory,12.7837489,77.6591604,Karnataka,3,2021
Indoor,Airtel,4G,4,Satisfactory,24.088825,88.25542667,West Bengal,3,2021
Indoor,Airtel,4G,4,Satisfactory,22.80457967,86.1863563,Jharkhand,3,2021
Indoor,Airtel,4G,4,Satisfactory,22.80457967,86.1863563,Jharkhand,3,2021
Indoor,Airtel,4G,5,Satisfactory,11.6390128,75.98280206,Kerala,3,2021
Indoor,Airtel,4G,4,Satisfactory,22.7981961,86.1859207,Jharkhand,3,2021
Indoor,Airtel,4G,1,Call Dropped,23.73727956,85.05090729,Jharkhand,3,2021
Indoor,Airtel,4G,4,Satisfactory,13.93590729,75.54937408,Karnataka,3,2021
Indoor,Airtel,4G,4,Satisfactory,24.093365,88.26926667,West Bengal,3,2021
Indoor,Airtel,4G,1,Poor Voice Quality,19.0816448,72.8503759,Maharashtra,2,2021
Indoor,Airtel,4G,1,Poor Voice Quality,26.952812,75.7441344,Rajasthan,2,2021
Indoor,Airtel,4G,5,Satisfactory,10.29528932,76.21765056,Kerala,2,2021
Indoor,Airtel,4G,5,Satisfactory,17.41626892,78.36992261,Telangana,2,2021
Indoor,Airtel,4G,5,Satisfactory,26.7246142,88.4381879,West Bengal,2,2021
Indoor,Airtel,4G,4,Satisfactory,12.9764334,77.71243104,Karnataka,2,2021
Indoor,Airtel,4G,4,Satisfactory,22.8081383,86.1886304,Jharkhand,2,2021
Indoor,Airtel,4G,1,Poor Voice Quality,26.95278683,75.74396756,Rajasthan,2,2021
Indoor,Airtel,4G,5,Satisfactory,17.41626892,78.36992261,Telangana,2,2021
Indoor,Airtel,4G,4,Satisfactory,24.08892833,88.255705,West Bengal,2,2021
Indoor,Airtel,4G,4,Satisfactory,22.7891028,86.1839423,Jharkhand,2,2021
Indoor,Airtel,4G,3,Satisfactory,19.0798707,72.84305713,Maharashtra,2,2021
Indoor,Airtel,4G,1,Poor Voice Quality,26.94849787,75.74729819,Rajasthan,2,2021
Indoor,Airtel,4G,4,Satisfactory,24.09673167,88.25347667,West Bengal,2,2021
Indoor,Airtel,4G,4,Satisfactory,22.75312333,86.2096,Jharkhand,2,2021
Indoor,Airtel,4G,4,Satisfactory,12.9358636,77.6945804,Karnataka,4,2021
Indoor,Airtel,4G,4,Satisfactory,28.68953886,77.49179557,Uttar Pradesh,4,2021
Indoor,Airtel,4G,3,Satisfactory,16.88527601,79.69308402,Telangana,4,2021
Indoor,Airtel,4G,4,Satisfactory,24.08822,88.25468167,West Bengal,4,2021
Indoor,Airtel,4G,3,Satisfactory,16.88531,79.6930285,Telangana,4,2021
Indoor,Airtel,4G,4,Satisfactory,24.08822,88.25468167,West Bengal,4,2021
Indoor,Airtel,4G,4,Satisfactory,16.86873016,79.5625989,Telangana,5,2021
Indoor,Airtel,4G,3,Satisfactory,28.6154668,77.12714381,Delhi,5,2021
Indoor,Airtel,4G,4,Satisfactory,16.86875583,79.56259954,Telangana,5,2021
Indoor,Airtel,4G,4,Satisfactory,22.84303728,86.20273223,Jharkhand,5,2021
Indoor,Airtel,4G,4,Satisfactory,13.9366989,75.5481435,Karnataka,5,2021
Indoor,Airtel,4G,2,Poor Voice Quality,18.4531661,73.850544,Maharashtra,5,2021
Indoor,Airtel,4G,4,Satisfactory,13.93669102,75.54830175,Karnataka,5,2021
Indoor,Airtel,4G,1,Poor Voice Quality,18.4424723,73.8476036,Maharashtra,5,2021
Indoor,Airtel,4G,4,Satisfactory,22.8081514,86.1886868,Jharkhand,5,2021
Indoor,Airtel,4G,3,Poor Voice Quality,18.45210732,73.84394795,Maharashtra,5,2021
Indoor,Airtel,4G,1,Poor Voice Quality,13.0076228,77.4991589,Karnataka,5,2021
Indoor,Airtel,4G,1,Poor Voice Quality,17.2541429,78.5793923,Telangana,5,2021
Indoor,Airtel,4G,1,Call Dropped,18.30669218,83.56580922,Andhra Pradesh,5,2021
Indoor,Airtel,4G,5,Satisfactory,16.98588519,82.25023106,Andhra Pradesh,5,2021
Indoor,Airtel,4G,4,Satisfactory,16.8804621,79.6922754,Telangana,5,2021
Indoor,Airtel,4G,3,Satisfactory,16.88405133,79.69183431,Telangana,5,2021
Indoor,Airtel,4G,4,Satisfactory,24.08864167,88.25458333,West Bengal,4,2021
Indoor,Airtel,4G,4,Satisfactory,22.80341791,86.18263703,Jharkhand,4,2021
Indoor,Airtel,4G,4,Satisfactory,24.08861833,88.25502,West Bengal,4,2021
Indoor,Airtel,4G,3,Satisfactory,16.8853184,79.6930577,Telangana,4,2021
Indoor,Airtel,4G,4,Satisfactory,13.93682525,75.54787272,Karnataka,11,2021
Indoor,Airtel,4G,4,Satisfactory,13.93677187,75.54819623,Karnataka,11,2021
Indoor,Airtel,4G,4,Satisfactory,12.9593633,77.720492,Karnataka,4,2021
Indoor,Airtel,4G,4,Satisfactory,24.08847,88.254715,West Bengal,4,2021
Indoor,Airtel,4G,5,Satisfactory,13.0029951,77.7117306,Karnataka,4,2021
Indoor,Airtel,4G,4,Satisfactory,24.08847,88.254715,West Bengal,4,2021
Indoor,Airtel,4G,1,Poor Voice Quality,18.9550347,72.8013674,Maharashtra,3,2021
Indoor,Airtel,4G,5,Satisfactory,16.544406,81.5236648,Andhra Pradesh,3,2021
Indoor,Airtel,4G,5,Satisfactory,16.54442946,81.52365207,Andhra Pradesh,3,2021
Indoor,Airtel,4G,3,Poor Voice Quality,13.0493674,80.2576638,Tamil Nadu,3,2021
Indoor,Airtel,4G,4,Satisfactory,12.9566876,77.72153575,Karnataka,2,2021
Indoor,Airtel,4G,4,Satisfactory,12.9593928,77.7205004,Karnataka,2,2021
Indoor,Airtel,4G,5,Satisfactory,31.6063846,74.9027908,Punjab,2,2021
Indoor,Airtel,4G,4,Satisfactory,24.08866333,88.25498167,West Bengal,2,2021
Indoor,Airtel,4G,4,Satisfactory,24.08866333,88.25498167,West Bengal,2,2021
Indoor,Airtel,4G,1,Call Dropped,26.95163642,75.74595637,Rajasthan,2,2021
Indoor,Airtel,4G,4,Satisfactory,24.08840333,88.25466333,West Bengal,2,2021
Indoor,Airtel,4G,5,Satisfactory,22.73796924,75.88545915,Madhya Pradesh,2,2021
Indoor,Airtel,4G,1,Poor Voice Quality,19.0816523,72.8503874,Maharashtra,2,2021
Indoor,Airtel,4G,4,Satisfactory,24.089645,88.25336333,West Bengal,2,2021
Indoor,Airtel,4G,4,Satisfactory,12.9765175,77.711888,Karnataka,2,2021
Indoor,Airtel,4G,4,Satisfactory,12.9765236,77.7118483,Karnataka,2,2021
Indoor,Airtel,4G,4,Satisfactory,12.9765425,77.7118455,Karnataka,2,2021
Indoor,Airtel,4G,4,Satisfactory,12.9765223,77.712024,Karnataka,2,2021
Indoor,Airtel,4G,4,Satisfactory,22.7869967,86.163137,Jharkhand,2,2021
Indoor,Airtel,4G,1,Call Dropped,26.9528058,75.7441386,Rajasthan,3,2021
Indoor,Airtel,4G,1,Call Dropped,18.4860725,73.8770762,Maharashtra,3,2021
Indoor,Airtel,4G,4,Satisfactory,22.7994335,86.17544183,Jharkhand,3,2021
Indoor,Airtel,4G,5,Satisfactory,13.2132147,75.51068501,Karnataka,3,2021
Indoor,Airtel,4G,4,Satisfactory,16.88404838,79.69181073,Telangana,3,2021
Indoor,Airtel,4G,4,Satisfactory,24.092205,88.25338333,West Bengal,3,2021
Indoor,Airtel,4G,4,Satisfactory,24.08886833,88.25587833,West Bengal,3,2021
Indoor,Airtel,4G,1,Call Dropped,18.4860753,73.8770753,Maharashtra,3,2021
Indoor,Airtel,4G,5,Satisfactory,16.57308996,81.54029593,Andhra Pradesh,3,2021
Indoor,Airtel,4G,4,Satisfactory,22.75217167,86.21051667,Jharkhand,3,2021
Indoor,Airtel,4G,4,Satisfactory,24.08861,88.25523,West Bengal,3,2021
Indoor,Airtel,4G,4,Satisfactory,24.08861,88.25523,West Bengal,3,2021
Indoor,Airtel,4G,4,Satisfactory,24.08861,88.25523,West Bengal,3,2021
Indoor,Airtel,4G,5,Satisfactory,16.54439948,81.52359378,Andhra Pradesh,3,2021
Indoor,Airtel,4G,1,Poor Voice Quality,12.98254475,80.16705999,Tamil Nadu,3,2021
Indoor,Airtel,4G,5,Satisfactory,16.54439907,81.52383332,Andhra Pradesh,3,2021
Indoor,Airtel,4G,4,Satisfactory,24.08856833,88.25500667,West Bengal,3,2021
Indoor,Airtel,4G,1,Poor Voice Quality,23.68302355,85.02651182,Jharkhand,3,2021
Indoor,Airtel,4G,4,Satisfactory,19.18076318,77.28873335,Maharashtra,3,2021
Indoor,Airtel,4G,5,Satisfactory,19.18076318,77.28873335,Maharashtra,3,2021
Indoor,Airtel,4G,1,Call Dropped,28.6408228,77.2293544,Delhi,3,2021
Indoor,Airtel,4G,5,Satisfactory,16.5444007,81.5236595,Andhra Pradesh,3,2021
Indoor,Airtel,4G,5,Satisfactory,28.6408953,77.2294618,Delhi,3,2021
Indoor,Airtel,4G,4,Satisfactory,19.18081588,77.28869409,Maharashtra,3,2021
Indoor,Airtel,4G,4,Satisfactory,22.8081369,86.1886369,Jharkhand,3,2021
Indoor,Airtel,4G,1,Poor Voice Quality,23.68302355,85.02651182,Jharkhand,3,2021
Indoor,Airtel,4G,5,Satisfactory,28.64085803,77.22943319,Delhi,3,2021
Indoor,Airtel,4G,4,Satisfactory,12.9358682,77.6945326,Karnataka,3,2021
Indoor,Airtel,4G,4,Satisfactory,12.9356657,77.6942778,Karnataka,3,2021
Indoor,Airtel,4G,5,Satisfactory,23.0452213,72.51609296,Gujarat,3,2021
Indoor,Airtel,4G,1,Poor Voice Quality,18.44247377,73.84761381,Maharashtra,3,2021
Indoor,Airtel,4G,4,Satisfactory,24.0887043,88.2552247,West Bengal,3,2021
Indoor,Airtel,4G,4,Satisfactory,12.9358576,77.6945776,Karnataka,3,2021
Indoor,Airtel,4G,4,Satisfactory,12.9357931,77.6944753,Karnataka,3,2021
Indoor,Airtel,4G,4,Satisfactory,24.0971768,88.2525359,West Bengal,3,2021
Indoor,Airtel,4G,5,Satisfactory,16.5444165,81.5236789,Andhra Pradesh,3,2021
Indoor,Airtel,4G,4,Satisfactory,12.93622272,77.69442939,Karnataka,3,2021
Indoor,Airtel,4G,4,Satisfactory,13.9367246,75.5481429,Karnataka,3,2021
Indoor,Airtel,4G,4,Satisfactory,24.08859333,88.254945,West Bengal,3,2021
Indoor,Airtel,4G,4,Satisfactory,12.97610564,77.71064387,Karnataka,3,2021
Indoor,Airtel,4G,5,Satisfactory,12.9765293,77.7118783,Karnataka,3,2021
Indoor,Airtel,4G,4,Satisfactory,12.93564292,77.69501141,Karnataka,3,2021
Indoor,Airtel,4G,3,Satisfactory,16.98581521,82.2500254,Andhra Pradesh,6,2021
Indoor,Airtel,4G,3,Satisfactory,16.98581521,82.2500254,Andhra Pradesh,6,2021
Indoor,Airtel,4G,3,Satisfactory,16.97754846,82.26640848,Andhra Pradesh,6,2021
Indoor,Airtel,4G,3,Satisfactory,28.61452812,77.12484843,Delhi,6,2021
Indoor,Airtel,4G,3,Satisfactory,16.97754846,82.26640848,Andhra Pradesh,6,2021
Indoor,Airtel,4G,4,Satisfactory,22.8081331,86.1887042,Jharkhand,6,2021
Indoor,Airtel,4G,5,Satisfactory,10.3029705,76.2231312,Kerala,6,2021
Indoor,Airtel,4G,5,Satisfactory,26.2758751,72.9831484,Rajasthan,3,2021
Indoor,Airtel,4G,4,Satisfactory,24.08942,88.25581333,West Bengal,3,2021
Indoor,Airtel,4G,4,Satisfactory,24.08942,88.25581333,West Bengal,3,2021
Indoor,Airtel,4G,4,Satisfactory,24.08942,88.25581333,West Bengal,3,2021
Indoor,Airtel,4G,4,Satisfactory,24.08942,88.25581333,West Bengal,3,2021
Indoor,Airtel,4G,4,Satisfactory,24.08942,88.25581333,West Bengal,3,2021
Indoor,Airtel,4G,4,Satisfactory,24.08942,88.25581333,West Bengal,3,2021
Indoor,Airtel,4G,4,Satisfactory,22.8082058,86.18850849,Jharkhand,3,2021
Indoor,Airtel,4G,4,Satisfactory,24.08855167,88.25513667,West Bengal,3,2021
Indoor,Airtel,4G,1,Call Dropped,31.4537154,77.6337758,Himachal Pradesh,3,2021
Indoor,Airtel,4G,4,Satisfactory,24.08879,88.255125,West Bengal,3,2021
Indoor,Airtel,4G,5,Satisfactory,26.2754274,72.9803954,Rajasthan,3,2021
Indoor,Airtel,4G,4,Satisfactory,24.08921667,88.25592833,West Bengal,3,2021
Indoor,Airtel,4G,4,Satisfactory,24.08921667,88.25592833,West Bengal,3,2021
Indoor,Airtel,4G,4,Satisfactory,22.807898,86.18855263,Jharkhand,3,2021
Indoor,Airtel,4G,4,Satisfactory,22.8035163,86.1825188,Jharkhand,3,2021
Indoor,Airtel,4G,5,Satisfactory,16.540875,81.5249101,Andhra Pradesh,3,2021
Indoor,Airtel,4G,4,Satisfactory,13.00279926,77.71169906,Karnataka,3,2021
Indoor,Airtel,4G,5,Satisfactory,16.5408779,81.5249183,Andhra Pradesh,3,2021
Indoor,Airtel,4G,5,Satisfactory,12.95256162,77.48999633,Karnataka,6,2021
Indoor,Airtel,4G,1,Poor Voice Quality,28.5674056,77.338657,Uttar Pradesh,6,2021
Indoor,Airtel,4G,1,Poor Voice Quality,22.64863333,78.38921,Madhya Pradesh,6,2021
Indoor,Airtel,4G,1,Poor Voice Quality,22.64724333,78.389025,Madhya Pradesh,6,2021
Indoor,Airtel,4G,3,Satisfactory,10.81567589,79.84043732,Tamil Nadu,6,2021
Indoor,Airtel,4G,4,Satisfactory,16.88405077,79.69187936,Telangana,6,2021
Indoor,Airtel,4G,4,Satisfactory,13.9367028,75.548143,Karnataka,6,2021
Indoor,Airtel,4G,5,Satisfactory,18.60196833,73.79349833,Maharashtra,7,2021
Indoor,Airtel,4G,5,Satisfactory,10.30301929,76.22311771,Kerala,7,2021
Indoor,Airtel,4G,4,Satisfactory,16.88402153,79.69183591,Telangana,7,2021
Indoor,Airtel,4G,4,Satisfactory,24.8513982,87.7629566,West Bengal,7,2021
Indoor,Airtel,4G,1,Call Dropped,16.9859974,82.25019717,Andhra Pradesh,5,2021
Indoor,Airtel,4G,1,Poor Voice Quality,18.3064976,83.563429,Andhra Pradesh,5,2021
Indoor,Airtel,4G,1,Call Dropped,18.3041106,83.5595426,Andhra Pradesh,5,2021
Indoor,Airtel,4G,3,Satisfactory,16.98617362,82.25034176,Andhra Pradesh,5,2021
Indoor,Airtel,4G,5,Satisfactory,18.50493,73.80764667,Maharashtra,5,2021
Indoor,Airtel,4G,3,Satisfactory,16.98034268,82.26241866,Andhra Pradesh,5,2021
Indoor,Airtel,4G,3,Satisfactory,16.98599246,82.25021781,Andhra Pradesh,6,2021
Indoor,Airtel,4G,4,Satisfactory,22.80819137,86.18860972,Jharkhand,6,2021
Indoor,Airtel,4G,1,Call Dropped,25.67646293,85.91200066,Bihar,6,2021
Indoor,Airtel,4G,4,Satisfactory,16.88403998,79.69181398,Telangana,6,2021
Indoor,Airtel,4G,5,Satisfactory,10.30115308,76.19347608,Kerala,6,2021
Indoor,Airtel,4G,5,Satisfactory,10.3030042,76.2231532,Kerala,6,2021
Indoor,Airtel,4G,5,Satisfactory,10.34708769,76.21685195,Kerala,6,2021
Indoor,Airtel,4G,1,Call Dropped,25.3389124,81.6139375,Uttar Pradesh,6,2021
Indoor,Airtel,4G,1,Poor Voice Quality,25.3389124,81.6139375,Uttar Pradesh,6,2021
Indoor,Airtel,4G,1,Poor Voice Quality,25.3332294,81.6157941,Uttar Pradesh,6,2021
Indoor,Airtel,4G,1,Poor Voice Quality,25.3332294,81.6157941,Uttar Pradesh,6,2021
Indoor,Airtel,4G,4,Satisfactory,13.93667511,75.5483434,Karnataka,3,2021
Indoor,Airtel,4G,4,Satisfactory,22.57004833,88.50955333,West Bengal,3,2021
Indoor,Airtel,4G,4,Satisfactory,26.72471444,88.43820403,West Bengal,3,2021
Indoor,Airtel,4G,4,Satisfactory,26.72471444,88.43820403,West Bengal,3,2021
Indoor,Airtel,4G,4,Satisfactory,25.1020337,76.4977408,Rajasthan,7,2021
Indoor,Airtel,4G,5,Satisfactory,10.30308066,76.22314192,Kerala,7,2021
Indoor,Airtel,4G,1,Poor Voice Quality,22.64755333,78.38835833,Madhya Pradesh,7,2021
Indoor,Airtel,4G,3,Satisfactory,10.81572815,79.84050597,Tamil Nadu,7,2021
Indoor,Airtel,4G,1,Poor Voice Quality,10.81541833,77.20883167,Tamil Nadu,7,2021
Indoor,Airtel,4G,1,Poor Voice Quality,22.647145,78.38884333,Madhya Pradesh,7,2021
Indoor,Airtel,4G,4,Satisfactory,16.8839906,79.69163751,Telangana,7,2021
Indoor,Airtel,4G,4,Satisfactory,13.93664262,75.54805508,Karnataka,7,2021
Indoor,Airtel,4G,4,Satisfactory,16.88406886,79.69169871,Telangana,7,2021
Indoor,Airtel,4G,4,Satisfactory,13.941185,75.5745626,Karnataka,7,2021
Indoor,Airtel,4G,1,Poor Voice Quality,16.87072011,74.19513731,Maharashtra,7,2021
Indoor,Airtel,4G,4,Satisfactory,16.88399673,79.69184506,Telangana,7,2021
Indoor,Airtel,4G,4,Satisfactory,13.936716,75.5481434,Karnataka,7,2021
Indoor,Airtel,4G,4,Satisfactory,24.7439677,87.8198184,West Bengal,7,2021
Indoor,Airtel,4G,1,Poor Voice Quality,16.87072032,74.19502022,Maharashtra,7,2021
Indoor,Airtel,4G,4,Satisfactory,21.2124413,72.8276168,Gujarat,7,2021
Indoor,Airtel,4G,4,Satisfactory,13.9367084,75.5481491,Karnataka,7,2021
Indoor,Airtel,4G,4,Satisfactory,16.8861672,79.6932251,Telangana,6,2021
Indoor,Airtel,4G,4,Satisfactory,13.93672391,75.54814682,Karnataka,9,2021
Indoor,Airtel,4G,1,Poor Voice Quality,18.45208525,73.85151331,Maharashtra,1,2021
Indoor,Airtel,4G,4,Satisfactory,24.08848667,88.255165,West Bengal,1,2021
Indoor,Airtel,4G,5,Satisfactory,13.24298203,77.55201967,Karnataka,1,2021
Indoor,Airtel,4G,5,Satisfactory,28.65290756,77.09687311,Delhi,1,2021
Indoor,Airtel,4G,5,Satisfactory,28.65290756,77.09687311,Delhi,1,2021
Indoor,Airtel,4G,5,Satisfactory,26.86244227,81.01784621,Uttar Pradesh,1,2021
Indoor,Airtel,4G,5,Satisfactory,26.86244227,81.01784621,Uttar Pradesh,1,2021
Indoor,Airtel,4G,5,Satisfactory,12.9950125,80.2604936,Tamil Nadu,1,2021
Indoor,Airtel,4G,5,Satisfactory,26.7246166,88.4382113,West Bengal,1,2021
Indoor,Airtel,4G,5,Satisfactory,17.415796,78.36998793,Telangana,1,2021
Indoor,Airtel,4G,5,Satisfactory,26.86244227,81.01784621,Uttar Pradesh,1,2021
Indoor,Airtel,4G,5,Satisfactory,23.04549543,72.51555366,Gujarat,1,2021
Indoor,Airtel,4G,5,Satisfactory,23.04538772,72.51619991,Gujarat,1,2021
Indoor,Airtel,4G,5,Satisfactory,12.9950016,80.2604789,Tamil Nadu,1,2021
Indoor,Airtel,4G,5,Satisfactory,26.10390167,80.35749833,Uttar Pradesh,1,2021
Indoor,Airtel,4G,5,Satisfactory,26.86264683,81.01793312,Uttar Pradesh,1,2021
Indoor,Airtel,4G,5,Satisfactory,26.10390167,80.35749833,Uttar Pradesh,1,2021
Indoor,Airtel,4G,4,Satisfactory,24.08847833,88.25453667,West Bengal,1,2021
Indoor,Airtel,4G,5,Satisfactory,26.10380333,80.35742,Uttar Pradesh,1,2021
Indoor,Airtel,4G,5,Satisfactory,12.9950118,80.2604759,Tamil Nadu,1,2021
Indoor,Airtel,4G,5,Satisfactory,26.86264683,81.01793312,Uttar Pradesh,1,2021
Indoor,Airtel,4G,5,Satisfactory,13.0332577,80.2772011,Tamil Nadu,1,2021
Indoor,Airtel,4G,4,Satisfactory,24.09732,88.252445,West Bengal,1,2021
Indoor,Airtel,4G,5,Satisfactory,13.0332577,80.2772011,Tamil Nadu,1,2021
Indoor,Airtel,4G,5,Satisfactory,26.86264683,81.01793312,Uttar Pradesh,1,2021
Indoor,Airtel,4G,2,Poor Voice Quality,22.6576829,75.9046019,Madhya Pradesh,1,2021
Indoor,Airtel,4G,4,Satisfactory,16.88402021,79.69172627,Telangana,1,2021
Indoor,Airtel,4G,5,Satisfactory,22.80824113,86.18838961,Jharkhand,1,2021
Indoor,Airtel,4G,5,Satisfactory,28.6408931,77.229095,Delhi,1,2021
Indoor,Airtel,4G,1,Poor Voice Quality,28.6408972,77.2291132,Delhi,1,2021
Indoor,Airtel,4G,1,Poor Voice Quality,28.6408972,77.2291132,Delhi,1,2021
Indoor,Airtel,4G,5,Satisfactory,28.640891,77.2290879,Delhi,1,2021
Indoor,Airtel,4G,1,Poor Voice Quality,28.640891,77.2290879,Delhi,1,2021
Indoor,Airtel,4G,1,Poor Voice Quality,28.6408972,77.2291132,Delhi,1,2021
Indoor,Airtel,4G,1,Call Dropped,28.6408872,77.2290697,Delhi,1,2021
Indoor,Airtel,4G,1,Call Dropped,12.29182727,76.60290769,Karnataka,1,2021
Indoor,Airtel,4G,1,Call Dropped,12.2879299,76.60020067,Karnataka,1,2021
Indoor,Airtel,4G,1,Poor Voice Quality,12.28742895,76.60125872,Karnataka,1,2021
Indoor,Airtel,4G,1,Poor Voice Quality,12.2879923,76.6003091,Karnataka,1,2021
Indoor,Airtel,4G,1,Call Dropped,12.29179651,76.60290233,Karnataka,1,2021
Indoor,Airtel,4G,3,Poor Voice Quality,13.0493436,80.2576697,Tamil Nadu,1,2021
Indoor,Airtel,4G,3,Poor Voice Quality,13.0493436,80.2576697,Tamil Nadu,1,2021
Indoor,Airtel,4G,5,Satisfactory,17.41587492,78.3695697,Telangana,1,2021
Indoor,Airtel,4G,4,Satisfactory,12.976518,77.7118343,Karnataka,1,2021
Indoor,Airtel,4G,4,Satisfactory,12.9764844,77.7118927,Karnataka,1,2021
Indoor,Airtel,4G,4,Satisfactory,13.93676332,75.54832427,Karnataka,1,2021
Indoor,Airtel,4G,5,Satisfactory,23.0454582,72.5159535,Gujarat,1,2021
Indoor,Airtel,4G,5,Satisfactory,23.0454622,72.5159551,Gujarat,1,2021
Indoor,Airtel,4G,5,Satisfactory,23.045484,72.515961,Gujarat,1,2021
Indoor,Airtel,4G,5,Satisfactory,23.0454617,72.5159515,Gujarat,1,2021
Indoor,Airtel,4G,4,Satisfactory,26.724686,88.4381479,West Bengal,1,2021
Indoor,Airtel,4G,4,Satisfactory,23.5425555,87.3067975,West Bengal,1,2021
Indoor,Airtel,4G,2,Poor Voice Quality,22.65755266,75.90472289,Madhya Pradesh,1,2021
Indoor,Airtel,4G,3,Satisfactory,22.78751667,86.16068167,Jharkhand,1,2021
Indoor,Airtel,4G,4,Satisfactory,22.7412605,75.8155376,Madhya Pradesh,1,2021
Indoor,Airtel,4G,5,Satisfactory,31.97282894,75.42037797,Punjab,1,2021
Indoor,Airtel,4G,4,Satisfactory,13.0027607,77.7123588,Karnataka,1,2021
Indoor,Airtel,4G,1,Poor Voice Quality,12.2879932,76.6003133,Karnataka,1,2021
Indoor,Airtel,4G,4,Satisfactory,13.002967,77.7116909,Karnataka,1,2021
Indoor,Airtel,4G,5,Satisfactory,11.591552,78.6271168,Tamil Nadu,1,2021
Indoor,Airtel,4G,5,Satisfactory,23.04511146,72.52117155,Gujarat,1,2021
Indoor,Airtel,4G,5,Satisfactory,23.04608292,72.53038301,Gujarat,1,2021
Indoor,Airtel,4G,5,Satisfactory,23.04608292,72.53038301,Gujarat,1,2021
Indoor,Airtel,4G,5,Satisfactory,26.8644822,81.007704,Uttar Pradesh,1,2021
Indoor,Airtel,4G,5,Satisfactory,23.10137333,72.604945,Gujarat,1,2021
Indoor,Airtel,4G,5,Satisfactory,28.38132841,77.31794899,Haryana,1,2021
Indoor,Airtel,4G,1,Poor Voice Quality,12.287953,76.600325,Karnataka,1,2021
Indoor,Airtel,4G,3,Satisfactory,22.65762433,75.90463821,Madhya Pradesh,1,2021
Indoor,Airtel,4G,1,Poor Voice Quality,28.5054606,77.2996589,Delhi,1,2021
Indoor,Airtel,4G,1,Poor Voice Quality,28.5054606,77.2996589,Delhi,1,2021
Indoor,Airtel,4G,1,Poor Voice Quality,28.5054606,77.2996589,Delhi,1,2021
Indoor,Airtel,4G,5,Satisfactory,23.10321667,72.60451,Gujarat,1,2021
Indoor,Airtel,4G,4,Satisfactory,26.7246024,88.4381662,West Bengal,1,2021
Indoor,Airtel,4G,5,Satisfactory,26.86258916,81.01808476,Uttar Pradesh,1,2021
Indoor,Airtel,4G,5,Satisfactory,28.652711,77.0966158,Delhi,1,2021
Indoor,Airtel,4G,5,Satisfactory,26.86272591,81.01792284,Uttar Pradesh,1,2021
Indoor,Airtel,4G,5,Satisfactory,28.6107132,77.4418561,Uttar Pradesh,1,2021
Indoor,Airtel,4G,1,Call Dropped,28.5401524,77.2746689,Delhi,9,2021
Indoor,Airtel,4G,1,Call Dropped,28.5390311,77.2745669,Delhi,9,2021
Indoor,Airtel,4G,1,Poor Voice Quality,28.5390367,77.2745705,Delhi,9,2021
Indoor,Airtel,4G,4,Satisfactory,13.9368029,75.5481083,Karnataka,9,2021
Indoor,Airtel,4G,4,Satisfactory,16.8840393,79.6918501,Telangana,9,2021
Indoor,Airtel,4G,4,Satisfactory,13.9368066,75.5480914,Karnataka,9,2021
Indoor,Airtel,4G,5,Satisfactory,28.5569684,77.0541063,Delhi,9,2021
Indoor,Airtel,4G,5,Satisfactory,28.5559789,77.0548273,Delhi,9,2021
Indoor,Airtel,4G,5,Satisfactory,28.5569822,77.0541019,Delhi,9,2021
Indoor,Airtel,4G,1,Poor Voice Quality,30.48095333,76.51551667,Punjab,9,2021
Indoor,Airtel,4G,4,Satisfactory,16.88412441,79.69174471,Telangana,9,2021
Indoor,Airtel,4G,5,Satisfactory,28.5569645,77.0540948,Delhi,9,2021
Indoor,Airtel,4G,5,Satisfactory,26.86261462,81.01795861,Uttar Pradesh,1,2021
Indoor,Airtel,4G,1,Call Dropped,23.27551028,72.13418721,Gujarat,1,2021
Indoor,Airtel,4G,5,Satisfactory,12.9949835,80.2604489,Tamil Nadu,1,2021
Indoor,Airtel,4G,5,Satisfactory,26.78337242,80.95452368,Uttar Pradesh,1,2021
Indoor,Airtel,4G,5,Satisfactory,26.77672897,80.94891326,Uttar Pradesh,1,2021
Indoor,Airtel,4G,5,Satisfactory,12.9949835,80.2604489,Tamil Nadu,1,2021
Indoor,Airtel,4G,5,Satisfactory,11.94730667,79.83641167,Puducherry,1,2021
Indoor,Airtel,4G,4,Satisfactory,26.09790833,86.59261667,Bihar,1,2021
Indoor,Airtel,4G,5,Satisfactory,23.10238333,72.60232167,Gujarat,1,2021
Indoor,Airtel,4G,5,Satisfactory,23.101695,72.60483167,Gujarat,1,2021
Indoor,Airtel,4G,5,Satisfactory,28.4561901,77.0818942,Haryana,1,2021
Indoor,Airtel,4G,5,Satisfactory,26.86237714,81.01807756,Uttar Pradesh,1,2021
Indoor,Airtel,4G,5,Satisfactory,23.10238333,72.60232167,Gujarat,1,2021
Indoor,Airtel,4G,5,Satisfactory,23.0454265,72.5159495,Gujarat,1,2021
Indoor,Airtel,4G,5,Satisfactory,23.0454293,72.5159569,Gujarat,1,2021
Indoor,Airtel,4G,5,Satisfactory,23.045207,72.5158179,Gujarat,1,2021
Indoor,Airtel,4G,5,Satisfactory,23.0454516,72.5159563,Gujarat,1,2021
Indoor,Airtel,4G,5,Satisfactory,23.0454312,72.5159506,Gujarat,1,2021
Indoor,Airtel,4G,5,Satisfactory,23.0454183,72.5159547,Gujarat,1,2021
Indoor,Airtel,4G,5,Satisfactory,23.0454474,72.5159573,Gujarat,1,2021
Indoor,Airtel,4G,5,Satisfactory,13.007468,77.4995383,Karnataka,1,2021
Indoor,Airtel,4G,5,Satisfactory,12.9949562,80.2604292,Tamil Nadu,1,2021
Indoor,Airtel,4G,5,Satisfactory,26.84428747,80.88416229,Uttar Pradesh,1,2021
Indoor,Airtel,4G,5,Satisfactory,26.8645066,81.0076925,Uttar Pradesh,1,2021
Indoor,Airtel,4G,5,Satisfactory,13.0331964,80.2771805,Tamil Nadu,1,2021
Indoor,Airtel,4G,5,Satisfactory,12.9949562,80.2604292,Tamil Nadu,1,2021
Indoor,Airtel,4G,4,Satisfactory,22.8081629,86.1886138,Jharkhand,1,2021
Indoor,Airtel,4G,1,Call Dropped,12.2951605,76.6975386,Karnataka,1,2021
Indoor,Airtel,4G,5,Satisfactory,32.704584,74.8733604,Jammu and Kashmir,1,2021
Indoor,Airtel,4G,5,Satisfactory,28.4909623,77.0798281,Haryana,1,2021
Indoor,Airtel,4G,5,Satisfactory,13.93696691,75.54811892,Karnataka,1,2021
Indoor,Airtel,4G,5,Satisfactory,12.994965,80.2604558,Tamil Nadu,1,2021
Indoor,Airtel,4G,5,Satisfactory,13.0331738,80.2771661,Tamil Nadu,1,2021
Indoor,Airtel,4G,5,Satisfactory,12.994965,80.2604558,Tamil Nadu,1,2021
Indoor,Airtel,4G,5,Satisfactory,12.9949714,80.2604554,Tamil Nadu,1,2021
Indoor,Airtel,4G,5,Satisfactory,23.0454256,72.5159395,Gujarat,1,2021
Indoor,Airtel,4G,5,Satisfactory,23.0454283,72.5159468,Gujarat,1,2021
Indoor,Airtel,4G,5,Satisfactory,23.0454298,72.5159657,Gujarat,1,2021
Indoor,Airtel,4G,5,Satisfactory,23.0454543,72.5159572,Gujarat,1,2021
Indoor,Airtel,4G,5,Satisfactory,23.0481428,72.5315451,Gujarat,1,2021
Indoor,Airtel,4G,1,Call Dropped,28.617629,77.093065,Delhi,1,2021
Indoor,Airtel,4G,5,Satisfactory,23.10202,72.60363333,Gujarat,1,2021
Indoor,Airtel,4G,5,Satisfactory,32.70461,74.8733901,Jammu and Kashmir,1,2021
Indoor,Airtel,4G,5,Satisfactory,26.8645046,81.007704,Uttar Pradesh,1,2021
Indoor,Airtel,4G,1,Poor Voice Quality,28.5054665,77.2996619,Delhi,1,2021
Indoor,Airtel,4G,4,Satisfactory,13.944053,75.583372,Karnataka,1,2021
Indoor,Airtel,4G,5,Satisfactory,26.7246042,88.4381629,West Bengal,1,2021
Indoor,Airtel,4G,4,Satisfactory,13.944053,75.583372,Karnataka,1,2021
Indoor,Airtel,4G,5,Satisfactory,28.6406459,77.2292818,Delhi,1,2021
Indoor,Airtel,4G,4,Satisfactory,12.9763481,77.7116475,Karnataka,1,2021
Indoor,Airtel,4G,5,Satisfactory,26.8645029,81.0076975,Uttar Pradesh,1,2021
Indoor,Airtel,4G,4,Satisfactory,22.80135075,86.18228843,Jharkhand,1,2021
Indoor,Airtel,4G,5,Satisfactory,26.86257324,81.01799624,Uttar Pradesh,1,2021
Indoor,Airtel,4G,1,Poor Voice Quality,23.27576547,72.13476204,Gujarat,1,2021
Indoor,Airtel,4G,5,Satisfactory,9.9403729,76.3177562,Kerala,1,2021
Indoor,Airtel,4G,5,Satisfactory,9.9403729,76.3177562,Kerala,1,2021
Indoor,Airtel,4G,5,Satisfactory,9.9403728,76.3177541,Kerala,1,2021
Indoor,Airtel,4G,5,Satisfactory,9.9403728,76.3177541,Kerala,1,2021
Indoor,Airtel,4G,4,Satisfactory,16.88408513,79.69196241,Telangana,1,2021
Indoor,Airtel,4G,1,Call Dropped,10.87119122,79.30115181,Tamil Nadu,1,2021
Indoor,Airtel,4G,5,Satisfactory,26.8644945,81.0077337,Uttar Pradesh,1,2021
Indoor,Airtel,4G,5,Satisfactory,26.86383634,81.00867092,Uttar Pradesh,1,2021
Indoor,Airtel,4G,5,Satisfactory,26.86383634,81.00867092,Uttar Pradesh,1,2021
Indoor,Airtel,4G,5,Satisfactory,10.1231557,76.3568701,Kerala,1,2021
Indoor,Airtel,4G,5,Satisfactory,26.8645041,81.0077267,Uttar Pradesh,1,2021
Indoor,Airtel,4G,3,Satisfactory,24.08870333,88.25500167,West Bengal,1,2021
Indoor,Airtel,4G,5,Satisfactory,26.7246164,88.4382111,West Bengal,1,2021
Indoor,Airtel,4G,5,Satisfactory,9.940073253,76.3173933,Kerala,1,2021
Indoor,Airtel,4G,5,Satisfactory,28.6405801,77.2293776,Delhi,1,2021
Indoor,Airtel,4G,5,Satisfactory,9.940073253,76.3173933,Kerala,1,2021
Indoor,Airtel,4G,5,Satisfactory,9.940073253,76.3173933,Kerala,1,2021
Indoor,Airtel,4G,3,Satisfactory,24.09926167,88.25628667,West Bengal,1,2021
Indoor,Airtel,4G,4,Satisfactory,24.09926167,88.25628667,West Bengal,1,2021
Indoor,Airtel,4G,5,Satisfactory,32.767027,74.8191469,Jammu and Kashmir,1,2021
Indoor,Airtel,4G,5,Satisfactory,21.22370642,72.82391835,Gujarat,1,2021
Indoor,Airtel,4G,5,Satisfactory,21.22370642,72.82391835,Gujarat,1,2021
Indoor,Airtel,4G,4,Satisfactory,13.0029438,77.7116878,Karnataka,1,2021
Indoor,Airtel,4G,5,Satisfactory,26.8645005,81.0077345,Uttar Pradesh,1,2021
Indoor,Airtel,4G,4,Satisfactory,24.08929833,88.25541167,West Bengal,1,2021
Indoor,Airtel,4G,5,Satisfactory,17.41585968,78.36986726,Telangana,1,2021
Indoor,Airtel,4G,5,Satisfactory,26.86254021,81.01809613,Uttar Pradesh,1,2021
Indoor,Airtel,4G,5,Satisfactory,26.86259423,81.01793916,Uttar Pradesh,1,2021
Indoor,Airtel,4G,1,Call Dropped,10.81572307,79.84046435,Tamil Nadu,1,2021
Indoor,Airtel,4G,1,Poor Voice Quality,18.44176989,73.84850757,Maharashtra,1,2021
Indoor,Airtel,4G,5,Satisfactory,26.864502,81.0077083,Uttar Pradesh,1,2021
Indoor,Airtel,4G,5,Satisfactory,26.8644989,81.0077079,Uttar Pradesh,1,2021
Indoor,Airtel,4G,5,Satisfactory,26.8645074,81.0077018,Uttar Pradesh,1,2021
Indoor,Airtel,4G,4,Satisfactory,13.9366562,75.5480947,Karnataka,1,2021
Indoor,Airtel,4G,4,Satisfactory,13.93683163,75.54808721,Karnataka,1,2021
Indoor,Airtel,4G,5,Satisfactory,28.4910371,77.0798973,Haryana,1,2021
Indoor,Airtel,4G,4,Satisfactory,13.91598149,75.56993218,Karnataka,9,2021
Indoor,Airtel,4G,1,Call Dropped,16.87075047,74.19512396,Maharashtra,9,2021
Indoor,Airtel,4G,4,Satisfactory,13.93692965,75.54807965,Karnataka,9,2021
Indoor,Airtel,4G,4,Satisfactory,25.41743983,86.6296349,Bihar,9,2021
Indoor,Airtel,4G,4,Satisfactory,13.93671204,75.54823851,Karnataka,8,2021
Indoor,Airtel,4G,4,Satisfactory,13.93679766,75.54823954,Karnataka,8,2021
Indoor,Airtel,4G,5,Satisfactory,26.88667644,80.94394536,Uttar Pradesh,8,2021
Indoor,Airtel,4G,5,Satisfactory,26.87088234,80.99655895,Uttar Pradesh,8,2021
Indoor,Airtel,4G,3,Satisfactory,16.88163466,79.6877955,Telangana,8,2021
Indoor,Airtel,4G,1,Poor Voice Quality,13.0863443,80.1942724,Tamil Nadu,8,2021
Indoor,Airtel,4G,4,Satisfactory,16.8840043,79.69170922,Telangana,8,2021
Indoor,Airtel,4G,1,Poor Voice Quality,18.30689623,83.56597963,Andhra Pradesh,8,2021
Indoor,Airtel,4G,4,Satisfactory,13.93661712,75.54827955,Karnataka,8,2021
Indoor,Airtel,4G,3,Poor Voice Quality,27.8847364,78.05496742,Uttar Pradesh,8,2021
Indoor,Airtel,4G,4,Satisfactory,13.93675323,75.54817989,Karnataka,8,2021
Indoor,Airtel,4G,5,Satisfactory,28.5569816,77.0540848,Delhi,10,2021
Indoor,Airtel,4G,5,Satisfactory,28.5569716,77.0540804,Delhi,10,2021
Indoor,Airtel,4G,3,Poor Voice Quality,28.5569697,77.0540937,Delhi,10,2021
Indoor,Airtel,4G,5,Satisfactory,23.37947,77.76849667,Madhya Pradesh,10,2021
Indoor,Airtel,4G,2,Poor Voice Quality,23.37947,77.76849667,Madhya Pradesh,10,2021
Indoor,Airtel,4G,4,Satisfactory,13.93671232,75.54819934,Karnataka,10,2021
Indoor,Airtel,4G,5,Satisfactory,28.56519488,77.05969929,Delhi,10,2021
Indoor,Airtel,4G,5,Satisfactory,28.56519488,77.05969929,Delhi,10,2021
Indoor,Airtel,4G,5,Satisfactory,28.56519488,77.05969929,Delhi,10,2021
Indoor,Airtel,4G,1,Poor Voice Quality,20.12083232,85.10994136,Odisha,10,2021
Indoor,Airtel,4G,5,Satisfactory,28.56519488,77.05969929,Delhi,10,2021
Indoor,Airtel,4G,5,Satisfactory,12.9566744,77.4895961,Karnataka,10,2021
Indoor,Airtel,4G,1,Poor Voice Quality,22.6426704,78.3954208,Madhya Pradesh,8,2021
Indoor,Airtel,4G,4,Satisfactory,13.93491054,75.54722071,Karnataka,8,2021
Indoor,Airtel,4G,4,Satisfactory,16.8840386,79.6918282,Telangana,8,2021
Indoor,Airtel,4G,3,Satisfactory,16.88409961,79.69180714,Telangana,8,2021
Indoor,Airtel,4G,1,Poor Voice Quality,18.3042814,83.5634739,Andhra Pradesh,8,2021
Indoor,Airtel,4G,5,Satisfactory,22.64440919,88.3660508,West Bengal,8,2021
Indoor,Airtel,4G,2,Poor Voice Quality,30.298165,78.06926,Uttarakhand,8,2021
Indoor,Airtel,4G,5,Satisfactory,26.8626074,81.0179499,Uttar Pradesh,1,2021
Indoor,Airtel,4G,1,Call Dropped,23.68313138,85.02662676,Jharkhand,1,2021
Indoor,Airtel,4G,5,Satisfactory,26.86261462,81.01795861,Uttar Pradesh,1,2021
Indoor,Airtel,4G,5,Satisfactory,12.9949732,80.2604594,Tamil Nadu,1,2021
Indoor,Airtel,4G,3,Poor Voice Quality,18.49679829,73.85765719,Maharashtra,1,2021
Indoor,Airtel,4G,5,Satisfactory,26.860889,80.989352,Uttar Pradesh,1,2021
Indoor,Airtel,4G,5,Satisfactory,13.2554756,77.5571056,Karnataka,1,2021
Indoor,Airtel,4G,4,Satisfactory,13.93683421,75.54813567,Karnataka,1,2021
Indoor,Airtel,4G,1,Call Dropped,28.56092263,77.05616858,Delhi,10,2021
Indoor,Airtel,4G,5,Satisfactory,28.56092263,77.05616858,Delhi,10,2021
Indoor,Airtel,4G,4,Satisfactory,13.9368057,75.548092,Karnataka,10,2021
Indoor,Airtel,4G,4,Satisfactory,13.9368061,75.5480927,Karnataka,10,2021
Indoor,Airtel,4G,4,Satisfactory,13.93671619,75.54834335,Karnataka,8,2021
Indoor,Airtel,4G,4,Satisfactory,12.922508,79.1369417,Tamil Nadu,8,2021
Indoor,Airtel,4G,4,Satisfactory,16.8840392,79.6918392,Telangana,8,2021
Indoor,Airtel,4G,4,Satisfactory,16.8840388,79.6918393,Telangana,8,2021
Indoor,Airtel,4G,5,Satisfactory,10.30298432,76.22311384,Kerala,8,2021
Indoor,Airtel,4G,5,Satisfactory,10.06233814,76.32388519,Kerala,1,2021
Indoor,Airtel,4G,4,Satisfactory,24.08881667,88.25562333,West Bengal,1,2021
Indoor,Airtel,4G,5,Satisfactory,10.06233814,76.32388519,Kerala,1,2021
Indoor,Airtel,4G,4,Satisfactory,12.9763758,77.711942,Karnataka,1,2021
Indoor,Airtel,4G,4,Satisfactory,12.9765361,77.7118303,Karnataka,1,2021
Indoor,Airtel,4G,5,Satisfactory,17.41570498,78.37086956,Telangana,1,2021
Indoor,Airtel,4G,5,Satisfactory,11.35562278,77.21917868,Tamil Nadu,1,2021
Indoor,Airtel,4G,4,Satisfactory,21.16954568,81.79298384,Chhattisgarh,1,2021
Indoor,Airtel,4G,4,Satisfactory,24.08876833,88.25512167,West Bengal,1,2021
Indoor,Airtel,4G,1,Call Dropped,28.5054628,77.2996304,Delhi,1,2021
Indoor,Airtel,4G,1,Poor Voice Quality,28.5054628,77.2996304,Delhi,1,2021
Indoor,Airtel,4G,1,Poor Voice Quality,28.5054628,77.2996304,Delhi,1,2021
Indoor,Airtel,4G,1,Call Dropped,28.5054596,77.299636,Delhi,1,2021
Indoor,Airtel,4G,1,Poor Voice Quality,28.505464,77.2996325,Delhi,1,2021
Indoor,Airtel,4G,5,Satisfactory,10.12323133,76.35666778,Kerala,1,2021
Indoor,Airtel,4G,1,Call Dropped,22.643897,78.3932044,Madhya Pradesh,1,2021
Indoor,Airtel,4G,1,Poor Voice Quality,28.5389874,77.2745541,Delhi,10,2021
Indoor,Airtel,4G,1,Call Dropped,28.56092263,77.05616858,Delhi,10,2021
Indoor,Airtel,4G,3,Poor Voice Quality,30.29791667,78.07013,Uttarakhand,7,2021
Indoor,Airtel,4G,4,Satisfactory,13.93671089,75.54814216,Karnataka,7,2021
Indoor,Airtel,4G,4,Satisfactory,13.93686555,75.54814316,Karnataka,7,2021
Indoor,Airtel,4G,4,Satisfactory,28.49312333,77.01841667,Haryana,7,2021
Indoor,Airtel,4G,4,Satisfactory,28.49312333,77.01841667,Haryana,7,2021
Indoor,Airtel,4G,5,Satisfactory,28.49312333,77.01841667,Haryana,7,2021
Indoor,Airtel,4G,5,Satisfactory,10.30298173,76.22313917,Kerala,8,2021
Indoor,Airtel,4G,4,Satisfactory,13.93710947,75.54809995,Karnataka,9,2021
Indoor,Airtel,4G,1,Poor Voice Quality,22.75031333,78.35451,Madhya Pradesh,9,2021
Indoor,Airtel,4G,4,Satisfactory,13.93309619,75.54716744,Karnataka,9,2021
Indoor,Airtel,4G,5,Satisfactory,13.93679407,75.54797839,Karnataka,9,2021
Indoor,Airtel,4G,4,Satisfactory,13.936798,75.5481212,Karnataka,9,2021
Indoor,Airtel,4G,4,Satisfactory,13.93681881,75.54796896,Karnataka,9,2021
Indoor,Airtel,4G,4,Satisfactory,13.9367604,75.548144,Karnataka,9,2021
Indoor,Airtel,4G,4,Satisfactory,13.93648364,75.54792624,Karnataka,9,2021
Indoor,Airtel,4G,4,Satisfactory,13.9368068,75.5481078,Karnataka,9,2021
Indoor,Airtel,4G,4,Satisfactory,16.88407924,79.69177135,Telangana,9,2021
Indoor,Airtel,4G,4,Satisfactory,13.93663912,75.54821472,Karnataka,9,2021
Indoor,Airtel,4G,5,Satisfactory,12.93305118,77.69639115,Karnataka,10,2022
Indoor,Airtel,4G,5,Satisfactory,12.9358406,77.6946689,Karnataka,10,2022
Indoor,Airtel,4G,3,Satisfactory,30.1048056,78.2876442,Uttarakhand,10,2022
Indoor,Airtel,4G,5,Satisfactory,12.93675811,77.69406609,Karnataka,10,2022
Indoor,Airtel,4G,3,Satisfactory,19.2205868,72.8427747,Maharashtra,10,2022
Indoor,Airtel,4G,5,Satisfactory,13.04123543,77.61961269,Karnataka,10,2022
Indoor,Airtel,4G,5,Satisfactory,14.02920327,75.92789818,Karnataka,10,2022
Indoor,Airtel,4G,5,Satisfactory,13.06061377,77.55888729,Karnataka,10,2022
Indoor,Airtel,4G,5,Satisfactory,12.9359149,77.6946525,Karnataka,10,2022
Indoor,Airtel,4G,3,Satisfactory,30.10478456,78.28768058,Uttarakhand,10,2022
Indoor,Airtel,4G,5,Satisfactory,12.9359165,77.6946554,Karnataka,10,2022
Indoor,Airtel,4G,5,Satisfactory,13.04626335,77.55654805,Karnataka,10,2022
Indoor,Airtel,4G,1,Poor Voice Quality,12.9610244,77.2047663,Karnataka,10,2022
Indoor,Airtel,4G,5,Satisfactory,12.9358718,77.6945645,Karnataka,10,2022
Indoor,Airtel,4G,5,Satisfactory,13.0726054,77.5601895,Karnataka,10,2022
Indoor,Airtel,4G,5,Satisfactory,13.0726049,77.560191,Karnataka,10,2022
Indoor,Airtel,4G,1,Call Dropped,18.1885151,76.0430829,Maharashtra,10,2022
Indoor,Airtel,4G,5,Satisfactory,14.02805947,75.93191319,Karnataka,10,2022
Indoor,Airtel,4G,1,Poor Voice Quality,18.1885316,76.0431537,Maharashtra,10,2022
Indoor,Airtel,4G,1,Call Dropped,18.1885316,76.0431537,Maharashtra,10,2022
Indoor,Airtel,4G,3,Satisfactory,30.10482152,78.28758545,Uttarakhand,10,2022
Indoor,Airtel,4G,3,Satisfactory,30.11559563,78.28177975,Uttarakhand,10,2022
Indoor,Airtel,4G,1,Poor Voice Quality,27.23708921,74.1317101,Rajasthan,10,2022
Indoor,Airtel,4G,5,Satisfactory,13.01967982,77.65471703,Karnataka,10,2022
Indoor,Airtel,4G,5,Satisfactory,13.07334021,77.56110627,Karnataka,10,2022
Indoor,Airtel,4G,5,Satisfactory,13.07259514,77.55980373,Karnataka,10,2022
Indoor,Airtel,4G,5,Satisfactory,13.06845145,77.55983677,Karnataka,10,2022
Indoor,Airtel,4G,5,Satisfactory,12.99850374,77.66356845,Karnataka,10,2022
Indoor,Airtel,4G,1,Call Dropped,13.072603,77.5601881,Karnataka,10,2022
Indoor,Airtel,4G,4,Satisfactory,12.9361253,77.6946476,Karnataka,4,2022
Indoor,Airtel,4G,4,Satisfactory,13.00311878,77.71050643,Karnataka,4,2022
Indoor,Airtel,4G,4,Satisfactory,13.9439573,75.5834196,Karnataka,4,2022
Indoor,Airtel,4G,4,Satisfactory,13.93813211,75.5453807,Karnataka,4,2022
Indoor,Airtel,4G,4,Satisfactory,13.9367119,75.5481409,Karnataka,4,2022
Indoor,Airtel,4G,4,Satisfactory,13.93656145,75.54820645,Karnataka,4,2022
Indoor,Airtel,4G,1,Poor Voice Quality,28.70188388,77.42717026,Uttar Pradesh,4,2022
Indoor,Airtel,4G,4,Satisfactory,13.93670794,75.54821536,Karnataka,4,2022
Indoor,Airtel,4G,5,Satisfactory,13.936972,75.54806849,Karnataka,4,2022
Indoor,Airtel,4G,5,Satisfactory,13.07255124,77.56006851,Karnataka,10,2022
Indoor,Airtel,4G,3,Satisfactory,30.1162618,78.280856,Uttarakhand,10,2022
Indoor,Airtel,4G,3,Satisfactory,30.11640669,78.28083329,Uttarakhand,10,2022
Indoor,Airtel,4G,3,Satisfactory,30.11640669,78.28083329,Uttarakhand,10,2022
Indoor,Airtel,4G,3,Satisfactory,30.1155838,78.2818075,Uttarakhand,10,2022
Indoor,Airtel,4G,3,Satisfactory,30.1155838,78.2818075,Uttarakhand,10,2022
Indoor,Airtel,4G,5,Satisfactory,14.02793252,75.93188835,Karnataka,10,2022
Indoor,Airtel,4G,5,Satisfactory,13.0727307,77.560285,Karnataka,10,2022
Indoor,Airtel,4G,5,Satisfactory,13.05412895,77.57259213,Karnataka,10,2022
Indoor,Airtel,4G,5,Satisfactory,13.05412895,77.57259213,Karnataka,10,2022
Indoor,Airtel,4G,1,Call Dropped,13.0726185,77.5602141,Karnataka,10,2022
Indoor,Airtel,4G,5,Satisfactory,13.0726185,77.5602141,Karnataka,10,2022
Indoor,Airtel,4G,5,Satisfactory,13.072617,77.5602142,Karnataka,10,2022
Indoor,Airtel,4G,5,Satisfactory,13.06888117,77.56047757,Karnataka,10,2022
Indoor,Airtel,4G,5,Satisfactory,12.9565503,77.4896459,Karnataka,10,2022
Indoor,Airtel,4G,5,Satisfactory,13.0725805,77.5602336,Karnataka,10,2022
Indoor,Airtel,4G,5,Satisfactory,12.9361069,77.6946436,Karnataka,10,2022
Indoor,Airtel,4G,1,Poor Voice Quality,19.22348503,72.84202277,Maharashtra,10,2022
Indoor,Airtel,4G,2,Poor Voice Quality,19.2206549,72.8429709,Maharashtra,10,2022
Indoor,Airtel,4G,1,Poor Voice Quality,19.2207087,72.8430287,Maharashtra,10,2022
Indoor,Airtel,4G,5,Satisfactory,13.0725845,77.560282,Karnataka,10,2022
Indoor,Airtel,4G,1,Poor Voice Quality,30.11576493,78.28157966,Uttarakhand,10,2022
Indoor,Airtel,4G,5,Satisfactory,14.57619802,76.30682157,Karnataka,10,2022
Indoor,Airtel,4G,5,Satisfactory,12.9566249,77.4897681,Karnataka,10,2022
Indoor,Airtel,4G,5,Satisfactory,13.9367884,75.5480518,Karnataka,10,2022
Indoor,Airtel,4G,3,Satisfactory,30.10490527,78.28766732,Uttarakhand,10,2022
Indoor,Airtel,4G,3,Satisfactory,30.10864867,78.29443476,Uttarakhand,10,2022
Indoor,Airtel,4G,2,Poor Voice Quality,19.26149956,72.85199715,Maharashtra,10,2022
Indoor,Airtel,4G,5,Satisfactory,13.9367884,75.548053,Karnataka,10,2022
Indoor,Airtel,4G,1,Poor Voice Quality,19.2205653,72.8427929,Maharashtra,10,2022
Indoor,Airtel,4G,2,Poor Voice Quality,19.22069015,72.84281132,Maharashtra,10,2022
Indoor,Airtel,4G,3,Poor Voice Quality,20.7049222,83.49090596,Odisha,10,2022
Indoor,Airtel,4G,5,Satisfactory,14.02783057,75.93190275,Karnataka,10,2022
Indoor,Airtel,4G,1,Poor Voice Quality,19.2205808,72.8427815,Maharashtra,10,2022
Indoor,Airtel,4G,1,Poor Voice Quality,19.22144808,72.83925478,Maharashtra,10,2022
Indoor,Airtel,4G,3,Satisfactory,30.115352,78.2818875,Uttarakhand,10,2022
Indoor,Airtel,4G,3,Satisfactory,30.115352,78.2818875,Uttarakhand,10,2022
Indoor,Airtel,4G,1,Poor Voice Quality,19.2613616,72.8658452,Maharashtra,10,2022
Indoor,Airtel,4G,5,Satisfactory,13.05838775,77.55926889,Karnataka,10,2022
Indoor,Airtel,4G,5,Satisfactory,12.9359793,77.6945514,Karnataka,10,2022
Indoor,Airtel,4G,5,Satisfactory,13.0725947,77.5602074,Karnataka,10,2022
Indoor,Airtel,4G,2,Poor Voice Quality,19.2205864,72.842869,Maharashtra,10,2022
Indoor,Airtel,4G,5,Satisfactory,13.0725989,77.5602097,Karnataka,10,2022
Indoor,Airtel,4G,1,Poor Voice Quality,19.22038108,72.84287457,Maharashtra,10,2022
Indoor,Airtel,4G,1,Poor Voice Quality,19.22038108,72.84287457,Maharashtra,10,2022
Indoor,Airtel,4G,5,Satisfactory,13.0725997,77.5602083,Karnataka,10,2022
Indoor,Airtel,4G,2,Poor Voice Quality,19.2205505,72.8428545,Maharashtra,10,2022
Indoor,Airtel,4G,1,Call Dropped,19.2206347,72.8430267,Maharashtra,10,2022
Indoor,Airtel,4G,1,Poor Voice Quality,19.22062151,72.84287017,Maharashtra,10,2022
Indoor,Airtel,4G,3,Satisfactory,30.10479084,78.2876835,Uttarakhand,10,2022
Indoor,Airtel,4G,4,Satisfactory,13.94516581,75.57416631,Karnataka,5,2022
Indoor,Airtel,4G,2,Poor Voice Quality,12.24229667,78.177005,Tamil Nadu,5,2022
Indoor,Airtel,4G,4,Satisfactory,13.93676041,75.54818283,Karnataka,5,2022
Indoor,Airtel,4G,1,Poor Voice Quality,21.17197618,72.80021543,Gujarat,5,2022
Indoor,Airtel,4G,1,Call Dropped,18.45209138,73.85125061,Maharashtra,5,2022
Indoor,Airtel,4G,4,Satisfactory,13.0030344,77.7117812,Karnataka,5,2022
Indoor,Airtel,4G,4,Satisfactory,13.00813686,77.69310507,Karnataka,5,2022
Indoor,Airtel,4G,4,Satisfactory,13.83645064,75.67838731,Karnataka,5,2022
Indoor,Airtel,4G,4,Satisfactory,13.93691565,75.54800204,Karnataka,5,2022
Indoor,Airtel,4G,4,Satisfactory,13.9368012,75.54799755,Karnataka,5,2022
Indoor,Airtel,4G,5,Satisfactory,13.07161349,77.56128654,Karnataka,8,2022
Indoor,Airtel,4G,5,Satisfactory,13.0717504,77.5548378,Karnataka,8,2022
Indoor,Airtel,4G,5,Satisfactory,13.07366333,77.55488486,Karnataka,8,2022
Indoor,Airtel,4G,5,Satisfactory,13.06885143,77.55776289,Karnataka,8,2022
Indoor,Airtel,4G,5,Satisfactory,13.0774301,77.5578263,Karnataka,8,2022
Indoor,Airtel,4G,5,Satisfactory,13.00280604,77.711512,Karnataka,8,2022
Indoor,Airtel,4G,5,Satisfactory,13.93670274,75.54825005,Karnataka,8,2022
Indoor,Airtel,4G,5,Satisfactory,13.93675308,75.54806703,Karnataka,8,2022
Indoor,Airtel,4G,5,Satisfactory,13.93687806,75.54799034,Karnataka,8,2022
Indoor,Airtel,4G,5,Satisfactory,13.93673731,75.5481595,Karnataka,8,2022
Indoor,Airtel,4G,5,Satisfactory,13.00419736,77.70985892,Karnataka,8,2022
Indoor,Airtel,4G,5,Satisfactory,12.9360955,77.6946086,Karnataka,8,2022
Indoor,Airtel,4G,5,Satisfactory,12.9360955,77.6946085,Karnataka,8,2022
Indoor,Airtel,4G,5,Satisfactory,13.0029086,77.7116603,Karnataka,8,2022
Indoor,Airtel,4G,5,Satisfactory,13.07271737,77.56013953,Karnataka,8,2022
Indoor,Airtel,4G,5,Satisfactory,12.935844,77.69454,Karnataka,8,2022
Indoor,Airtel,4G,5,Satisfactory,13.0725895,77.5602228,Karnataka,8,2022
Indoor,Airtel,4G,5,Satisfactory,15.89124,76.48588333,Karnataka,8,2022
Indoor,Airtel,4G,5,Satisfactory,13.06854222,77.55962211,Karnataka,8,2022
Indoor,Airtel,4G,5,Satisfactory,13.06974975,77.55994059,Karnataka,8,2022
Indoor,Airtel,4G,5,Satisfactory,12.9482223,77.6988263,Karnataka,8,2022
Indoor,Airtel,4G,5,Satisfactory,12.9415709,77.6963231,Karnataka,8,2022
Indoor,Airtel,4G,5,Satisfactory,13.0029803,77.7117528,Karnataka,7,2022
Indoor,Airtel,4G,1,Poor Voice Quality,21.14297354,72.7656213,Gujarat,7,2022
Indoor,Airtel,4G,5,Satisfactory,13.0029841,77.7117393,Karnataka,7,2022
Indoor,Airtel,4G,5,Satisfactory,12.97102399,77.70726636,Karnataka,7,2022
Indoor,Airtel,4G,1,Call Dropped,12.9358352,77.6945519,Karnataka,7,2022
Indoor,Airtel,4G,5,Satisfactory,13.0030235,77.7117577,Karnataka,7,2022
Indoor,Airtel,4G,5,Satisfactory,13.0030271,77.7117462,Karnataka,7,2022
Indoor,Airtel,4G,5,Satisfactory,13.0029806,77.7117383,Karnataka,7,2022
Indoor,Airtel,4G,5,Satisfactory,12.95337219,77.70039673,Karnataka,7,2022
Indoor,Airtel,4G,5,Satisfactory,12.93701611,77.69376413,Karnataka,7,2022
Indoor,Airtel,4G,5,Satisfactory,12.9360638,77.694604,Karnataka,7,2022
Indoor,Airtel,4G,5,Satisfactory,13.002986,77.7117258,Karnataka,7,2022
Indoor,Airtel,4G,5,Satisfactory,13.0030496,77.7117568,Karnataka,7,2022
Indoor,Airtel,4G,5,Satisfactory,13.00291557,77.71186794,Karnataka,7,2022
Indoor,Airtel,4G,5,Satisfactory,13.00621546,77.70014646,Karnataka,7,2022
Indoor,Airtel,4G,5,Satisfactory,13.07028335,77.55604585,Karnataka,7,2022
Indoor,Airtel,4G,5,Satisfactory,13.0725514,77.5602218,Karnataka,9,2022
Indoor,Airtel,4G,5,Satisfactory,14.00763737,75.92152317,Karnataka,9,2022
Indoor,Airtel,4G,3,Satisfactory,30.18949825,78.13369161,Uttarakhand,9,2022
Indoor,Airtel,4G,3,Satisfactory,30.1106695,78.2973084,Uttarakhand,9,2022
Indoor,Airtel,4G,5,Satisfactory,13.07216523,77.55994199,Karnataka,9,2022
Indoor,Airtel,4G,5,Satisfactory,12.9360427,77.6946689,Karnataka,9,2022
Indoor,Airtel,4G,3,Satisfactory,30.11597549,78.28117077,Uttarakhand,9,2022
Indoor,Airtel,4G,5,Satisfactory,13.0725025,77.5602007,Karnataka,9,2022
Indoor,Airtel,4G,5,Satisfactory,12.9361208,77.6946028,Karnataka,9,2022
Indoor,Airtel,4G,5,Satisfactory,12.9361197,77.6946046,Karnataka,9,2022
Indoor,Airtel,4G,3,Satisfactory,30.1047275,78.2876554,Uttarakhand,9,2022
Indoor,Airtel,4G,5,Satisfactory,13.0725814,77.560196,Karnataka,9,2022
Indoor,Airtel,4G,3,Satisfactory,30.11597549,78.28117077,Uttarakhand,9,2022
Indoor,Airtel,4G,3,Satisfactory,30.11597549,78.28117077,Uttarakhand,9,2022
Indoor,Airtel,4G,3,Satisfactory,30.11597549,78.28117077,Uttarakhand,9,2022
Indoor,Airtel,4G,5,Satisfactory,13.03896955,77.62515148,Karnataka,9,2022
Indoor,Airtel,4G,5,Satisfactory,13.0725944,77.5601566,Karnataka,9,2022
Indoor,Airtel,4G,5,Satisfactory,13.07315509,77.55705676,Karnataka,9,2022
Indoor,Airtel,4G,5,Satisfactory,13.07468307,77.56252168,Karnataka,9,2022
Indoor,Airtel,4G,5,Satisfactory,26.23822114,78.16565854,Madhya Pradesh,9,2022
Indoor,Airtel,4G,5,Satisfactory,26.21444051,78.1818782,Madhya Pradesh,9,2022
Indoor,Airtel,4G,5,Satisfactory,13.0726207,77.5601992,Karnataka,9,2022
Indoor,Airtel,4G,1,Poor Voice Quality,24.63433912,78.29454733,Uttar Pradesh,6,2022
Indoor,Airtel,4G,4,Satisfactory,14.00182359,75.78219523,Karnataka,6,2022
Indoor,Airtel,4G,4,Satisfactory,13.93669477,75.54821563,Karnataka,6,2022
Indoor,Airtel,4G,5,Satisfactory,13.93664125,75.54820138,Karnataka,6,2022
Indoor,Airtel,4G,5,Satisfactory,13.936647,75.5481667,Karnataka,6,2022
Indoor,Airtel,4G,4,Satisfactory,13.93356699,75.55995295,Karnataka,6,2022
Indoor,Airtel,4G,5,Satisfactory,12.95002965,77.69982352,Karnataka,6,2022
Indoor,Airtel,4G,5,Satisfactory,13.0029373,77.7116699,Karnataka,6,2022
Indoor,Airtel,4G,5,Satisfactory,13.00277505,77.71183734,Karnataka,6,2022
Indoor,Airtel,4G,1,Call Dropped,21.18111852,72.80251934,Gujarat,6,2022
Indoor,Airtel,4G,5,Satisfactory,13.0725968,77.5601969,Karnataka,10,2022
Indoor,Airtel,4G,5,Satisfactory,14.02698903,75.92884996,Karnataka,10,2022
Indoor,Airtel,4G,3,Satisfactory,30.10484772,78.28763594,Uttarakhand,10,2022
Indoor,Airtel,4G,3,Satisfactory,30.10484772,78.28763594,Uttarakhand,10,2022
Indoor,Airtel,4G,5,Satisfactory,13.05591051,77.55822927,Karnataka,10,2022
Indoor,Airtel,4G,5,Satisfactory,12.99967517,77.6815511,Karnataka,10,2022
Indoor,Airtel,4G,3,Satisfactory,30.28993472,78.08145174,Uttarakhand,10,2022
Indoor,Airtel,4G,5,Satisfactory,13.9383013,75.5460742,Karnataka,10,2022
Indoor,Airtel,4G,3,Satisfactory,30.10566842,78.2975683,Uttarakhand,10,2022
Indoor,Airtel,4G,5,Satisfactory,20.57901333,84.41676167,Odisha,3,2024
Indoor,Airtel,4G,1,Call Dropped,28.6630121,77.2821259,Delhi,3,2024
Indoor,Airtel,4G,3,Satisfactory,30.1048507,78.2876524,Uttarakhand,12,2023
Indoor,Airtel,4G,1,Poor Voice Quality,30.10483455,78.28762703,Uttarakhand,12,2023
Indoor,Airtel,4G,3,Satisfactory,30.0898749,78.2886515,Uttarakhand,12,2023
Indoor,Airtel,4G,3,Satisfactory,30.1048503,78.2876407,Uttarakhand,12,2023
Indoor,Airtel,4G,3,Satisfactory,30.10513077,78.2873834,Uttarakhand,12,2023
Indoor,Airtel,4G,5,Satisfactory,8.425267077,77.11684996,Kerala,2,2024
Indoor,Airtel,4G,5,Satisfactory,12.956667,77.4896943,Karnataka,2,2024
Indoor,Airtel,4G,4,Satisfactory,12.98199333,77.60223833,Karnataka,9,2023
Indoor,Airtel,4G,1,Poor Voice Quality,30.1153838,78.2819002,Uttarakhand,9,2023
Indoor,Airtel,4G,3,Satisfactory,30.1047328,78.2878057,Uttarakhand,9,2023
Indoor,Airtel,4G,3,Satisfactory,30.1108486,78.2950641,Uttarakhand,9,2023
Indoor,Airtel,4G,5,Satisfactory,18.0111593,81.7070655,Chhattisgarh,8,2023
Indoor,Airtel,4G,2,Poor Voice Quality,25.6078856,85.1135479,Bihar,8,2023
Indoor,Airtel,4G,1,Poor Voice Quality,25.6079081,85.1139703,Bihar,8,2023
Indoor,Airtel,4G,3,Satisfactory,30.11643183,78.28085943,Uttarakhand,11,2023
Indoor,Airtel,4G,3,Satisfactory,30.1024611,78.28884583,Uttarakhand,11,2023
Indoor,Airtel,4G,3,Satisfactory,30.1024611,78.28884583,Uttarakhand,11,2023
Indoor,Airtel,4G,3,Satisfactory,30.1024611,78.28884583,Uttarakhand,11,2023
Indoor,Airtel,4G,3,Satisfactory,30.11549117,78.28183223,Uttarakhand,11,2023
Indoor,Airtel,4G,3,Satisfactory,30.1157131,78.28209829,Uttarakhand,11,2023
Indoor,Airtel,4G,3,Satisfactory,30.11078106,78.28907042,Uttarakhand,11,2023
Indoor,Airtel,4G,3,Satisfactory,30.10494538,78.28773426,Uttarakhand,11,2023
Indoor,Airtel,4G,3,Satisfactory,30.10715106,78.28908614,Uttarakhand,10,2023
Indoor,Airtel,4G,3,Satisfactory,30.1048101,78.2876045,Uttarakhand,10,2023
Indoor,Airtel,4G,3,Satisfactory,30.1047951,78.2876499,Uttarakhand,10,2023
Indoor,Airtel,4G,1,Poor Voice Quality,17.44504695,75.19216066,Maharashtra,1,2025
Indoor,Airtel,4G,1,Poor Voice Quality,24.99109491,81.05642336,Uttar Pradesh,1,2025
Indoor,Airtel,4G,2,Poor Voice Quality,31.28046833333333,74.91336166666666,Punjab,1,2025
Indoor,Airtel,4G,2,Poor Voice Quality,31.28046833333333,74.91336166666666,Punjab,1,2025
Indoor,Airtel,4G,2,Poor Voice Quality,31.28046833333333,74.91336166666666,Punjab,1,2025
Indoor,Airtel,4G,1,Poor Voice Quality,23.16063,79.93397333333334,Madhya Pradesh,1,2025
Indoor,Airtel,4G,2,Poor Voice Quality,30.206716033333336,76.15686401666667,Punjab,1,2025
Indoor,Airtel,4G,3,Satisfactory,30.206716033333336,76.15686401666667,Punjab,1,2025
Indoor,Airtel,4G,5,Satisfactory,30.206716033333336,76.15686401666667,Punjab,1,2025
Indoor,Airtel,4G,2,Poor Voice Quality,30.66377554088831,76.86346099711955,Punjab,1,2025
Indoor,Airtel,4G,3,Satisfactory,31.31058587,75.57605189,Punjab,1,2025
Indoor,Airtel,4G,1,Call Dropped,26.466035,86.50113000000002,Bihar,1,2025
Indoor,Airtel,4G,1,Call Dropped,14.85349,74.11783333333332,Karnataka,1,2025
Indoor,Airtel,4G,1,Poor Voice Quality,14.853051666666666,74.118185,Karnataka,1,2025
Indoor,Airtel,4G,1,Call Dropped,23.19311209,77.44933976,Madhya Pradesh,1,2025
Indoor,Airtel,4G,1,Call Dropped,23.19311209,77.44933976,Madhya Pradesh,1,2025
Indoor,Airtel,4G,1,Poor Voice Quality,28.6530274,77.2980397,Delhi,1,2025
Indoor,Airtel,4G,1,Poor Voice Quality,28.44609052,77.00227054,Haryana,1,2025
Indoor,Airtel,4G,1,Poor Voice Quality,25.78352573,82.00286788,Uttar Pradesh,1,2025
Indoor,Airtel,4G,1,Poor Voice Quality,14.832551666666664,74.127295,Karnataka,1,2025
Indoor,Airtel,4G,4,Satisfactory,30.379590801894665,75.54888068698347,Punjab,1,2025
Indoor,Airtel,4G,2,Call Dropped,29.91314833333333,76.12139833333335,Punjab,1,2025
Indoor,Airtel,4G,1,Call Dropped,26.47379830945283,84.83244387432933,Bihar,1,2025
Indoor,Airtel,4G,1,Poor Voice Quality,19.1625471,72.857035,Maharashtra,1,2025
Indoor,Airtel,4G,1,Poor Voice Quality,22.83897833333333,88.62695833333333,West Bengal,1,2025
Indoor,Airtel,4G,1,Poor Voice Quality,31.608437905088067,75.31967562,Punjab,2,2025
Indoor,Airtel,4G,1,Poor Voice Quality,27.236986666666667,74.13187666666666,Rajasthan,2,2025
Indoor,Airtel,4G,3,Satisfactory,27.22071833333333,74.19036333333334,Rajasthan,2,2025
Indoor,Airtel,4G,5,Satisfactory,26.85397369,80.99761682,Uttar Pradesh,2,2025
Indoor,Airtel,4G,2,Poor Voice Quality,30.769169,75.4164455,Punjab,3,2025
Indoor,Airtel,4G,2,Poor Voice Quality,31.608374370262027,75.31978466548026,Punjab,3,2025
Indoor,Airtel,4G,2,Poor Voice Quality,30.769169,75.4164455,Punjab,3,2025
Indoor,Airtel,4G,3,Satisfactory,30.7943333,75.4768919,Punjab,3,2025
Indoor,Airtel,4G,1,Poor Voice Quality,19.0901497,73.0119655,Maharashtra,3,2025
Indoor,Airtel,4G,2,Poor Voice Quality,30.85035469,75.83798973,Punjab,3,2025
Indoor,Airtel,4G,5,Satisfactory,23.194487,72.6329505,Gujarat,3,2025
Indoor,Airtel,4G,4,Satisfactory,21.133173333333332,79.06871166666666,Maharashtra,2,2025
Indoor,Airtel,4G,4,Satisfactory,26.8677138,88.7395461,West Bengal,2,2025
Indoor,Airtel,4G,1,Poor Voice Quality,22.7558207,72.3246381,Gujarat,2,2025
Indoor,Airtel,4G,4,Satisfactory,28.637048333333336,77.14091666666667,Delhi,3,2025
Indoor,Airtel,4G,4,Satisfactory,26.86984826666667,88.7362691,West Bengal,3,2025
Indoor,Airtel,4G,1,Poor Voice Quality,22.5677,71.8139565,Gujarat,2,2025
Indoor,Airtel,4G,4,Satisfactory,18.6415431,73.7700805,Maharashtra,3,2022
Indoor,Airtel,4G,4,Satisfactory,13.8427351,75.70872079,Karnataka,3,2022
Indoor,Airtel,4G,4,Satisfactory,13.9439573,75.5834196,Karnataka,3,2022
Indoor,Airtel,4G,4,Satisfactory,13.93656145,75.54820645,Karnataka,3,2022
Indoor,Airtel,4G,4,Satisfactory,13.93663152,75.54815804,Karnataka,3,2022
Indoor,Airtel,4G,4,Satisfactory,13.002993,77.7117363,Karnataka,3,2022
Indoor,Airtel,4G,1,Poor Voice Quality,18.7491111,73.4217613,Maharashtra,3,2022
Indoor,Airtel,4G,2,Call Dropped,28.66107497,77.26677706,Delhi,3,2022
Indoor,Airtel,4G,5,Satisfactory,13.0042794,77.7093335,Karnataka,3,2022
Indoor,Airtel,4G,4,Satisfactory,13.00285897,77.71176171,Karnataka,3,2022
Indoor,Airtel,4G,4,Satisfactory,13.11079949,77.46996126,Karnataka,3,2022
Indoor,Airtel,4G,4,Satisfactory,13.93798593,75.56918095,Karnataka,3,2022
Indoor,Airtel,4G,1,Call Dropped,10.6002379,76.211537,Kerala,3,2022
Indoor,Airtel,4G,3,Poor Voice Quality,18.4449834,73.84858729,Maharashtra,1,2022
Indoor,Airtel,4G,2,Poor Voice Quality,18.955033,72.8014064,Maharashtra,1,2022
Indoor,Airtel,4G,1,Poor Voice Quality,25.01709229,88.12771289,West Bengal,1,2022
Indoor,Airtel,4G,4,Satisfactory,13.9368091,75.5480971,Karnataka,1,2022
Indoor,Airtel,4G,5,Satisfactory,10.3029694,76.2231239,Kerala,1,2022
Indoor,Airtel,4G,1,Poor Voice Quality,18.4419688,73.8485221,Maharashtra,1,2022
Indoor,Airtel,4G,4,Satisfactory,13.93683507,75.54813026,Karnataka,1,2022
Indoor,Airtel,4G,4,Satisfactory,13.93413671,75.55501095,Karnataka,1,2022
Indoor,Airtel,4G,2,Poor Voice Quality,18.45028131,73.85119773,Maharashtra,1,2022
Indoor,Airtel,4G,3,Poor Voice Quality,19.8532322,75.3395415,Maharashtra,1,2022
Indoor,Airtel,4G,1,Poor Voice Quality,18.4520791,73.8514713,Maharashtra,1,2022
Indoor,Airtel,4G,4,Satisfactory,13.8323326,75.6766261,Karnataka,1,2022
Indoor,Airtel,4G,2,Poor Voice Quality,18.44233476,73.84802168,Maharashtra,1,2022
Indoor,Airtel,4G,4,Satisfactory,13.9367101,75.5481778,Karnataka,2,2022
Indoor,Airtel,4G,1,Poor Voice Quality,26.092995,87.92988833,Bihar,2,2022
Indoor,Airtel,4G,4,Satisfactory,13.93667437,75.54826439,Karnataka,2,2022
Indoor,Airtel,4G,3,Poor Voice Quality,18.45062158,73.85132933,Maharashtra,2,2022
Indoor,Airtel,4G,5,Satisfactory,26.23817691,78.16589152,Madhya Pradesh,2,2022
Indoor,Airtel,4G,4,Satisfactory,13.9366809,75.54812839,Karnataka,2,2022
Indoor,Airtel,4G,3,Satisfactory,18.95486095,72.80136761,Maharashtra,2,2022
Indoor,Airtel,4G,4,Satisfactory,10.30342664,76.22362611,Kerala,2,2022
Indoor,Airtel,4G,1,Call Dropped,10.6002412,76.2115308,Kerala,2,2022
Indoor,Airtel,4G,5,Satisfactory,13.93786074,75.54738527,Karnataka,2,2022
Indoor,Airtel,4G,5,Satisfactory,13.93799569,75.5425955,Karnataka,2,2022
Indoor,Airtel,4G,5,Satisfactory,13.93786074,75.54738527,Karnataka,2,2022
Indoor,Airtel,4G,2,Call Dropped,26.58159973,93.29342452,Assam,2,2022
Indoor,Airtel,4G,4,Satisfactory,13.93785919,75.54726811,Karnataka,2,2022
Indoor,Airtel,4G,1,Poor Voice Quality,26.1143,87.93259667,Bihar,2,2022
Indoor,Airtel,4G,1,Call Dropped,28.674341,77.0737605,Delhi,2,2022
Indoor,Airtel,4G,3,Satisfactory,18.6430669,73.7704007,Maharashtra,2,2022
Indoor,Airtel,4G,3,Satisfactory,17.67812333,73.98790833,Maharashtra,2,2022
Indoor,Airtel,4G,3,Satisfactory,17.67812333,73.98790833,Maharashtra,2,2022
Indoor,Airtel,4G,4,Satisfactory,13.93673492,75.54820436,Karnataka,2,2022
Indoor,Airtel,4G,5,Satisfactory,26.23834521,78.16560291,Madhya Pradesh,1,2022
Indoor,Airtel,4G,4,Satisfactory,13.93664599,75.54821753,Karnataka,1,2022
Indoor,Airtel,4G,5,Satisfactory,13.9366731,75.5481824,Karnataka,1,2022
Indoor,Airtel,4G,4,Satisfactory,10.30300351,76.22315361,Kerala,1,2022
Indoor,Airtel,4G,2,Poor Voice Quality,18.44208851,73.84835771,Maharashtra,1,2022
Indoor,Airtel,4G,4,Satisfactory,13.93692411,75.55763086,Karnataka,1,2022
Indoor,Airtel,4G,1,Poor Voice Quality,13.75721382,79.63887571,Andhra Pradesh,12,2022
Indoor,Airtel,4G,1,Poor Voice Quality,19.2205627,72.8427692,Maharashtra,12,2022
Indoor,Airtel,4G,5,Satisfactory,13.06061377,77.55888729,Karnataka,12,2022
Indoor,Airtel,4G,5,Satisfactory,12.9358947,77.694598,Karnataka,12,2022
Indoor,Airtel,4G,5,Satisfactory,13.06866097,77.55975957,Karnataka,12,2022
Indoor,Airtel,4G,5,Satisfactory,13.06904783,77.55981396,Karnataka,12,2022
Indoor,Airtel,4G,3,Satisfactory,30.1155317,78.28189516,Uttarakhand,12,2022
Indoor,Airtel,4G,5,Satisfactory,13.0725765,77.56037319,Karnataka,12,2022
Indoor,Airtel,4G,5,Satisfactory,13.07238788,77.56014074,Karnataka,12,2022
Indoor,Airtel,4G,1,Poor Voice Quality,14.86254143,79.04782246,Andhra Pradesh,12,2022
Indoor,Airtel,4G,5,Satisfactory,13.05727868,77.55881463,Karnataka,12,2022
Indoor,Airtel,4G,5,Satisfactory,13.0613692,77.5590547,Karnataka,12,2022
Indoor,Airtel,4G,1,Poor Voice Quality,16.4800251,81.1501129,Andhra Pradesh,12,2022
Indoor,Airtel,4G,5,Satisfactory,14.0251972,75.9285256,Karnataka,12,2022
Indoor,Airtel,4G,1,Poor Voice Quality,12.9610244,77.2047663,Karnataka,12,2022
Indoor,Airtel,4G,5,Satisfactory,13.09413273,77.59511039,Karnataka,12,2022
Indoor,Airtel,4G,5,Satisfactory,13.0724009,77.55997972,Karnataka,12,2022
Indoor,Airtel,4G,3,Satisfactory,30.10438509,78.2990651,Uttarakhand,12,2022
Indoor,Airtel,4G,3,Satisfactory,13.0093419,77.4477873,Karnataka,3,2023
Indoor,Airtel,4G,5,Satisfactory,13.0726013,77.560207,Karnataka,3,2023
Indoor,Airtel,4G,5,Satisfactory,12.97468905,77.71267589,Karnataka,3,2023
Indoor,Airtel,4G,5,Satisfactory,12.9566399,77.48961152,Karnataka,3,2023
Indoor,Airtel,4G,5,Satisfactory,12.9565931,77.4896752,Karnataka,3,2023
Indoor,Airtel,4G,5,Satisfactory,12.99944563,77.64102156,Karnataka,3,2023
Indoor,Airtel,4G,5,Satisfactory,10.79916814,76.63764644,Kerala,3,2023
Indoor,Airtel,4G,5,Satisfactory,10.79733837,76.6388524,Kerala,3,2023
Indoor,Airtel,4G,5,Satisfactory,10.79734647,76.63891872,Kerala,3,2023
Indoor,Airtel,4G,5,Satisfactory,14.02785435,75.93179222,Karnataka,3,2023
Indoor,Airtel,4G,5,Satisfactory,10.76753265,76.55434243,Kerala,3,2023
Indoor,Airtel,4G,5,Satisfactory,10.74963679,76.57925376,Kerala,3,2023
Indoor,Airtel,4G,5,Satisfactory,10.74963679,76.57925376,Kerala,3,2023
Indoor,Airtel,4G,5,Satisfactory,12.9744101,77.7117652,Karnataka,3,2023
Indoor,Airtel,4G,5,Satisfactory,13.0726083,77.5602123,Karnataka,3,2023
Indoor,Airtel,4G,5,Satisfactory,10.74986142,76.57982094,Kerala,3,2023
Indoor,Airtel,4G,5,Satisfactory,10.74989848,76.5795474,Kerala,3,2023
Indoor,Airtel,4G,5,Satisfactory,10.80075021,76.55924452,Kerala,3,2023
Indoor,Airtel,4G,5,Satisfactory,10.80075021,76.55924452,Kerala,3,2023
Indoor,Airtel,4G,5,Satisfactory,10.77641724,76.36438385,Kerala,3,2023
Indoor,Airtel,4G,5,Satisfactory,10.77656923,76.36436271,Kerala,3,2023
Indoor,Airtel,4G,1,Poor Voice Quality,16.48188486,81.15169436,Andhra Pradesh,3,2023
Indoor,Airtel,4G,5,Satisfactory,10.69025376,76.42142249,Kerala,3,2023
Indoor,Airtel,4G,5,Satisfactory,10.69027821,76.42144046,Kerala,3,2023
Indoor,Airtel,4G,5,Satisfactory,10.69033055,76.42145996,Kerala,3,2023
Indoor,Airtel,4G,5,Satisfactory,10.69033055,76.42145996,Kerala,3,2023
Indoor,Airtel,4G,5,Satisfactory,10.69029956,76.42145548,Kerala,3,2023
Indoor,Airtel,4G,5,Satisfactory,10.61150425,76.72843359,Kerala,3,2023
Indoor,Airtel,4G,5,Satisfactory,10.61165043,76.72854415,Kerala,3,2023
Indoor,Airtel,4G,5,Satisfactory,10.61165043,76.72854415,Kerala,3,2023
Indoor,Airtel,4G,5,Satisfactory,10.61161834,76.72836911,Kerala,3,2023
Indoor,Airtel,4G,5,Satisfactory,10.61156188,76.72835508,Kerala,3,2023
Indoor,Airtel,4G,5,Satisfactory,13.069015,77.5584016,Karnataka,3,2023
Indoor,Airtel,4G,5,Satisfactory,10.59544545,76.66686274,Kerala,3,2023
Indoor,Airtel,4G,5,Satisfactory,10.59464552,76.66703291,Kerala,3,2023
Indoor,Airtel,4G,5,Satisfactory,10.59572498,76.66723398,Kerala,3,2023
Indoor,Airtel,4G,5,Satisfactory,10.66949402,76.61005983,Kerala,3,2023
Indoor,Airtel,4G,5,Satisfactory,10.74964759,76.579248,Kerala,3,2023
Indoor,Airtel,4G,5,Satisfactory,10.76457303,76.62439351,Kerala,3,2023
Indoor,Airtel,4G,1,Poor Voice Quality,10.76462621,76.62427227,Kerala,3,2023
Indoor,Airtel,4G,5,Satisfactory,12.9566026,77.4896319,Karnataka,3,2023
Indoor,Airtel,4G,5,Satisfactory,12.9566026,77.4896319,Karnataka,3,2023
Indoor,Airtel,4G,5,Satisfactory,12.9566026,77.4896319,Karnataka,3,2023
Indoor,Airtel,4G,5,Satisfactory,12.9565972,77.4895625,Karnataka,3,2023
Indoor,Airtel,4G,5,Satisfactory,28.5286779,77.2195702,NCT,3,2023
Indoor,Airtel,4G,1,Poor Voice Quality,19.22068445,72.84292245,Maharashtra,11,2022
Indoor,Airtel,4G,1,Poor Voice Quality,19.2205808,72.8427815,Maharashtra,11,2022
Indoor,Airtel,4G,5,Satisfactory,12.93553935,77.69475309,Karnataka,11,2022
Indoor,Airtel,4G,5,Satisfactory,13.072599,77.5602051,Karnataka,11,2022
Indoor,Airtel,4G,5,Satisfactory,12.9356821,77.6946021,Karnataka,11,2022
Indoor,Airtel,4G,1,Poor Voice Quality,19.2612705,72.8658607,Maharashtra,11,2022
Indoor,Airtel,4G,5,Satisfactory,13.072599,77.560203,Karnataka,11,2022
Indoor,Airtel,4G,3,Satisfactory,30.1155509,78.2817673,Uttarakhand,11,2022
Indoor,Airtel,4G,1,Poor Voice Quality,19.2205632,72.8427638,Maharashtra,11,2022
Indoor,Airtel,4G,1,Poor Voice Quality,19.2205434,72.8427794,Maharashtra,11,2022
Indoor,Airtel,4G,3,Satisfactory,30.1047694,78.287663,Uttarakhand,11,2022
Indoor,Airtel,4G,5,Satisfactory,13.0717192,77.5605561,Karnataka,11,2022
Indoor,Airtel,4G,5,Satisfactory,13.06653857,77.58240007,Karnataka,11,2022
Indoor,Airtel,4G,5,Satisfactory,12.93547225,77.69514595,Karnataka,11,2022
Indoor,Airtel,4G,1,Call Dropped,19.21645205,72.84257359,Maharashtra,11,2022
Indoor,Airtel,4G,1,Call Dropped,19.2206347,72.8430267,Maharashtra,11,2022
Indoor,Airtel,4G,5,Satisfactory,13.07254084,77.56012886,Karnataka,11,2022
Indoor,Airtel,4G,5,Satisfactory,13.05032767,77.55770254,Karnataka,11,2022
Indoor,Airtel,4G,5,Satisfactory,13.05032767,77.55770254,Karnataka,11,2022
Indoor,Airtel,4G,5,Satisfactory,13.05035531,77.55766561,Karnataka,11,2022
Indoor,Airtel,4G,3,Satisfactory,30.10479084,78.2876835,Uttarakhand,11,2022
Indoor,Airtel,4G,1,Poor Voice Quality,30.1047906,78.2876672,Uttarakhand,11,2022
Indoor,Airtel,4G,5,Satisfactory,13.0726102,77.5601947,Karnataka,11,2022
Indoor,Airtel,4G,5,Satisfactory,12.93675811,77.69406609,Karnataka,11,2022
Indoor,Airtel,4G,5,Satisfactory,13.04207643,77.59340246,Karnataka,11,2022
Indoor,Airtel,4G,5,Satisfactory,12.99676047,77.66858739,Karnataka,11,2022
Indoor,Airtel,4G,5,Satisfactory,13.0726035,77.5601911,Karnataka,1,2023
Indoor,Airtel,4G,1,Poor Voice Quality,13.75727363,79.63884002,Andhra Pradesh,1,2023
Indoor,Airtel,4G,3,Satisfactory,30.11559563,78.28177975,Uttarakhand,1,2023
Indoor,Airtel,4G,3,Satisfactory,30.11559563,78.28177975,Uttarakhand,1,2023
Indoor,Airtel,4G,3,Satisfactory,30.1044266,78.2968989,Uttarakhand,1,2023
Indoor,Airtel,4G,1,Poor Voice Quality,27.2369421,74.1317433,Rajasthan,1,2023
Indoor,Airtel,4G,3,Satisfactory,30.1047769,78.2877034,Uttarakhand,1,2023
Indoor,Airtel,4G,5,Satisfactory,13.07334021,77.56110627,Karnataka,1,2023
Indoor,Airtel,4G,1,Call Dropped,13.07334021,77.56110627,Karnataka,1,2023
Indoor,Airtel,4G,3,Satisfactory,30.1151016,78.2823166,Uttarakhand,1,2023
Indoor,Airtel,4G,3,Satisfactory,30.1048118,78.2876647,Uttarakhand,1,2023
Indoor,Airtel,4G,4,Satisfactory,13.0726061,77.5601958,Karnataka,1,2023
Indoor,Airtel,4G,4,Satisfactory,13.0726061,77.5601958,Karnataka,1,2023
Indoor,Airtel,4G,5,Satisfactory,12.9361905,77.69469307,Karnataka,1,2023
Indoor,Airtel,4G,3,Satisfactory,30.10484772,78.28763594,Uttarakhand,1,2023
Indoor,Airtel,4G,3,Satisfactory,30.10484772,78.28763594,Uttarakhand,1,2023
Indoor,Airtel,4G,3,Satisfactory,30.1155405,78.2817775,Uttarakhand,1,2023
Indoor,Airtel,4G,3,Satisfactory,30.28993472,78.08145174,Uttarakhand,1,2023
Indoor,Airtel,4G,3,Satisfactory,30.28993472,78.08145174,Uttarakhand,1,2023
Indoor,Airtel,4G,5,Satisfactory,12.99967517,77.6815511,Karnataka,1,2023
Indoor,Airtel,4G,5,Satisfactory,12.9566956,77.4896173,Karnataka,6,2023
Indoor,Airtel,4G,5,Satisfactory,12.9566218,77.4896714,Karnataka,6,2023
Indoor,Airtel,4G,5,Satisfactory,13.0003651,77.67897632,Karnataka,2,2023
Indoor,Airtel,4G,5,Satisfactory,12.98676739,77.69028202,Karnataka,2,2023
Indoor,Airtel,4G,5,Satisfactory,12.93130876,77.69517619,Karnataka,2,2023
Indoor,Airtel,4G,5,Satisfactory,13.93928541,75.54997802,Karnataka,2,2023
Indoor,Airtel,4G,5,Satisfactory,13.0623593,77.5589695,Karnataka,2,2023
Indoor,Airtel,4G,5,Satisfactory,13.0726054,77.5602011,Karnataka,2,2023
Indoor,Airtel,4G,5,Satisfactory,13.0725974,77.56019,Karnataka,2,2023
Indoor,Airtel,4G,4,Satisfactory,13.02375,77.59250333,Karnataka,7,2023
Indoor,Airtel,4G,2,Poor Voice Quality,16.4813969,81.15187665,Andhra Pradesh,7,2023
Indoor,Airtel,4G,2,Poor Voice Quality,16.48201184,81.15151692,Andhra Pradesh,4,2023
Indoor,Airtel,4G,2,Poor Voice Quality,19.22055775,72.8428746,Maharashtra,5,2023
Indoor,Airtel,4G,2,Poor Voice Quality,19.22055775,72.8428746,Maharashtra,5,2023
Indoor,Airtel,4G,2,Poor Voice Quality,27.1775841,82.9304625,Uttar Pradesh,10,2024
Indoor,Airtel,4G,1,Call Dropped,12.86032576,77.59096375,Karnataka,10,2024
Indoor,Airtel,4G,3,Satisfactory,21.16907533,81.33794218,Chhattisgarh,10,2024
Indoor,Airtel,4G,5,Satisfactory,25.87243921,85.54283942,Bihar,10,2024
Indoor,Airtel,4G,5,Satisfactory,12.8834895,77.6409997,Karnataka,10,2024
Indoor,Airtel,4G,2,Poor Voice Quality,27.0317394,83.5997508,Uttar Pradesh,12,2024
Indoor,Airtel,4G,5,Satisfactory,9.90615699,78.13593963,Tamil Nadu,12,2024
Indoor,Airtel,4G,4,Satisfactory,19.21579879,72.98349652,Maharashtra,12,2024
Indoor,Airtel,4G,5,Satisfactory,28.687057,77.1328675,Delhi,11,2024
Indoor,Airtel,4G,1,Poor Voice Quality,28.67363443,77.40474491,Uttar Pradesh,8,2024
Indoor,Airtel,4G,5,Satisfactory,29.69361833,76.97560667,Haryana,9,2024
Indoor,Airtel,4G,4,Satisfactory,19.20500783,72.9937935,Maharashtra,9,2024
Indoor,Airtel,4G,3,Satisfactory,30.11529639,78.28176552,Uttarakhand,5,2024
Indoor,Airtel,4G,1,Poor Voice Quality,28.5951338,77.3176496,Uttar Pradesh,5,2024
Indoor,Airtel,4G,1,Poor Voice Quality,28.5951338,77.3176496,Uttar Pradesh,5,2024
Indoor,Airtel,4G,1,Poor Voice Quality,28.5951338,77.3176496,Uttar Pradesh,5,2024
Indoor,Airtel,4G,1,Poor Voice Quality,28.5951338,77.3176496,Uttar Pradesh,5,2024
Indoor,Airtel,4G,1,Poor Voice Quality,28.5951338,77.3176496,Uttar Pradesh,5,2024
Indoor,Airtel,4G,5,Satisfactory,9.901061667,77.30059333,Tamil Nadu,5,2024
Indoor,Airtel,4G,2,Poor Voice Quality,30.30155153333333,75.36286521666666,Punjab,1,2025
Indoor,Airtel,4G,1,Poor Voice Quality,23.79355342593044,86.40109064988792,Jharkhand,1,2025
Indoor,Airtel,4G,3,Satisfactory,30.913689999999995,74.96723999999999,Punjab,1,2025
Indoor,Airtel,4G,2,Poor Voice Quality,30.913689999999995,74.96723999999999,Punjab,1,2025
Indoor,Airtel,4G,5,Satisfactory,28.63839215,77.22986144,Delhi,1,2025
Indoor,Airtel,4G,1,Poor Voice Quality,15.031436666666666,77.81219666666667,Andhra Pradesh,2,2025
Indoor,Airtel,4G,1,Poor Voice Quality,15.031436666666666,77.81219666666667,Andhra Pradesh,2,2025
Indoor,Airtel,4G,1,Call Dropped,31.4803161,76.05387699999999,Punjab,2,2025
Indoor,Airtel,4G,2,Poor Voice Quality,31.4803161,76.05387699999999,Punjab,2,2025
Indoor,Airtel,4G,1,Poor Voice Quality,25.94857583,84.58126299,Bihar,2,2025
Indoor,Airtel,4G,4,Satisfactory,26.76519765,88.44461305000002,West Bengal,1,2025
Indoor,Airtel,4G,1,Poor Voice Quality,25.35656357,76.37392632,Rajasthan,1,2025
Indoor,Airtel,4G,1,Poor Voice Quality,19.3026507,72.8513632,Maharashtra,1,2025
Indoor,Airtel,4G,1,Poor Voice Quality,25.33456833333333,74.61439333333333,Rajasthan,1,2025
Indoor,Airtel,4G,1,Poor Voice Quality,28.58599447,77.25627842,Delhi,1,2025
Indoor,Airtel,4G,1,Call Dropped,25.3416696,76.3573973,Rajasthan,1,2025
Indoor,Airtel,4G,2,Poor Voice Quality,25.433088638819758,81.87754011712968,Uttar Pradesh,1,2025
Indoor,Airtel,4G,5,Satisfactory,15.3999356,73.8237107,Goa,1,2025
Indoor,Airtel,4G,1,Call Dropped,24.179138333333334,87.781975,West Bengal,2,2025
Indoor,Airtel,4G,2,Poor Voice Quality,12.883399450220168,77.64109248295426,Karnataka,1,2025
Indoor,Airtel,4G,4,Satisfactory,30.35530333333333,76.76417666666666,Haryana,1,2025
Indoor,Airtel,4G,1,Poor Voice Quality,25.341749,76.3571475,Rajasthan,1,2025
Indoor,Airtel,4G,5,Satisfactory,11.001405,76.99175667,Tamil Nadu,7,2025
Indoor,Airtel,4G,5,Satisfactory,11.00133833,76.99187667,Tamil Nadu,7,2025
Indoor,Airtel,4G,1,Poor Voice Quality,30.78339333,75.984495,Punjab,7,2025
Indoor,Airtel,4G,5,Satisfactory,22.7664478,75.9031319,Madhya Pradesh,7,2025
Indoor,Airtel,4G,1,Poor Voice Quality,26.423435,84.92517,Bihar,7,2025
Indoor,Airtel,4G,2,Poor Voice Quality,17.91543596,76.09383482,Maharashtra,7,2025
Indoor,Airtel,4G,2,Poor Voice Quality,17.6410377,75.8997772,Maharashtra,7,2025
Indoor,Airtel,4G,3,Call Dropped,17.63565247,78.48212947,Telangana,7,2025
Indoor,Airtel,4G,5,Satisfactory,13.092735,79.96892167,Tamil Nadu,7,2025
Indoor,Airtel,4G,1,Call Dropped,29.94629833,78.14629667,Uttarakhand,7,2025
Indoor,Airtel,4G,1,Poor Voice Quality,25.767537,86.5203407,Bihar,7,2025
Indoor,Airtel,4G,5,Satisfactory,18.13337,74.54686167,Maharashtra,7,2025
Indoor,Airtel,4G,4,Satisfactory,26.7245871,88.4381721,West Bengal,1,2021
Indoor,Airtel,4G,4,Satisfactory,13.9367986,75.5481084,Karnataka,12,2021
Indoor,Airtel,4G,4,Satisfactory,13.93676991,75.54814419,Karnataka,12,2021
Indoor,Airtel,4G,2,Poor Voice Quality,18.44213042,73.84863881,Maharashtra,12,2021
Indoor,Airtel,4G,5,Satisfactory,26.2057079,78.1894461,Madhya Pradesh,12,2021
Indoor,Airtel,4G,3,Call Dropped,10.3029611,76.2231375,Kerala,12,2021
Indoor,Airtel,4G,3,Poor Voice Quality,18.44213042,73.84863881,Maharashtra,12,2021
Indoor,Airtel,4G,3,Poor Voice Quality,26.2625,87.82577167,Bihar,12,2021
Indoor,Airtel,4G,3,Poor Voice Quality,21.2124254,72.8276724,Gujarat,10,2021
Indoor,Airtel,4G,5,Satisfactory,28.59861001,77.06331138,Delhi,10,2021
Indoor,Airtel,4G,3,Poor Voice Quality,28.59861001,77.06331138,Delhi,10,2021
Indoor,Airtel,4G,4,Satisfactory,13.93667129,75.54823103,Karnataka,10,2021
Indoor,Airtel,4G,4,Satisfactory,13.93670676,75.54812532,Karnataka,10,2021
Indoor,Airtel,4G,1,Poor Voice Quality,21.2124227,72.8276645,Gujarat,10,2021
Indoor,Airtel,4G,5,Satisfactory,28.5569727,77.0540996,Delhi,11,2021
Indoor,Airtel,4G,4,Satisfactory,14.02162174,75.9299764,Karnataka,11,2021
Indoor,Airtel,4G,4,Satisfactory,13.9367995,75.5480953,Karnataka,11,2021
Indoor,Airtel,4G,4,Satisfactory,18.46555347,79.11124527,Telangana,11,2021
Indoor,Airtel,4G,1,Poor Voice Quality,19.04420472,73.06682277,Maharashtra,7,2021
Indoor,Airtel,4G,4,Satisfactory,16.88414162,79.6917671,Telangana,7,2021
Indoor,Airtel,4G,4,Satisfactory,16.8840386,79.6918283,Telangana,7,2021
Indoor,Airtel,4G,4,Satisfactory,24.8513982,87.7629566,West Bengal,7,2021
Indoor,Airtel,4G,4,Satisfactory,16.88399834,79.69178071,Telangana,7,2021
Indoor,Airtel,4G,5,Satisfactory,11.31285382,75.88260045,Kerala,7,2021
Indoor,Airtel,4G,1,Call Dropped,20.16383333,75.136175,Maharashtra,7,2021
Indoor,Airtel,4G,3,Satisfactory,28.654087,77.3439516,Uttar Pradesh,7,2021
Indoor,Airtel,4G,5,Satisfactory,10.30301476,76.22313347,Kerala,7,2021
Indoor,Airtel,4G,5,Satisfactory,10.3029848,76.2231391,Kerala,7,2021
Indoor,Airtel,4G,3,Satisfactory,10.81567589,79.84043732,Tamil Nadu,7,2021
Indoor,Airtel,4G,3,Call Dropped,28.56519488,77.05969929,Delhi,10,2021
Indoor,Airtel,4G,5,Satisfactory,28.56519488,77.05969929,Delhi,10,2021
Indoor,Airtel,4G,5,Satisfactory,28.56519488,77.05969929,Delhi,10,2021
Indoor,Airtel,4G,4,Satisfactory,16.88400636,79.69190302,Telangana,10,2021
Indoor,Airtel,4G,5,Satisfactory,12.9567723,77.4894486,Karnataka,10,2021
Indoor,Airtel,4G,4,Satisfactory,13.0030154,77.7117226,Karnataka,12,2021
Indoor,Airtel,4G,4,Satisfactory,12.99285083,77.71654231,Karnataka,12,2021
Indoor,Airtel,4G,4,Satisfactory,13.0125276,77.55327053,Karnataka,12,2021
Indoor,Airtel,4G,4,Satisfactory,13.03048119,77.54782636,Karnataka,12,2021
Indoor,Airtel,4G,4,Satisfactory,14.08378221,76.10725099,Karnataka,12,2021
Indoor,Airtel,4G,2,Poor Voice Quality,24.52696105,92.42601787,Assam,12,2021
Indoor,Airtel,4G,5,Satisfactory,26.36707957,78.08785909,Madhya Pradesh,12,2021
Indoor,Airtel,4G,5,Satisfactory,26.36715865,78.08784578,Madhya Pradesh,12,2021
Indoor,Airtel,4G,5,Satisfactory,10.30295528,76.223036,Kerala,12,2021
Indoor,Airtel,4G,3,Poor Voice Quality,18.44325321,73.83810416,Maharashtra,12,2021
Indoor,Airtel,4G,5,Satisfactory,26.21072812,78.19335371,Madhya Pradesh,12,2021
Indoor,Airtel,4G,4,Satisfactory,13.93669937,75.54812794,Karnataka,12,2021
Indoor,Airtel,4G,4,Satisfactory,13.93665419,75.54820246,Karnataka,12,2021
Indoor,Airtel,4G,3,Call Dropped,28.6609611,77.2668428,Delhi,12,2021
Indoor,Airtel,4G,2,Call Dropped,28.56501383,77.05969057,Delhi,12,2021
Indoor,Airtel,4G,2,Poor Voice Quality,28.56501383,77.05969057,Delhi,12,2021
Indoor,Airtel,4G,1,Call Dropped,28.56501383,77.05969057,Delhi,12,2021
Indoor,Airtel,4G,5,Satisfactory,28.56501383,77.05969057,Delhi,12,2021
Indoor,Airtel,4G,5,Satisfactory,28.56372851,77.33456603,Uttar Pradesh,12,2021
Indoor,Airtel,4G,5,Satisfactory,28.57205639,77.06569159,Delhi,12,2021
Indoor,Airtel,4G,5,Satisfactory,28.57205639,77.06569159,Delhi,12,2021
Indoor,Airtel,4G,5,Satisfactory,28.5569867,77.0541247,Delhi,12,2021
Indoor,Airtel,4G,5,Satisfactory,28.5569646,77.0540883,Delhi,12,2021
Indoor,Airtel,4G,3,Poor Voice Quality,28.5568612,77.0541232,Delhi,12,2021
Indoor,Airtel,4G,5,Satisfactory,28.59054159,77.15748902,Delhi,12,2021
Indoor,Airtel,4G,5,Satisfactory,28.55668943,77.05435993,Delhi,12,2021
Indoor,Airtel,4G,5,Satisfactory,28.55668943,77.05435993,Delhi,12,2021
Indoor,Airtel,4G,5,Satisfactory,28.55668943,77.05435993,Delhi,12,2021
Indoor,Airtel,4G,5,Satisfactory,28.55721305,77.05366859,Delhi,12,2021
Indoor,Airtel,4G,5,Satisfactory,28.55721305,77.05366859,Delhi,12,2021
Indoor,Airtel,4G,5,Satisfactory,28.55983897,77.05888624,Delhi,12,2021
Indoor,Airtel,4G,5,Satisfactory,28.54401649,77.20300645,Delhi,12,2021
Indoor,Airtel,4G,5,Satisfactory,28.54401649,77.20300645,Delhi,12,2021
Indoor,Airtel,4G,5,Satisfactory,28.54401649,77.20300645,Delhi,12,2021
Indoor,Airtel,4G,5,Satisfactory,28.55750629,77.05392634,Delhi,12,2021
Indoor,Airtel,4G,2,Call Dropped,28.56501383,77.05969057,Delhi,12,2021
Indoor,Airtel,4G,5,Satisfactory,28.57692867,77.05740466,Delhi,12,2021
Indoor,Airtel,4G,2,Poor Voice Quality,28.57692867,77.05740466,Delhi,12,2021
Indoor,Airtel,4G,5,Satisfactory,28.5569827,77.0541049,Delhi,12,2021
Indoor,Airtel,4G,5,Satisfactory,28.5569637,77.0540876,Delhi,12,2021
Indoor,Airtel,4G,5,Satisfactory,28.55668943,77.05435993,Delhi,12,2021
Indoor,Airtel,4G,5,Satisfactory,28.55721305,77.05366859,Delhi,12,2021
Indoor,Airtel,4G,5,Satisfactory,28.63094693,77.2160051,Delhi,12,2021
Indoor,Airtel,4G,5,Satisfactory,28.54401649,77.20300645,Delhi,12,2021
Indoor,Airtel,4G,4,Satisfactory,13.0028381,77.711922,Karnataka,12,2021
Indoor,Airtel,4G,5,Satisfactory,28.5569724,77.054124,Delhi,12,2021
Indoor,Airtel,4G,4,Satisfactory,12.9357154,77.6946659,Karnataka,12,2021
Indoor,Airtel,4G,4,Satisfactory,21.14112217,72.76506567,Gujarat,12,2021
Indoor,Airtel,4G,5,Satisfactory,28.6816649,77.20104173,Delhi,11,2021
Indoor,Airtel,4G,4,Satisfactory,13.93679671,75.54800999,Karnataka,11,2021
Indoor,Airtel,4G,4,Satisfactory,13.9367833,75.5481265,Karnataka,11,2021
Indoor,Airtel,4G,2,Poor Voice Quality,22.10001981,87.76706208,West Bengal,11,2021
Indoor,Airtel,4G,5,Satisfactory,28.55699,77.0540955,Delhi,11,2021
Indoor,Airtel,4G,1,Poor Voice Quality,28.5569902,77.0541135,Delhi,11,2021
Indoor,Airtel,4G,5,Satisfactory,28.5570026,77.0541444,Delhi,11,2021
Indoor,Airtel,4G,5,Satisfactory,10.30308708,76.22288948,Kerala,11,2021
Indoor,Airtel,4G,3,Satisfactory,28.56761319,77.34318078,Uttar Pradesh,11,2021
Indoor,Airtel,4G,5,Satisfactory,28.5569929,77.0541178,Delhi,11,2021
Indoor,Airtel,4G,5,Satisfactory,28.5569946,77.0541095,Delhi,11,2021
Indoor,Airtel,4G,2,Poor Voice Quality,28.5569973,77.0541341,Delhi,11,2021
Indoor,Airtel,4G,1,Poor Voice Quality,28.5569973,77.0541341,Delhi,11,2021
Indoor,Airtel,4G,5,Satisfactory,28.55683284,77.0541928,Delhi,11,2021
Indoor,Airtel,4G,5,Satisfactory,28.55683284,77.0541928,Delhi,11,2021
Indoor,Airtel,4G,4,Satisfactory,13.93661595,75.54818993,Karnataka,10,2021
Indoor,Airtel,4G,4,Satisfactory,14.02789198,75.93184614,Karnataka,10,2021
Indoor,Airtel,4G,4,Satisfactory,14.0280123,75.93196942,Karnataka,10,2021
Indoor,Airtel,4G,4,Satisfactory,14.02791663,75.93192774,Karnataka,10,2021
Indoor,Airtel,4G,4,Satisfactory,14.02783806,75.93340022,Karnataka,10,2021
Indoor,Airtel,4G,5,Satisfactory,28.56519488,77.05969929,Delhi,10,2021
Indoor,Airtel,4G,5,Satisfactory,28.56519488,77.05969929,Delhi,10,2021
Indoor,Airtel,4G,4,Satisfactory,14.12224395,75.919245,Karnataka,10,2021
Indoor,Airtel,4G,1,Poor Voice Quality,12.28790199,76.60014879,Karnataka,1,2021
Indoor,Airtel,4G,4,Satisfactory,22.8081901,86.1886627,Jharkhand,1,2021
Indoor,Airtel,4G,5,Satisfactory,17.41803287,78.36661752,Telangana,1,2021
Indoor,Airtel,4G,1,Call Dropped,26.72454167,88.43813206,West Bengal,1,2021
Indoor,Airtel,4G,5,Satisfactory,17.4152158,78.3707609,Telangana,1,2021
Indoor,Airtel,4G,1,Poor Voice Quality,26.9527839,75.7441348,Rajasthan,1,2021
Indoor,Airtel,4G,4,Satisfactory,22.80815629,86.18860182,Jharkhand,2,2021
Indoor,Airtel,4G,1,Poor Voice Quality,26.95284172,75.74425681,Rajasthan,2,2021
Indoor,Airtel,4G,1,Call Dropped,26.9527876,75.7441258,Rajasthan,2,2021
Indoor,Airtel,4G,1,Poor Voice Quality,26.9527899,75.74421243,Rajasthan,2,2021
Indoor,Airtel,4G,1,Poor Voice Quality,26.9527888,75.7441246,Rajasthan,2,2021
Indoor,Airtel,4G,1,Poor Voice Quality,26.9527891,75.7441245,Rajasthan,2,2021
Indoor,Airtel,4G,1,Poor Voice Quality,22.34862683,73.17359495,Gujarat,2,2021
Indoor,Airtel,4G,4,Satisfactory,18.46557281,79.11186073,Telangana,2,2021
Indoor,Airtel,4G,5,Satisfactory,11.34755295,75.90181447,Kerala,6,2021
Indoor,Airtel,4G,5,Satisfactory,11.34755295,75.90181447,Kerala,6,2021
Indoor,Airtel,4G,1,Call Dropped,14.7493227,78.5436277,Andhra Pradesh,6,2021
Indoor,Airtel,4G,4,Satisfactory,16.88403603,79.69177842,Telangana,6,2021
Indoor,Airtel,4G,5,Satisfactory,18.5748277,73.7694937,Maharashtra,6,2021
Indoor,Airtel,4G,5,Satisfactory,10.3029548,76.2231776,Kerala,6,2021
Indoor,Airtel,4G,5,Satisfactory,10.3029548,76.2231776,Kerala,6,2021
Indoor,Airtel,4G,1,Call Dropped,27.39648207,75.45485069,Rajasthan,6,2021
Indoor,Airtel,4G,4,Satisfactory,16.88464922,79.69448251,Telangana,6,2021
Indoor,Airtel,4G,5,Satisfactory,10.3030048,76.2231567,Kerala,6,2021
Indoor,Airtel,4G,5,Satisfactory,22.8081515,86.1886842,Jharkhand,6,2021
Indoor,Airtel,4G,1,Poor Voice Quality,25.27930016,86.02269089,Bihar,6,2021
Indoor,Airtel,4G,1,Call Dropped,25.3544479,81.5906582,Uttar Pradesh,6,2021
Indoor,Airtel,4G,1,Call Dropped,25.3332294,81.6157941,Uttar Pradesh,6,2021
Indoor,Airtel,4G,1,Call Dropped,25.3332294,81.6157941,Uttar Pradesh,6,2021
Indoor,Airtel,4G,3,Satisfactory,22.64465138,88.36609315,West Bengal,6,2021
Indoor,Airtel,4G,4,Satisfactory,13.93664362,75.54832081,Karnataka,6,2021
Indoor,Airtel,4G,3,Satisfactory,16.9859399,82.2501148,Andhra Pradesh,6,2021
Indoor,Airtel,4G,1,Poor Voice Quality,28.61450718,77.12514559,Delhi,6,2021
Indoor,Airtel,4G,3,Satisfactory,16.97754846,82.26640848,Andhra Pradesh,6,2021
Indoor,Airtel,4G,3,Satisfactory,16.97754846,82.26640848,Andhra Pradesh,6,2021
Indoor,Airtel,4G,4,Satisfactory,22.8081414,86.1887025,Jharkhand,6,2021
Indoor,Airtel,4G,5,Satisfactory,28.6529372,77.0966629,Delhi,6,2021
Indoor,Airtel,4G,3,Satisfactory,18.501675,73.75847333,Maharashtra,6,2021
Indoor,Airtel,4G,4,Satisfactory,18.3137303,83.5608231,Andhra Pradesh,6,2021
Indoor,Airtel,4G,4,Satisfactory,22.80825559,86.18872803,Jharkhand,6,2021
Indoor,Airtel,4G,4,Satisfactory,16.88400979,79.6918103,Telangana,7,2021
Indoor,Airtel,4G,2,Poor Voice Quality,19.06583699,73.00220105,Maharashtra,7,2021
Indoor,Airtel,4G,3,Satisfactory,16.981626,82.2686838,Andhra Pradesh,5,2021
Indoor,Airtel,4G,2,Poor Voice Quality,18.4531661,73.850544,Maharashtra,5,2021
Indoor,Airtel,4G,3,Satisfactory,28.6629342,77.2821161,Delhi,4,2021
Indoor,Airtel,4G,4,Satisfactory,16.88220997,79.68819568,Telangana,4,2021
Indoor,Airtel,4G,4,Satisfactory,16.88529163,79.6930763,Telangana,4,2021
Indoor,Airtel,4G,2,Poor Voice Quality,28.5977928,77.0755441,Delhi,4,2021
Indoor,Airtel,4G,4,Satisfactory,24.08848667,88.255165,West Bengal,1,2021
Indoor,Airtel,4G,5,Satisfactory,21.20897602,72.78103888,Gujarat,1,2021
Indoor,Airtel,4G,5,Satisfactory,21.2420453,72.7901968,Gujarat,1,2021
Indoor,Airtel,4G,5,Satisfactory,21.2420453,72.7901968,Gujarat,1,2021
Indoor,Airtel,4G,5,Satisfactory,21.2301033,72.7780595,Gujarat,1,2021
Indoor,Airtel,4G,5,Satisfactory,23.04549543,72.51555366,Gujarat,1,2021
Indoor,Airtel,4G,5,Satisfactory,23.04549543,72.51555366,Gujarat,1,2021
Indoor,Airtel,4G,5,Satisfactory,23.04538772,72.51619991,Gujarat,1,2021
Indoor,Airtel,4G,5,Satisfactory,12.9949738,80.2604307,Tamil Nadu,1,2021
Indoor,Airtel,4G,5,Satisfactory,12.9949738,80.2604307,Tamil Nadu,1,2021
Indoor,Airtel,4G,5,Satisfactory,12.9950016,80.2604789,Tamil Nadu,1,2021
Indoor,Airtel,4G,5,Satisfactory,26.10390167,80.35749833,Uttar Pradesh,1,2021
Indoor,Airtel,4G,5,Satisfactory,26.86264683,81.01793312,Uttar Pradesh,1,2021
Indoor,Airtel,4G,1,Poor Voice Quality,12.29186407,76.60290333,Karnataka,1,2021
Indoor,Airtel,4G,5,Satisfactory,26.86264683,81.01793312,Uttar Pradesh,1,2021
Indoor,Airtel,4G,5,Satisfactory,26.86264683,81.01793312,Uttar Pradesh,1,2021
Indoor,Airtel,4G,4,Satisfactory,26.2753602,90.4450778,Assam,1,2021
Indoor,Airtel,4G,5,Satisfactory,26.86264683,81.01793312,Uttar Pradesh,1,2021
Indoor,Airtel,4G,1,Call Dropped,12.5275697,76.8901274,Karnataka,1,2021
Indoor,Airtel,4G,5,Satisfactory,13.0332577,80.2772011,Tamil Nadu,1,2021
Indoor,Airtel,4G,1,Call Dropped,23.27581936,72.13478635,Gujarat,1,2021
Indoor,Airtel,4G,1,Call Dropped,23.27572033,72.13457127,Gujarat,1,2021
Indoor,Airtel,4G,1,Call Dropped,23.27599505,72.13482759,Gujarat,1,2021
Indoor,Airtel,4G,4,Satisfactory,24.09173333,88.25325,West Bengal,1,2021
Indoor,Airtel,4G,5,Satisfactory,28.640891,77.2290879,Delhi,1,2021
Indoor,Airtel,4G,1,Poor Voice Quality,28.6408972,77.2291132,Delhi,1,2021
Indoor,Airtel,4G,1,Call Dropped,28.6408881,77.2290975,Delhi,1,2021
Indoor,Airtel,4G,2,Poor Voice Quality,12.879363,75.0027187,Karnataka,1,2021
Indoor,Airtel,4G,1,Poor Voice Quality,12.2879122,76.6002853,Karnataka,1,2021
Indoor,Airtel,4G,4,Satisfactory,26.72454167,88.43813206,West Bengal,2,2021
Indoor,Airtel,4G,1,Poor Voice Quality,26.952788,75.7441316,Rajasthan,2,2021
Indoor,Airtel,4G,5,Satisfactory,28.640891,77.2290879,Delhi,2,2021
Indoor,Airtel,4G,1,Poor Voice Quality,21.6975305,72.5924793,Gujarat,2,2021
Indoor,Airtel,4G,3,Poor Voice Quality,18.9548756,72.8012258,Maharashtra,2,2021
Indoor,Airtel,4G,5,Satisfactory,17.4142025,78.37159861,Telangana,1,2021
Indoor,Airtel,4G,1,Poor Voice Quality,12.29185619,76.60299939,Karnataka,1,2021
Indoor,Airtel,4G,4,Satisfactory,12.99031424,77.71393453,Karnataka,1,2021
Indoor,Airtel,4G,4,Satisfactory,12.99031424,77.71393453,Karnataka,1,2021
Indoor,Airtel,4G,4,Satisfactory,12.98272706,77.63697129,Karnataka,1,2021
Indoor,Airtel,4G,5,Satisfactory,23.0454292,72.5159468,Gujarat,1,2021
Indoor,Airtel,4G,5,Satisfactory,23.0454674,72.515954,Gujarat,1,2021
Indoor,Airtel,4G,4,Satisfactory,22.80822388,86.18866887,Jharkhand,1,2021
Indoor,Airtel,4G,1,Poor Voice Quality,12.31768783,76.65064858,Karnataka,1,2021
Indoor,Airtel,4G,5,Satisfactory,17.4155293,78.3707987,Telangana,1,2021
Indoor,Airtel,4G,1,Call Dropped,22.6563878,78.3822673,Madhya Pradesh,1,2021
Indoor,Airtel,4G,5,Satisfactory,12.94089169,77.54094835,Karnataka,1,2021
Indoor,Airtel,4G,4,Satisfactory,12.99915318,77.71790538,Karnataka,4,2021
Indoor,Airtel,4G,2,Poor Voice Quality,18.44205133,73.84855144,Maharashtra,4,2021
Indoor,Airtel,4G,4,Satisfactory,13.00290792,77.71252737,Karnataka,4,2021
Indoor,Airtel,4G,4,Satisfactory,12.9360771,77.6946555,Karnataka,4,2021
Indoor,Airtel,4G,2,Poor Voice Quality,28.59799485,77.07950412,Delhi,4,2021
Indoor,Airtel,4G,1,Call Dropped,13.00291439,77.71173211,Karnataka,4,2021
Indoor,Airtel,4G,4,Satisfactory,22.80809952,86.18852341,Jharkhand,4,2021
Indoor,Airtel,4G,5,Satisfactory,26.2751415,72.9803972,Rajasthan,4,2021
Indoor,Airtel,4G,1,Call Dropped,28.2851468,74.9495554,Rajasthan,4,2021
Indoor,Airtel,4G,2,Poor Voice Quality,18.30671301,83.56603906,Andhra Pradesh,4,2021
Indoor,Airtel,4G,4,Satisfactory,22.7532367,86.2095662,Jharkhand,4,2021
Indoor,Airtel,4G,3,Satisfactory,28.61219347,77.08621212,Delhi,4,2021
Indoor,Airtel,4G,3,Satisfactory,28.60676988,77.12025904,Delhi,4,2021
Indoor,Airtel,4G,4,Satisfactory,16.8840388,79.6918391,Telangana,4,2021
Indoor,Airtel,4G,1,Poor Voice Quality,28.60676988,77.12025904,Delhi,4,2021
Indoor,Airtel,4G,2,Poor Voice Quality,28.61443302,77.12489788,Delhi,4,2021
Indoor,Airtel,4G,2,Poor Voice Quality,18.44402394,73.84817471,Maharashtra,4,2021
Indoor,Airtel,4G,5,Satisfactory,18.5747656,73.7693072,Maharashtra,4,2021
Indoor,Airtel,4G,4,Satisfactory,24.7462227,87.8197853,West Bengal,4,2021
Indoor,Airtel,4G,4,Satisfactory,16.8694235,79.561222,Telangana,4,2021
Indoor,Airtel,4G,1,Poor Voice Quality,18.44972239,73.84982244,Maharashtra,5,2021
Indoor,Airtel,4G,4,Satisfactory,22.808149,86.1886907,Jharkhand,5,2021
Indoor,Airtel,4G,4,Satisfactory,14.02790605,75.93190285,Karnataka,5,2021
Indoor,Airtel,4G,4,Satisfactory,22.8081499,86.1886879,Jharkhand,5,2021
Indoor,Airtel,4G,4,Satisfactory,16.88404969,79.69183785,Telangana,5,2021
Indoor,Airtel,4G,2,Call Dropped,18.30676053,83.56603662,Andhra Pradesh,5,2021
Indoor,Airtel,4G,4,Satisfactory,16.88407059,79.69186338,Telangana,5,2021
Indoor,Airtel,4G,2,Poor Voice Quality,18.45210732,73.84394795,Maharashtra,5,2021
Indoor,Airtel,4G,2,Poor Voice Quality,18.45210732,73.84394795,Maharashtra,5,2021
Indoor,Airtel,4G,1,Poor Voice Quality,17.2541429,78.5793923,Telangana,5,2021
Indoor,Airtel,4G,1,Call Dropped,18.30669218,83.56580922,Andhra Pradesh,5,2021
Indoor,Airtel,4G,2,Poor Voice Quality,18.30670123,83.56566715,Andhra Pradesh,5,2021
Indoor,Airtel,4G,5,Satisfactory,18.30669218,83.56580922,Andhra Pradesh,5,2021
Indoor,Airtel,4G,2,Poor Voice Quality,18.3058695,83.566803,Andhra Pradesh,5,2021
Indoor,Airtel,4G,1,Poor Voice Quality,18.45214943,73.8515565,Maharashtra,5,2021
Indoor,Airtel,4G,5,Satisfactory,28.5562619,77.17777556,Delhi,5,2021
Indoor,Airtel,4G,4,Satisfactory,22.80827925,86.18859646,Jharkhand,5,2021
Indoor,Airtel,4G,5,Satisfactory,16.9859479,82.2501214,Andhra Pradesh,5,2021
Indoor,Airtel,4G,5,Satisfactory,16.9859479,82.2501214,Andhra Pradesh,5,2021
Indoor,Airtel,4G,4,Satisfactory,13.93674524,75.54748437,Karnataka,5,2021
Indoor,Airtel,4G,1,Poor Voice Quality,18.45018255,73.85135814,Maharashtra,5,2021
Indoor,Airtel,4G,3,Satisfactory,16.88404461,79.69177441,Telangana,5,2021
Indoor,Airtel,4G,4,Satisfactory,16.88401414,79.69182355,Telangana,5,2021
Indoor,Airtel,4G,1,Call Dropped,16.88401414,79.69182355,Telangana,5,2021
Indoor,Airtel,4G,3,Poor Voice Quality,13.049447,80.2577565,Tamil Nadu,5,2021
Indoor,Airtel,4G,3,Satisfactory,16.9859444,82.250117,Andhra Pradesh,5,2021
Indoor,Airtel,4G,4,Satisfactory,16.9859444,82.250117,Andhra Pradesh,5,2021
Indoor,Airtel,4G,4,Satisfactory,22.8081486,86.1886802,Jharkhand,5,2021
Indoor,Airtel,4G,3,Satisfactory,16.9859426,82.2501165,Andhra Pradesh,5,2021
Indoor,Airtel,4G,4,Satisfactory,16.9859426,82.2501165,Andhra Pradesh,5,2021
Indoor,Airtel,4G,4,Satisfactory,24.08858333,88.25494667,West Bengal,4,2021
Indoor,Airtel,4G,4,Satisfactory,16.88405396,79.69187141,Telangana,4,2021
Indoor,Airtel,4G,4,Satisfactory,24.08858333,88.25494667,West Bengal,4,2021
Indoor,Airtel,4G,4,Satisfactory,24.08858333,88.25494667,West Bengal,4,2021
Indoor,Airtel,4G,4,Satisfactory,24.08887667,88.25575333,West Bengal,4,2021
Indoor,Airtel,4G,1,Call Dropped,22.647675,78.38829833,Madhya Pradesh,4,2021
Indoor,Airtel,4G,4,Satisfactory,19.08074669,72.84444551,Maharashtra,2,2021
Indoor,Airtel,4G,4,Satisfactory,22.80659241,86.17116796,Jharkhand,2,2021
Indoor,Airtel,4G,5,Satisfactory,31.30825167,77.57466333,Himachal Pradesh,2,2021
Indoor,Airtel,4G,5,Satisfactory,31.286705,77.56085667,Himachal Pradesh,2,2021
Indoor,Airtel,4G,4,Satisfactory,22.78669687,86.16523588,Jharkhand,2,2021
Indoor,Airtel,4G,1,Poor Voice Quality,22.2755369,70.8122575,Gujarat,2,2021
Indoor,Airtel,4G,1,Poor Voice Quality,26.9527889,75.744127,Rajasthan,2,2021
Indoor,Airtel,4G,4,Satisfactory,13.93686221,75.54830501,Karnataka,2,2021
Indoor,Airtel,4G,4,Satisfactory,13.21326612,75.51077323,Karnataka,2,2021
Indoor,Airtel,4G,1,Poor Voice Quality,26.920205,75.7966455,Rajasthan,2,2021
Indoor,Airtel,4G,3,Poor Voice Quality,18.9548845,72.8012303,Maharashtra,2,2021
Indoor,Airtel,4G,5,Satisfactory,22.93363109,76.01395429,Madhya Pradesh,2,2021
Indoor,Airtel,4G,4,Satisfactory,24.09769167,88.25351167,West Bengal,2,2021
Indoor,Airtel,4G,4,Satisfactory,23.95164333,88.04240333,West Bengal,2,2021
Indoor,Airtel,4G,4,Satisfactory,24.08866,88.25522833,West Bengal,2,2021
Indoor,Airtel,4G,4,Satisfactory,24.0886235,88.2552062,West Bengal,2,2021
Indoor,Airtel,4G,4,Satisfactory,22.80803253,86.18859419,Jharkhand,2,2021
Indoor,Airtel,4G,1,Poor Voice Quality,26.9528125,75.7441344,Rajasthan,2,2021
Indoor,Airtel,4G,5,Satisfactory,31.60613195,74.90453374,Punjab,2,2021
Indoor,Airtel,4G,4,Satisfactory,24.088375,88.25609667,West Bengal,2,2021
Indoor,Airtel,4G,5,Satisfactory,31.60584488,74.90435544,Punjab,2,2021
Indoor,Airtel,4G,1,Poor Voice Quality,26.9529201,75.74422973,Rajasthan,2,2021
Indoor,Airtel,4G,4,Satisfactory,16.88405203,79.69191208,Telangana,2,2021
Indoor,Airtel,4G,5,Satisfactory,31.6062654,74.9046329,Punjab,2,2021
Indoor,Airtel,4G,1,Poor Voice Quality,26.91170284,75.72987264,Rajasthan,2,2021
Indoor,Airtel,4G,4,Satisfactory,22.80665154,86.18945322,Jharkhand,2,2021
Indoor,Airtel,4G,4,Satisfactory,24.08828167,88.25513333,West Bengal,2,2021
Indoor,Airtel,4G,4,Satisfactory,16.88398866,79.69182483,Telangana,2,2021
Indoor,Airtel,4G,1,Call Dropped,12.9826217,77.5596366,Karnataka,2,2021
Indoor,Airtel,4G,3,Call Dropped,17.3364539,78.6139151,Telangana,2,2021
Indoor,Airtel,4G,4,Satisfactory,16.88397431,79.69181561,Telangana,2,2021
Indoor,Airtel,4G,1,Poor Voice Quality,26.9528134,75.7441335,Rajasthan,2,2021
Indoor,Airtel,4G,4,Satisfactory,12.975792,77.71056064,Karnataka,2,2021
Indoor,Airtel,4G,4,Satisfactory,24.08851,88.255125,West Bengal,2,2021
Indoor,Airtel,4G,1,Poor Voice Quality,19.08170723,72.850442,Maharashtra,2,2021
Indoor,Airtel,4G,1,Poor Voice Quality,26.9528109,75.744134,Rajasthan,2,2021
Indoor,Airtel,4G,1,Poor Voice Quality,22.27554252,70.81227539,Gujarat,2,2021
Indoor,Airtel,4G,4,Satisfactory,24.10012,88.25657833,West Bengal,2,2021
Indoor,Airtel,4G,1,Poor Voice Quality,26.7351569,88.40683447,West Bengal,2,2021
Indoor,Airtel,4G,5,Satisfactory,31.6062659,74.9046307,Punjab,2,2021
Indoor,Airtel,4G,4,Satisfactory,24.08876667,88.255225,West Bengal,2,2021
Indoor,Airtel,4G,4,Satisfactory,16.8840689,79.69184541,Telangana,2,2021
Indoor,Airtel,4G,1,Poor Voice Quality,19.0798707,72.84305713,Maharashtra,2,2021
Indoor,Airtel,4G,4,Satisfactory,16.88417996,79.69186417,Telangana,2,2021
Indoor,Airtel,4G,4,Satisfactory,24.08866833,88.25559333,West Bengal,2,2021
Indoor,Airtel,4G,1,Poor Voice Quality,26.9528129,75.7441375,Rajasthan,2,2021
Indoor,Airtel,4G,4,Satisfactory,12.98732428,77.70835478,Karnataka,2,2021
Indoor,Airtel,4G,4,Satisfactory,24.09673167,88.25347667,West Bengal,2,2021
Indoor,Airtel,4G,4,Satisfactory,24.088765,88.25536833,West Bengal,3,2021
Indoor,Airtel,4G,3,Satisfactory,18.9549344,72.8013384,Maharashtra,3,2021
Indoor,Airtel,4G,4,Satisfactory,12.9765221,77.7119972,Karnataka,3,2021
Indoor,Airtel,4G,4,Satisfactory,12.9765041,77.7118868,Karnataka,3,2021
Indoor,Airtel,4G,5,Satisfactory,26.72471444,88.43820403,West Bengal,3,2021
Indoor,Airtel,4G,1,Poor Voice Quality,23.68313102,85.02662219,Jharkhand,3,2021
Indoor,Airtel,4G,4,Satisfactory,24.09200833,88.25334667,West Bengal,3,2021
Indoor,Airtel,4G,2,Poor Voice Quality,15.4831061,80.0481245,Andhra Pradesh,3,2021
Indoor,Airtel,4G,4,Satisfactory,12.9568336,77.6983928,Karnataka,3,2021
Indoor,Airtel,4G,4,Satisfactory,22.80812966,86.18862715,Jharkhand,3,2021
Indoor,Airtel,4G,4,Satisfactory,28.63359554,77.22689291,Delhi,3,2021
Indoor,Airtel,4G,5,Satisfactory,28.6408505,77.2293762,Delhi,3,2021
Indoor,Airtel,4G,5,Satisfactory,28.6408495,77.2293437,Delhi,3,2021
Indoor,Airtel,4G,5,Satisfactory,28.6408373,77.22936,Delhi,3,2021
Indoor,Airtel,4G,5,Satisfactory,28.6494546,77.0964665,Delhi,3,2021
Indoor,Airtel,4G,4,Satisfactory,19.18127442,77.28852935,Maharashtra,3,2021
Indoor,Airtel,4G,4,Satisfactory,26.72471444,88.43820403,West Bengal,3,2021
Indoor,Airtel,4G,5,Satisfactory,28.640496,77.2295271,Delhi,3,2021
Indoor,Airtel,4G,4,Satisfactory,24.08856833,88.25500667,West Bengal,3,2021
Indoor,Airtel,4G,4,Satisfactory,13.0029849,77.711729,Karnataka,3,2021
Indoor,Airtel,4G,5,Satisfactory,12.9409266,77.5409067,Karnataka,2,2021
Indoor,Airtel,4G,1,Poor Voice Quality,26.9528055,75.7441257,Rajasthan,3,2021
Indoor,Airtel,4G,4,Satisfactory,22.61766333,88.46716333,West Bengal,3,2021
Indoor,Airtel,4G,1,Poor Voice Quality,26.95283,75.74422436,Rajasthan,3,2021
Indoor,Airtel,4G,1,Poor Voice Quality,26.95283502,75.74417487,Rajasthan,3,2021
Indoor,Airtel,4G,1,Poor Voice Quality,26.95283502,75.74417487,Rajasthan,3,2021
Indoor,Airtel,4G,4,Satisfactory,22.56611167,88.51315667,West Bengal,3,2021
Indoor,Airtel,4G,5,Satisfactory,26.27260376,72.98667815,Rajasthan,3,2021
Indoor,Airtel,4G,4,Satisfactory,24.08942,88.25581333,West Bengal,3,2021
Indoor,Airtel,4G,4,Satisfactory,24.08942,88.25581333,West Bengal,3,2021
Indoor,Airtel,4G,4,Satisfactory,24.08942,88.25581333,West Bengal,3,2021
Indoor,Airtel,4G,2,Poor Voice Quality,22.90722659,70.87115485,Gujarat,3,2021
Indoor,Airtel,4G,4,Satisfactory,24.08855167,88.25513667,West Bengal,3,2021
Indoor,Airtel,4G,4,Satisfactory,24.08855167,88.25513667,West Bengal,3,2021
Indoor,Airtel,4G,4,Satisfactory,13.0029915,77.7116919,Karnataka,3,2021
Indoor,Airtel,4G,4,Satisfactory,24.08871833,88.255175,West Bengal,3,2021
Indoor,Airtel,4G,4,Satisfactory,24.08871833,88.255175,West Bengal,3,2021
Indoor,Airtel,4G,4,Satisfactory,24.08871833,88.255175,West Bengal,3,2021
Indoor,Airtel,4G,5,Satisfactory,16.5274148,80.6306432,Andhra Pradesh,8,2021
Indoor,Airtel,4G,4,Satisfactory,13.93257453,75.54705348,Karnataka,8,2021
Indoor,Airtel,4G,4,Satisfactory,13.9367835,75.5481117,Karnataka,8,2021
Indoor,Airtel,4G,4,Satisfactory,12.9245916,79.1384488,Tamil Nadu,8,2021
Indoor,Airtel,4G,1,Poor Voice Quality,16.87075732,74.19505208,Maharashtra,8,2021
Indoor,Airtel,4G,1,Poor Voice Quality,22.75516167,78.35182333,Madhya Pradesh,8,2021
Indoor,Airtel,4G,4,Satisfactory,16.8840387,79.6918392,Telangana,8,2021
Indoor,Airtel,4G,5,Satisfactory,10.30291312,76.2232131,Kerala,8,2021
Indoor,Airtel,4G,1,Poor Voice Quality,16.87068884,74.19512088,Maharashtra,8,2021
Indoor,Airtel,4G,5,Satisfactory,26.8600065,81.0200339,Uttar Pradesh,1,2021
Indoor,Airtel,4G,5,Satisfactory,23.0454283,72.5159468,Gujarat,1,2021
Indoor,Airtel,4G,5,Satisfactory,23.0454931,72.515971,Gujarat,1,2021
Indoor,Airtel,4G,5,Satisfactory,23.0454525,72.5159626,Gujarat,1,2021
Indoor,Airtel,4G,4,Satisfactory,26.7245581,88.4382286,West Bengal,1,2021
Indoor,Airtel,4G,4,Satisfactory,26.7246081,88.4381647,West Bengal,1,2021
Indoor,Airtel,4G,4,Satisfactory,22.80824772,86.18865115,Jharkhand,1,2021
Indoor,Airtel,4G,1,Poor Voice Quality,28.5054665,77.2996619,Delhi,1,2021
Indoor,Airtel,4G,1,Poor Voice Quality,28.5054665,77.2996619,Delhi,1,2021
Indoor,Airtel,4G,1,Poor Voice Quality,28.5054665,77.2996619,Delhi,1,2021
Indoor,Airtel,4G,5,Satisfactory,26.864507,81.0077043,Uttar Pradesh,1,2021
Indoor,Airtel,4G,5,Satisfactory,17.4152902,78.3708145,Telangana,1,2021
Indoor,Airtel,4G,5,Satisfactory,23.04511146,72.52117155,Gujarat,1,2021
Indoor,Airtel,4G,5,Satisfactory,23.04511146,72.52117155,Gujarat,1,2021
Indoor,Airtel,4G,5,Satisfactory,23.04511146,72.52117155,Gujarat,1,2021
Indoor,Airtel,4G,5,Satisfactory,23.04608292,72.53038301,Gujarat,1,2021
Indoor,Airtel,4G,3,Satisfactory,21.17118266,81.79470289,Chhattisgarh,1,2021
Indoor,Airtel,4G,5,Satisfactory,26.8644982,81.0077076,Uttar Pradesh,1,2021
Indoor,Airtel,4G,1,Poor Voice Quality,23.68308586,85.02655863,Jharkhand,1,2021
Indoor,Airtel,4G,5,Satisfactory,26.8644872,81.0077254,Uttar Pradesh,1,2021
Indoor,Airtel,4G,5,Satisfactory,23.10228667,72.60371667,Gujarat,1,2021
Indoor,Airtel,4G,5,Satisfactory,26.86258916,81.01808476,Uttar Pradesh,1,2021
Indoor,Airtel,4G,5,Satisfactory,26.86258916,81.01808476,Uttar Pradesh,1,2021
Indoor,Airtel,4G,5,Satisfactory,23.10197833,72.60361833,Gujarat,1,2021
Indoor,Airtel,4G,1,Poor Voice Quality,28.5054606,77.2996589,Delhi,1,2021
Indoor,Airtel,4G,1,Poor Voice Quality,28.5054597,77.29966,Delhi,1,2021
Indoor,Airtel,4G,2,Poor Voice Quality,22.65762582,75.90463827,Madhya Pradesh,1,2021
Indoor,Airtel,4G,5,Satisfactory,26.86258916,81.01808476,Uttar Pradesh,1,2021
Indoor,Airtel,4G,4,Satisfactory,26.7246018,88.4381643,West Bengal,1,2021
Indoor,Airtel,4G,5,Satisfactory,17.41782435,78.36887626,Telangana,1,2021
Indoor,Airtel,4G,5,Satisfactory,10.12316398,76.35677854,Kerala,1,2021
Indoor,Airtel,4G,5,Satisfactory,28.6110102,77.4418575,Uttar Pradesh,1,2021
Indoor,Airtel,4G,5,Satisfactory,23.10327167,72.60247167,Gujarat,1,2021
Indoor,Airtel,4G,4,Satisfactory,13.93671628,75.54807971,Karnataka,1,2021
Indoor,Airtel,4G,5,Satisfactory,26.86649319,81.02466199,Uttar Pradesh,1,2021
Indoor,Airtel,4G,5,Satisfactory,28.66713915,77.37601115,Uttar Pradesh,1,2021
Indoor,Airtel,4G,2,Poor Voice Quality,30.310457,78.0077168,Uttarakhand,1,2021
Indoor,Airtel,4G,5,Satisfactory,12.9949835,80.2604489,Tamil Nadu,1,2021
Indoor,Airtel,4G,5,Satisfactory,28.52124458,77.27739936,Delhi,1,2021
Indoor,Airtel,4G,5,Satisfactory,28.52124458,77.27739936,Delhi,1,2021
Indoor,Airtel,4G,5,Satisfactory,28.60842156,77.0242448,Delhi,1,2021
Indoor,Airtel,4G,4,Satisfactory,13.934892,75.5703924,Karnataka,4,2021
Indoor,Airtel,4G,5,Satisfactory,11.3475253,75.9019134,Kerala,4,2021
Indoor,Airtel,4G,4,Satisfactory,12.97855854,77.70734701,Karnataka,4,2021
Indoor,Airtel,4G,4,Satisfactory,22.75319167,86.209585,Jharkhand,4,2021
Indoor,Airtel,4G,2,Poor Voice Quality,18.45185072,73.85146546,Maharashtra,4,2021
Indoor,Airtel,4G,2,Poor Voice Quality,28.60676988,77.12025904,Delhi,4,2021
Indoor,Airtel,4G,3,Satisfactory,28.60676988,77.12025904,Delhi,4,2021
Indoor,Airtel,4G,1,Call Dropped,18.44196814,73.84870276,Maharashtra,4,2021
Indoor,Airtel,4G,4,Satisfactory,13.93669424,75.54839797,Karnataka,4,2021
Indoor,Airtel,4G,1,Poor Voice Quality,22.807625,88.35326,West Bengal,4,2021
Indoor,Airtel,4G,4,Satisfactory,13.93667733,75.54811103,Karnataka,4,2021
Indoor,Airtel,4G,4,Satisfactory,23.29371228,85.4052094,Jharkhand,4,2021
Indoor,Airtel,4G,1,Poor Voice Quality,18.45231536,73.8511077,Maharashtra,4,2021
Indoor,Airtel,4G,1,Poor Voice Quality,17.79968909,79.9809115,Telangana,4,2021
Indoor,Airtel,4G,3,Satisfactory,28.59777652,77.07603814,Delhi,4,2021
Indoor,Airtel,4G,4,Satisfactory,22.752225,86.211195,Jharkhand,4,2021
Indoor,Airtel,4G,3,Satisfactory,23.00092815,78.23056463,Madhya Pradesh,4,2021
Indoor,Airtel,4G,4,Satisfactory,22.80823206,86.18869061,Jharkhand,4,2021
Indoor,Airtel,4G,4,Satisfactory,22.8081462,86.188678,Jharkhand,4,2021
Indoor,Airtel,4G,4,Satisfactory,22.80823206,86.18869061,Jharkhand,4,2021
Indoor,Airtel,4G,1,Call Dropped,21.37678833,81.688365,Chhattisgarh,4,2021
Indoor,Airtel,4G,4,Satisfactory,22.75310667,86.209525,Jharkhand,4,2021
Indoor,Airtel,4G,3,Satisfactory,28.61458143,77.12497809,Delhi,4,2021
Indoor,Airtel,4G,4,Satisfactory,13.0030009,77.7117285,Karnataka,4,2021
Indoor,Airtel,4G,4,Satisfactory,22.8034699,86.1825118,Jharkhand,4,2021
Indoor,Airtel,4G,4,Satisfactory,22.80349489,86.18248236,Jharkhand,4,2021
Indoor,Airtel,4G,4,Satisfactory,13.0029996,77.7117345,Karnataka,4,2021
Indoor,Airtel,4G,4,Satisfactory,12.9949674,77.71795257,Karnataka,4,2021
Indoor,Airtel,4G,1,Poor Voice Quality,17.2614403,78.5797472,Telangana,4,2021
Indoor,Airtel,4G,3,Satisfactory,16.8853086,79.6930805,Telangana,4,2021
Indoor,Airtel,4G,3,Poor Voice Quality,24.74260333,87.82069833,Jharkhand,4,2021
Indoor,Airtel,4G,4,Satisfactory,13.0030003,77.7117292,Karnataka,4,2021
Indoor,Airtel,4G,4,Satisfactory,22.80825376,86.18860635,Jharkhand,4,2021
Indoor,Airtel,4G,4,Satisfactory,12.9615956,77.7187694,Karnataka,4,2021
Indoor,Airtel,4G,4,Satisfactory,12.9606565,77.7201369,Karnataka,4,2021
Indoor,Airtel,4G,4,Satisfactory,24.08822,88.25468167,West Bengal,4,2021
Indoor,Airtel,4G,1,Poor Voice Quality,22.64755333,78.38835833,Madhya Pradesh,7,2021
Indoor,Airtel,4G,4,Satisfactory,10.30293928,76.22318875,Kerala,7,2021
Indoor,Airtel,4G,5,Satisfactory,10.31038283,76.33769048,Kerala,7,2021
Indoor,Airtel,4G,5,Satisfactory,10.30299783,76.22310698,Kerala,7,2021
Indoor,Airtel,4G,5,Satisfactory,10.30298836,76.22302332,Kerala,7,2021
Indoor,Airtel,4G,1,Call Dropped,18.3064843,83.563141,Andhra Pradesh,5,2021
Indoor,Airtel,4G,1,Call Dropped,18.3064843,83.563141,Andhra Pradesh,5,2021
Indoor,Airtel,4G,1,Call Dropped,18.3041106,83.5595426,Andhra Pradesh,5,2021
Indoor,Airtel,4G,4,Satisfactory,22.8104427,86.2215904,Jharkhand,5,2021
Indoor,Airtel,4G,4,Satisfactory,16.8840502,79.69190198,Telangana,5,2021
Indoor,Airtel,4G,4,Satisfactory,23.5425502,87.3067848,West Bengal,1,2021
Indoor,Airtel,4G,1,Poor Voice Quality,21.17525333,72.85901333,Gujarat,1,2021
Indoor,Airtel,4G,1,Call Dropped,12.29630195,76.62925989,Karnataka,1,2021
Indoor,Airtel,4G,5,Satisfactory,26.8625967,81.0179444,Uttar Pradesh,1,2021
Indoor,Airtel,4G,4,Satisfactory,13.93653136,75.54817766,Karnataka,1,2021
Indoor,Airtel,4G,1,Poor Voice Quality,12.2879365,76.6003198,Karnataka,1,2021
Indoor,Airtel,4G,4,Satisfactory,12.9357937,77.6945883,Karnataka,4,2021
Indoor,Airtel,4G,4,Satisfactory,26.7246415,88.4381881,West Bengal,4,2021
Indoor,Airtel,4G,4,Satisfactory,16.88526177,79.69309744,Telangana,4,2021
Indoor,Airtel,4G,4,Satisfactory,24.08873667,88.25520167,West Bengal,4,2021
Indoor,Airtel,4G,4,Satisfactory,22.80636025,86.15657517,Jharkhand,4,2021
Indoor,Airtel,4G,4,Satisfactory,24.08873667,88.25520167,West Bengal,4,2021
Indoor,Airtel,4G,1,Poor Voice Quality,22.22877113,73.1906277,Gujarat,4,2021
Indoor,Airtel,4G,4,Satisfactory,26.7246407,88.4381946,West Bengal,4,2021
Indoor,Airtel,4G,1,Call Dropped,19.83982633,75.35242805,Maharashtra,4,2021
Indoor,Airtel,4G,4,Satisfactory,23.95150833,88.04304167,West Bengal,4,2021
Indoor,Airtel,4G,4,Satisfactory,13.93670174,75.54605106,Karnataka,4,2021
Indoor,Airtel,4G,4,Satisfactory,13.9513162,75.57692302,Karnataka,8,2021
Indoor,Airtel,4G,5,Satisfactory,31.28674333,77.560935,Himachal Pradesh,8,2021
Indoor,Airtel,4G,3,Satisfactory,26.68656607,81.45502099,Uttar Pradesh,8,2021
Indoor,Airtel,4G,4,Satisfactory,13.21299744,75.51043313,Karnataka,9,2021
Indoor,Airtel,4G,4,Satisfactory,19.1394463,72.8053077,Maharashtra,9,2021
Indoor,Airtel,4G,2,Poor Voice Quality,27.88770776,78.05830671,Uttar Pradesh,9,2021
Indoor,Airtel,4G,5,Satisfactory,10.30293765,76.22319544,Kerala,9,2021
Indoor,Airtel,4G,4,Satisfactory,13.93688886,75.54810519,Karnataka,9,2021
Indoor,Airtel,4G,4,Satisfactory,13.93681881,75.54796896,Karnataka,9,2021
Indoor,Airtel,4G,5,Satisfactory,26.86261462,81.01795861,Uttar Pradesh,1,2021
Indoor,Airtel,4G,4,Satisfactory,13.93669165,75.54821511,Karnataka,1,2021
Indoor,Airtel,4G,5,Satisfactory,12.9949835,80.2604489,Tamil Nadu,1,2021
Indoor,Airtel,4G,5,Satisfactory,23.07074583,72.5131245,Gujarat,1,2021
Indoor,Airtel,4G,5,Satisfactory,10.302981,76.2231143,Kerala,9,2021
Indoor,Airtel,4G,4,Satisfactory,16.8840277,79.6918385,Telangana,9,2021
Indoor,Airtel,4G,4,Satisfactory,13.9368067,75.5481025,Karnataka,9,2021
Indoor,Airtel,4G,5,Satisfactory,12.95260405,77.49018328,Karnataka,9,2021
Indoor,Airtel,4G,5,Satisfactory,10.30295432,76.22316516,Kerala,9,2021
Indoor,Airtel,4G,5,Satisfactory,31.28677833,77.56086167,Himachal Pradesh,8,2021
Indoor,Airtel,4G,5,Satisfactory,10.3534866,76.2166446,Kerala,1,2021
Indoor,Airtel,4G,4,Satisfactory,13.93683163,75.54808721,Karnataka,1,2021
Indoor,Airtel,4G,4,Satisfactory,13.93681327,75.54817222,Karnataka,1,2021
Indoor,Airtel,4G,2,Poor Voice Quality,24.99499048,88.1316598,West Bengal,1,2021
Indoor,Airtel,4G,1,Poor Voice Quality,12.287955,76.600323,Karnataka,1,2021
Indoor,Airtel,4G,4,Satisfactory,22.80135075,86.18228843,Jharkhand,1,2021
Indoor,Airtel,4G,5,Satisfactory,9.9403728,76.3177541,Kerala,1,2021
Indoor,Airtel,4G,1,Poor Voice Quality,23.683036,85.02662873,Jharkhand,1,2021
Indoor,Airtel,4G,1,Call Dropped,23.2755024,72.13497109,Gujarat,1,2021
Indoor,Airtel,4G,5,Satisfactory,10.02184095,76.30990321,Kerala,1,2021
Indoor,Airtel,4G,1,Poor Voice Quality,10.87119122,79.30115181,Tamil Nadu,1,2021
Indoor,Airtel,4G,5,Satisfactory,26.86383634,81.00867092,Uttar Pradesh,1,2021
Indoor,Airtel,4G,5,Satisfactory,26.86383634,81.00867092,Uttar Pradesh,1,2021
Indoor,Airtel,4G,3,Poor Voice Quality,28.5274465,77.255199,Delhi,1,2021
Indoor,Airtel,4G,5,Satisfactory,9.940073253,76.3173933,Kerala,1,2021
Indoor,Airtel,4G,5,Satisfactory,9.940073253,76.3173933,Kerala,1,2021
Indoor,Airtel,4G,5,Satisfactory,9.940073253,76.3173933,Kerala,1,2021
Indoor,Airtel,4G,1,Call Dropped,16.88409191,79.69182851,Telangana,9,2021
Indoor,Airtel,4G,4,Satisfactory,13.93672508,75.54824952,Karnataka,9,2021
Indoor,Airtel,4G,5,Satisfactory,10.30296778,76.22312585,Kerala,9,2021
Indoor,Airtel,4G,4,Satisfactory,25.4184568,86.6286034,Bihar,9,2021
Indoor,Airtel,4G,4,Satisfactory,13.93150906,75.54570017,Karnataka,9,2021
Indoor,Airtel,4G,5,Satisfactory,13.9368042,75.5481021,Karnataka,9,2021
Indoor,Airtel,4G,5,Satisfactory,19.02538333,73.09263833,Maharashtra,9,2021
Indoor,Airtel,4G,5,Satisfactory,10.30294348,76.22313685,Kerala,9,2021
Indoor,Airtel,4G,4,Satisfactory,16.88403738,79.69180373,Telangana,9,2021
Indoor,Airtel,4G,4,Satisfactory,16.88403738,79.69180373,Telangana,9,2021
Indoor,Airtel,4G,1,Poor Voice Quality,28.5388618,77.2745872,Delhi,9,2021
Indoor,Airtel,4G,4,Satisfactory,13.83422387,75.66329204,Karnataka,7,2021
Indoor,Airtel,4G,1,Poor Voice Quality,10.81484167,77.2096,Tamil Nadu,8,2021
Indoor,Airtel,4G,4,Satisfactory,28.493005,77.01842,Haryana,8,2021
Indoor,Airtel,4G,1,Poor Voice Quality,16.8519637,74.28933119,Maharashtra,8,2021
Indoor,Airtel,4G,4,Satisfactory,28.493065,77.01857333,Haryana,8,2021
Indoor,Airtel,4G,1,Poor Voice Quality,16.87070892,74.19501329,Maharashtra,8,2021
Indoor,Airtel,4G,1,Call Dropped,30.29764167,78.06983333,Uttarakhand,8,2021
Indoor,Airtel,4G,1,Poor Voice Quality,30.21492039,74.98922835,Punjab,8,2021
Indoor,Airtel,4G,4,Satisfactory,13.93678834,75.54816504,Karnataka,7,2021
Indoor,Airtel,4G,1,Poor Voice Quality,16.87063129,74.19494391,Maharashtra,7,2021
Indoor,Airtel,4G,4,Satisfactory,16.88399673,79.69184506,Telangana,7,2021
Indoor,Airtel,4G,1,Poor Voice Quality,28.54523428,77.33786571,Uttar Pradesh,7,2021
Indoor,Airtel,4G,4,Satisfactory,16.88390897,79.69178931,Telangana,7,2021
Indoor,Airtel,4G,1,Call Dropped,16.87074379,74.19500739,Maharashtra,7,2021
Indoor,Airtel,4G,4,Satisfactory,13.9367068,75.5481481,Karnataka,7,2021
Indoor,Airtel,4G,4,Satisfactory,16.8840285,79.6918614,Telangana,10,2021
Indoor,Airtel,4G,5,Satisfactory,28.56092263,77.05616858,Delhi,10,2021
Indoor,Airtel,4G,5,Satisfactory,28.5569782,77.0540858,Delhi,10,2021
Indoor,Airtel,4G,5,Satisfactory,10.3029817,76.2231121,Kerala,10,2021
Indoor,Airtel,4G,4,Satisfactory,13.9368082,75.5480987,Karnataka,9,2021
Indoor,Airtel,4G,5,Satisfactory,28.5569871,77.0540869,Delhi,9,2021
Indoor,Airtel,4G,3,Satisfactory,25.10546498,76.49906438,Rajasthan,9,2021
Indoor,Airtel,4G,4,Satisfactory,13.93678439,75.54826718,Karnataka,9,2021
Indoor,Airtel,4G,3,Poor Voice Quality,28.5569724,77.0540827,Delhi,9,2021
Indoor,Airtel,4G,1,Poor Voice Quality,28.5569822,77.0541019,Delhi,9,2021
Indoor,Airtel,4G,5,Satisfactory,18.3126953,83.5609622,Andhra Pradesh,9,2021
Indoor,Airtel,4G,5,Satisfactory,12.95257445,77.4901397,Karnataka,8,2021
Indoor,Airtel,4G,5,Satisfactory,10.30295959,76.22308129,Kerala,8,2021
Indoor,Airtel,4G,5,Satisfactory,10.30301392,76.22311234,Kerala,8,2021
Indoor,Airtel,4G,5,Satisfactory,10.30303389,76.22307707,Kerala,8,2021
Indoor,Airtel,4G,4,Satisfactory,13.2159782,75.4965499,Karnataka,8,2021
Indoor,Airtel,4G,4,Satisfactory,13.93695749,75.54808922,Karnataka,8,2021
Indoor,Airtel,4G,1,Call Dropped,16.87068753,74.19513246,Maharashtra,8,2021
Indoor,Airtel,4G,4,Satisfactory,13.9367466,75.5481574,Karnataka,8,2021
Indoor,Airtel,4G,4,Satisfactory,16.8840381,79.6918281,Telangana,8,2021
Indoor,Airtel,4G,4,Satisfactory,13.93675804,75.54824678,Karnataka,8,2021
Indoor,Airtel,4G,1,Poor Voice Quality,16.71337344,74.28129731,Maharashtra,8,2021
Indoor,Airtel,4G,1,Poor Voice Quality,16.71337344,74.28129731,Maharashtra,8,2021
Indoor,Airtel,4G,4,Satisfactory,13.9367067,75.5481492,Karnataka,8,2021
Indoor,Airtel,4G,2,Call Dropped,31.45122081,77.6330468,Himachal Pradesh,3,2021
Indoor,Airtel,4G,5,Satisfactory,16.5443922,81.5236655,Andhra Pradesh,3,2021
Indoor,Airtel,4G,4,Satisfactory,12.9765166,77.7118834,Karnataka,3,2021
Indoor,Airtel,4G,4,Satisfactory,12.9762176,77.7120055,Karnataka,3,2021
Indoor,Airtel,4G,1,Call Dropped,31.4512197,77.6331029,Himachal Pradesh,3,2021
Indoor,Airtel,4G,4,Satisfactory,13.0028365,77.7125537,Karnataka,3,2021
Indoor,Airtel,4G,1,Poor Voice Quality,26.9528135,75.7441288,Rajasthan,3,2021
Indoor,Airtel,4G,5,Satisfactory,11.34746551,75.90178042,Kerala,3,2021
Indoor,Airtel,4G,4,Satisfactory,24.08921667,88.25592833,West Bengal,3,2021
Indoor,Airtel,4G,4,Satisfactory,13.0029829,77.7116923,Karnataka,3,2021
Indoor,Airtel,4G,4,Satisfactory,22.807898,86.18855263,Jharkhand,3,2021
Indoor,Airtel,4G,4,Satisfactory,22.80350307,86.18261975,Jharkhand,3,2021
Indoor,Airtel,4G,1,Poor Voice Quality,23.68315339,85.02660248,Jharkhand,3,2021
Indoor,Airtel,4G,4,Satisfactory,13.0023352,77.7125263,Karnataka,3,2021
Indoor,Airtel,4G,4,Satisfactory,12.9762012,77.7119853,Karnataka,3,2021
Indoor,Airtel,4G,4,Satisfactory,22.80149066,86.18169421,Jharkhand,3,2021
Indoor,Airtel,4G,4,Satisfactory,16.5444082,81.5236667,Andhra Pradesh,3,2021
Indoor,Airtel,4G,4,Satisfactory,12.9585537,77.7209842,Karnataka,2,2021
Indoor,Airtel,4G,4,Satisfactory,12.9566876,77.72153575,Karnataka,2,2021
Indoor,Airtel,4G,2,Poor Voice Quality,13.04538936,80.25982061,Tamil Nadu,2,2021
Indoor,Airtel,4G,1,Call Dropped,13.0536683,77.508867,Karnataka,2,2021
Indoor,Airtel,4G,4,Satisfactory,16.88389916,79.69162782,Telangana,2,2021
Indoor,Airtel,4G,4,Satisfactory,16.88389916,79.69162782,Telangana,2,2021
Indoor,Airtel,4G,4,Satisfactory,26.72471444,88.43820403,West Bengal,2,2021
Indoor,Airtel,4G,4,Satisfactory,24.08866333,88.25498167,West Bengal,2,2021
Indoor,Airtel,4G,5,Satisfactory,22.71689477,75.89155563,Madhya Pradesh,2,2021
Indoor,Airtel,4G,1,Poor Voice Quality,26.9528141,75.7441333,Rajasthan,2,2021
Indoor,Airtel,4G,4,Satisfactory,19.2096303,73.1543431,Maharashtra,2,2021
Indoor,Airtel,4G,1,Poor Voice Quality,26.9528048,75.7441273,Rajasthan,2,2021
Indoor,Airtel,4G,1,Poor Voice Quality,26.9469565,75.7492712,Rajasthan,2,2021
Indoor,Airtel,4G,4,Satisfactory,24.08861,88.25514333,West Bengal,2,2021
Indoor,Airtel,4G,4,Satisfactory,16.88417227,79.69189394,Telangana,5,2021
Indoor,Airtel,4G,4,Satisfactory,16.8829935,79.6936361,Telangana,5,2021
Indoor,Airtel,4G,3,Satisfactory,16.9859456,82.2501152,Andhra Pradesh,5,2021
Indoor,Airtel,4G,3,Satisfactory,16.9859431,82.2501181,Andhra Pradesh,5,2021
Indoor,Airtel,4G,4,Satisfactory,22.8081326,86.1886895,Jharkhand,5,2021
Indoor,Airtel,4G,1,Poor Voice Quality,16.98166974,82.24920759,Andhra Pradesh,5,2021
Indoor,Airtel,4G,4,Satisfactory,22.8081413,86.1886888,Jharkhand,5,2021
Indoor,Airtel,4G,1,Poor Voice Quality,16.98166974,82.24920759,Andhra Pradesh,5,2021
Indoor,Airtel,4G,3,Satisfactory,16.98166974,82.24920759,Andhra Pradesh,5,2021
Indoor,Airtel,4G,3,Satisfactory,16.98166974,82.24920759,Andhra Pradesh,5,2021
Indoor,Airtel,4G,3,Satisfactory,16.98166974,82.24920759,Andhra Pradesh,5,2021
Indoor,Airtel,4G,4,Satisfactory,16.8709786,79.6632088,Telangana,5,2021
Indoor,Airtel,4G,3,Satisfactory,16.9738385,82.26655475,Andhra Pradesh,5,2021
Indoor,Airtel,4G,2,Call Dropped,28.6629116,77.2821077,Delhi,5,2021
Indoor,Airtel,4G,3,Satisfactory,16.9859437,82.2501186,Andhra Pradesh,5,2021
Indoor,Airtel,4G,1,Poor Voice Quality,16.9859455,82.250119,Andhra Pradesh,5,2021
Indoor,Airtel,4G,1,Poor Voice Quality,17.2668,78.5907464,Telangana,5,2021
Indoor,Airtel,4G,5,Satisfactory,18.5932337,73.7953814,Maharashtra,5,2021
Indoor,Airtel,4G,3,Poor Voice Quality,18.5932355,73.7953803,Maharashtra,5,2021
Indoor,Airtel,4G,4,Satisfactory,16.88395753,79.6917893,Telangana,5,2021
Indoor,Airtel,4G,4,Satisfactory,16.8840255,79.69194445,Telangana,5,2021
Indoor,Airtel,4G,3,Satisfactory,16.99057931,82.24434148,Andhra Pradesh,5,2021
Indoor,Airtel,4G,4,Satisfactory,13.936695,75.548151,Karnataka,5,2021
Indoor,Airtel,4G,4,Satisfactory,13.9367005,75.5481431,Karnataka,6,2021
Indoor,Airtel,4G,3,Satisfactory,16.98089933,82.25374708,Andhra Pradesh,6,2021
Indoor,Airtel,4G,4,Satisfactory,13.93666519,75.54444741,Karnataka,6,2021
Indoor,Airtel,4G,4,Satisfactory,13.93666519,75.54444741,Karnataka,6,2021
Indoor,Airtel,4G,2,Poor Voice Quality,29.2966043,73.9024053,Rajasthan,6,2021
Indoor,Airtel,4G,1,Call Dropped,16.98581521,82.2500254,Andhra Pradesh,6,2021
Indoor,Airtel,4G,1,Poor Voice Quality,17.27889833,78.58660833,Telangana,6,2021
Indoor,Airtel,4G,5,Satisfactory,12.87912258,77.72460959,Karnataka,6,2021
Indoor,Airtel,4G,1,Call Dropped,14.32288598,79.92358447,Andhra Pradesh,6,2021
Indoor,Airtel,4G,5,Satisfactory,12.9525456,77.4900891,Karnataka,6,2021
Indoor,Airtel,4G,5,Satisfactory,12.95256162,77.48999633,Karnataka,6,2021
Indoor,Airtel,4G,5,Satisfactory,10.3029853,76.2231387,Kerala,6,2021
Indoor,Airtel,4G,5,Satisfactory,10.3029835,76.2231398,Kerala,6,2021
Indoor,Airtel,4G,4,Satisfactory,10.30294819,76.22318362,Kerala,6,2021
Indoor,Airtel,4G,1,Poor Voice Quality,22.64724333,78.389025,Madhya Pradesh,6,2021
Indoor,Airtel,4G,3,Satisfactory,24.08870333,88.25500167,West Bengal,1,2021
Indoor,Airtel,4G,3,Satisfactory,24.09926167,88.25628667,West Bengal,1,2021
Indoor,Airtel,4G,5,Satisfactory,32.7670343,74.8191479,Jammu and Kashmir,1,2021
Indoor,Airtel,4G,5,Satisfactory,23.10276833,72.60074667,Gujarat,1,2021
Indoor,Airtel,4G,5,Satisfactory,21.22370642,72.82391835,Gujarat,1,2021
Indoor,Airtel,4G,1,Poor Voice Quality,12.28817155,76.59999481,Karnataka,1,2021
Indoor,Airtel,4G,5,Satisfactory,26.864499,81.0077312,Uttar Pradesh,1,2021
Indoor,Airtel,4G,5,Satisfactory,26.864499,81.0077312,Uttar Pradesh,1,2021
Indoor,Airtel,4G,2,Poor Voice Quality,24.09734333,88.2528,West Bengal,1,2021
Indoor,Airtel,4G,4,Satisfactory,24.09734333,88.2528,West Bengal,1,2021
Indoor,Airtel,4G,4,Satisfactory,24.09734333,88.2528,West Bengal,1,2021
Indoor,Airtel,4G,4,Satisfactory,24.08881667,88.25562333,West Bengal,1,2021
Indoor,Airtel,4G,4,Satisfactory,24.097145,88.24972667,West Bengal,1,2021
Indoor,Airtel,4G,5,Satisfactory,17.41570498,78.37086956,Telangana,1,2021
Indoor,Airtel,4G,5,Satisfactory,26.8641827,81.007656,Uttar Pradesh,1,2021
Indoor,Airtel,4G,4,Satisfactory,24.08859833,88.25514333,West Bengal,1,2021
Indoor,Airtel,4G,5,Satisfactory,17.41570498,78.37086956,Telangana,1,2021
Indoor,Airtel,4G,1,Call Dropped,28.5054628,77.2996304,Delhi,1,2021
Indoor,Airtel,4G,1,Poor Voice Quality,28.5054628,77.2996304,Delhi,1,2021
Indoor,Airtel,4G,1,Call Dropped,28.5054628,77.2996304,Delhi,1,2021
Indoor,Airtel,4G,4,Satisfactory,24.088665,88.25504,West Bengal,1,2021
Indoor,Airtel,4G,4,Satisfactory,24.08834833,88.254845,West Bengal,1,2021
Indoor,Airtel,4G,5,Satisfactory,26.86257603,81.01779453,Uttar Pradesh,1,2021
Indoor,Airtel,4G,1,Poor Voice Quality,18.45208525,73.85151331,Maharashtra,1,2021
Indoor,Airtel,4G,4,Satisfactory,24.09705167,88.25332333,West Bengal,1,2021
Indoor,Airtel,4G,5,Satisfactory,28.456194,77.081881,Haryana,1,2021
Indoor,Airtel,4G,5,Satisfactory,28.456194,77.081881,Haryana,1,2021
Indoor,Airtel,4G,4,Satisfactory,24.08918833,88.25438667,West Bengal,1,2021
Indoor,Airtel,4G,5,Satisfactory,22.050757,82.1540782,Chhattisgarh,1,2021
Indoor,Airtel,4G,1,Poor Voice Quality,18.45208525,73.85151331,Maharashtra,1,2021
Indoor,Airtel,4G,5,Satisfactory,28.87496721,76.58604287,Haryana,1,2021
Indoor,Airtel,4G,5,Satisfactory,12.9949835,80.2604489,Tamil Nadu,1,2021
Indoor,Airtel,4G,5,Satisfactory,26.77672897,80.94891326,Uttar Pradesh,1,2021
Indoor,Airtel,4G,5,Satisfactory,12.9949835,80.2604489,Tamil Nadu,1,2021
Indoor,Airtel,4G,5,Satisfactory,11.94730667,79.83641167,Puducherry,1,2021
Indoor,Airtel,4G,5,Satisfactory,26.86257666,81.01791553,Uttar Pradesh,1,2021
Indoor,Airtel,4G,5,Satisfactory,26.86244683,81.01791373,Uttar Pradesh,1,2021
Indoor,Airtel,4G,1,Poor Voice Quality,12.28804938,76.60023194,Karnataka,1,2021
Indoor,Airtel,4G,3,Satisfactory,12.28804938,76.60023194,Karnataka,1,2021
Indoor,Airtel,4G,5,Satisfactory,23.0454453,72.5159616,Gujarat,1,2021
Indoor,Airtel,4G,5,Satisfactory,23.0454265,72.5159495,Gujarat,1,2021
Indoor,Airtel,4G,5,Satisfactory,23.04545,72.5159671,Gujarat,1,2021
Indoor,Airtel,4G,5,Satisfactory,28.4910422,77.0799169,Haryana,1,2021
Indoor,Airtel,4G,5,Satisfactory,23.0454615,72.5159584,Gujarat,1,2021
Indoor,Airtel,4G,5,Satisfactory,23.0454479,72.5159623,Gujarat,1,2021
Indoor,Airtel,4G,5,Satisfactory,23.0456431,72.5161925,Gujarat,1,2021
Indoor,Airtel,4G,5,Satisfactory,23.0454365,72.5159575,Gujarat,1,2021
Indoor,Airtel,4G,5,Satisfactory,23.0454474,72.5159573,Gujarat,1,2021
Indoor,Airtel,4G,5,Satisfactory,12.9949562,80.2604292,Tamil Nadu,1,2021
Indoor,Airtel,4G,5,Satisfactory,12.9949562,80.2604292,Tamil Nadu,1,2021
Indoor,Airtel,4G,5,Satisfactory,26.8645021,81.0077054,Uttar Pradesh,1,2021
Indoor,Airtel,4G,5,Satisfactory,28.42861234,77.03730734,Haryana,1,2021
Indoor,Airtel,4G,4,Satisfactory,13.9407193,75.5460105,Karnataka,1,2021
Indoor,Airtel,4G,5,Satisfactory,26.86403281,81.00768848,Uttar Pradesh,1,2021
Indoor,Airtel,4G,5,Satisfactory,26.86403281,81.00768848,Uttar Pradesh,1,2021
Indoor,Airtel,4G,2,Poor Voice Quality,12.88484709,74.86625457,Karnataka,1,2021
Indoor,Airtel,4G,5,Satisfactory,26.8644989,81.0077079,Uttar Pradesh,1,2021
Indoor,Airtel,4G,4,Satisfactory,16.8840378,79.6917952,Telangana,1,2021
Indoor,Airtel,4G,4,Satisfactory,22.80347834,86.18252279,Jharkhand,3,2021
Indoor,Airtel,4G,5,Satisfactory,11.34707687,75.90205629,Kerala,3,2021
Indoor,Airtel,4G,1,Call Dropped,12.2723984,76.709123,Karnataka,3,2021
Indoor,Airtel,4G,4,Satisfactory,16.88506795,79.69305128,Telangana,3,2021
Indoor,Airtel,4G,4,Satisfactory,24.08853833,88.25522833,West Bengal,3,2021
Indoor,Airtel,4G,5,Satisfactory,13.93668999,75.548136,Karnataka,3,2021
Indoor,Airtel,4G,4,Satisfactory,12.9765181,77.7120145,Karnataka,3,2021
Indoor,Airtel,4G,5,Satisfactory,16.54088868,81.52476718,Andhra Pradesh,3,2021
Indoor,Airtel,4G,1,Poor Voice Quality,23.68308435,85.02660009,Jharkhand,3,2021
Indoor,Airtel,4G,4,Satisfactory,26.72471444,88.43820403,West Bengal,3,2021
Indoor,Airtel,4G,4,Satisfactory,24.08861167,88.25507667,West Bengal,3,2021
Indoor,Airtel,4G,4,Satisfactory,24.08866,88.2552,West Bengal,3,2021
Indoor,Airtel,4G,4,Satisfactory,24.73065833,87.82455,Jharkhand,3,2021
Indoor,Airtel,4G,2,Call Dropped,26.86823301,75.75401988,Rajasthan,3,2021
Indoor,Airtel,4G,4,Satisfactory,16.88403983,79.69182504,Telangana,3,2021
Indoor,Airtel,4G,3,Satisfactory,28.61455533,77.12530748,Delhi,5,2021
Indoor,Airtel,4G,3,Satisfactory,28.61455533,77.12530748,Delhi,5,2021
Indoor,Airtel,4G,3,Poor Voice Quality,13.0493126,80.2578443,Tamil Nadu,5,2021
Indoor,Airtel,4G,1,Call Dropped,17.80011997,79.9814322,Telangana,5,2021
Indoor,Airtel,4G,5,Satisfactory,11.34747022,75.90189813,Kerala,5,2021
Indoor,Airtel,4G,4,Satisfactory,22.8081534,86.1886839,Jharkhand,5,2021
Indoor,Airtel,4G,3,Poor Voice Quality,13.04934992,80.25780871,Tamil Nadu,5,2021
Indoor,Airtel,4G,2,Poor Voice Quality,18.44459009,73.84849637,Maharashtra,5,2021
Indoor,Airtel,4G,5,Satisfactory,24.8002025,85.01223151,Bihar,5,2021
Indoor,Airtel,4G,3,Poor Voice Quality,13.04931179,80.25787612,Tamil Nadu,5,2021
Indoor,Airtel,4G,5,Satisfactory,24.80024277,85.01227827,Bihar,5,2021
Indoor,Airtel,4G,5,Satisfactory,10.30274034,76.22314453,Kerala,5,2021
Indoor,Airtel,4G,4,Satisfactory,22.8081314,86.1886945,Jharkhand,5,2021
Indoor,Airtel,4G,4,Satisfactory,16.86874133,79.56255201,Telangana,5,2021
Indoor,Airtel,4G,1,Poor Voice Quality,28.59772317,77.07526391,Delhi,5,2021
Indoor,Airtel,4G,3,Satisfactory,28.61460269,77.12494505,Delhi,5,2021
Indoor,Airtel,4G,3,Satisfactory,28.60513434,77.12812645,Delhi,5,2021
Indoor,Airtel,4G,4,Satisfactory,26.7245855,88.4381955,West Bengal,5,2021
Indoor,Airtel,4G,4,Satisfactory,22.8081282,86.1886852,Jharkhand,5,2021
Indoor,Airtel,4G,4,Satisfactory,22.8081442,86.1886903,Jharkhand,5,2021
Indoor,Airtel,4G,2,Poor Voice Quality,18.44282184,73.84772772,Maharashtra,5,2021
Indoor,Airtel,4G,4,Satisfactory,16.86875633,79.56260019,Telangana,5,2021
Indoor,Airtel,4G,1,Poor Voice Quality,18.4420631,73.8485531,Maharashtra,5,2021
Indoor,Airtel,4G,1,Poor Voice Quality,18.4420631,73.8485531,Maharashtra,5,2021
Indoor,Airtel,4G,2,Poor Voice Quality,18.4513983,73.8509116,Maharashtra,5,2021
Indoor,Airtel,4G,4,Satisfactory,13.9367146,75.5481611,Karnataka,5,2021
Indoor,Airtel,4G,4,Satisfactory,16.86878761,79.56257665,Telangana,5,2021
Indoor,Airtel,4G,4,Satisfactory,22.84303728,86.20273223,Jharkhand,5,2021
Indoor,Airtel,4G,5,Satisfactory,12.9565972,77.4896804,Karnataka,7,2022
Indoor,Airtel,4G,1,Poor Voice Quality,25.83882,72.25178167,Rajasthan,7,2022
Indoor,Airtel,4G,5,Satisfactory,12.93728101,77.69445372,Karnataka,7,2022
Indoor,Airtel,4G,1,Poor Voice Quality,28.93405502,77.45165431,Uttar Pradesh,7,2022
Indoor,Airtel,4G,1,Call Dropped,28.93399513,77.45153473,Uttar Pradesh,7,2022
Indoor,Airtel,4G,1,Poor Voice Quality,28.93399513,77.45153473,Uttar Pradesh,7,2022
Indoor,Airtel,4G,1,Poor Voice Quality,28.93399513,77.45153473,Uttar Pradesh,7,2022
Indoor,Airtel,4G,5,Satisfactory,13.0029743,77.7117238,Karnataka,7,2022
Indoor,Airtel,4G,5,Satisfactory,13.0029793,77.7117295,Karnataka,7,2022
Indoor,Airtel,4G,5,Satisfactory,13.00303,77.7117487,Karnataka,7,2022
Indoor,Airtel,4G,5,Satisfactory,12.9358192,77.6945239,Karnataka,7,2022
Indoor,Airtel,4G,4,Satisfactory,13.00292389,77.71147712,Karnataka,7,2022
Indoor,Airtel,4G,1,Poor Voice Quality,21.15625298,72.76711581,Gujarat,7,2022
Indoor,Airtel,4G,5,Satisfactory,12.9360548,77.6945979,Karnataka,7,2022
Indoor,Airtel,4G,1,Poor Voice Quality,18.494305,77.8199,Telangana,7,2022
Indoor,Airtel,4G,5,Satisfactory,14.02682788,75.9301028,Karnataka,7,2022
Indoor,Airtel,4G,5,Satisfactory,13.00293925,77.71175655,Karnataka,8,2022
Indoor,Airtel,4G,5,Satisfactory,13.0719203,77.5609603,Karnataka,8,2022
Indoor,Airtel,4G,5,Satisfactory,13.0826871,77.55811914,Karnataka,8,2022
Indoor,Airtel,4G,5,Satisfactory,13.003082,77.7117588,Karnataka,8,2022
Indoor,Airtel,4G,5,Satisfactory,13.93673492,75.54809566,Karnataka,8,2022
Indoor,Airtel,4G,5,Satisfactory,13.90179687,75.55877876,Karnataka,8,2022
Indoor,Airtel,4G,5,Satisfactory,13.9366484,75.547878,Karnataka,8,2022
Indoor,Airtel,4G,5,Satisfactory,12.96635112,77.70274993,Karnataka,8,2022
Indoor,Airtel,4G,5,Satisfactory,12.93499759,77.6934852,Karnataka,8,2022
Indoor,Airtel,4G,5,Satisfactory,12.98006364,77.70691006,Karnataka,8,2022
Indoor,Airtel,4G,5,Satisfactory,13.0725649,77.5602179,Karnataka,8,2022
Indoor,Airtel,4G,5,Satisfactory,13.07273652,77.56070659,Karnataka,8,2022
Indoor,Airtel,4G,5,Satisfactory,13.07258998,77.56020882,Karnataka,8,2022
Indoor,Airtel,4G,5,Satisfactory,13.0725828,77.560215,Karnataka,8,2022
Indoor,Airtel,4G,1,Call Dropped,13.0725802,77.5602201,Karnataka,8,2022
Indoor,Airtel,4G,5,Satisfactory,15.892005,76.48223833,Karnataka,8,2022
Indoor,Airtel,4G,5,Satisfactory,15.89146167,76.48608333,Karnataka,8,2022
Indoor,Airtel,4G,5,Satisfactory,15.89124,76.48588333,Karnataka,8,2022
Indoor,Airtel,4G,5,Satisfactory,13.07283725,77.56025681,Karnataka,8,2022
Indoor,Airtel,4G,5,Satisfactory,13.05763159,77.56476919,Karnataka,8,2022
Indoor,Airtel,4G,5,Satisfactory,12.9357787,77.6944535,Karnataka,8,2022
Indoor,Airtel,4G,5,Satisfactory,12.936109,77.6946056,Karnataka,8,2022
Indoor,Airtel,4G,5,Satisfactory,12.9482391,77.6987326,Karnataka,8,2022
Indoor,Airtel,4G,5,Satisfactory,12.9428375,77.6539131,Karnataka,8,2022
Indoor,Airtel,4G,4,Satisfactory,13.0029897,77.7117459,Karnataka,5,2022
Indoor,Airtel,4G,4,Satisfactory,13.0030124,77.7117502,Karnataka,5,2022
Indoor,Airtel,4G,4,Satisfactory,12.9549947,77.6534515,Karnataka,5,2022
Indoor,Airtel,4G,4,Satisfactory,12.9428426,77.6539343,Karnataka,5,2022
Indoor,Airtel,4G,4,Satisfactory,13.0030103,77.7117487,Karnataka,5,2022
Indoor,Airtel,4G,4,Satisfactory,13.0029846,77.7116979,Karnataka,5,2022
Indoor,Airtel,4G,4,Satisfactory,12.9361034,77.6946702,Karnataka,5,2022
Indoor,Airtel,4G,4,Satisfactory,12.93073099,77.68556151,Karnataka,5,2022
Indoor,Airtel,4G,4,Satisfactory,12.93073099,77.68556151,Karnataka,5,2022
Indoor,Airtel,4G,4,Satisfactory,13.003003,77.7117085,Karnataka,5,2022
Indoor,Airtel,4G,4,Satisfactory,13.00032709,77.71616331,Karnataka,5,2022
Indoor,Airtel,4G,4,Satisfactory,12.94823068,77.6992809,Karnataka,5,2022
Indoor,Airtel,4G,1,Poor Voice Quality,21.14105781,72.76526128,Gujarat,5,2022
Indoor,Airtel,4G,5,Satisfactory,13.0030297,77.7118065,Karnataka,5,2022
Indoor,Airtel,4G,4,Satisfactory,13.93676928,75.54809496,Karnataka,6,2022
Indoor,Airtel,4G,5,Satisfactory,13.93346317,75.56017726,Karnataka,6,2022
Indoor,Airtel,4G,5,Satisfactory,9.174520914,77.87865666,Tamil Nadu,6,2022
Indoor,Airtel,4G,5,Satisfactory,12.95002965,77.69982352,Karnataka,6,2022
Indoor,Airtel,4G,1,Poor Voice Quality,21.15949793,72.77139341,Gujarat,6,2022
Indoor,Airtel,4G,5,Satisfactory,13.00276621,77.71185319,Karnataka,6,2022
Indoor,Airtel,4G,5,Satisfactory,12.9565922,77.4896951,Karnataka,6,2022
Indoor,Airtel,4G,5,Satisfactory,13.0028632,77.7118181,Karnataka,6,2022
Indoor,Airtel,4G,5,Satisfactory,13.002909,77.7117352,Karnataka,6,2022
Indoor,Airtel,4G,2,Poor Voice Quality,18.44273315,73.84763632,Maharashtra,1,2022
Indoor,Airtel,4G,5,Satisfactory,26.23834521,78.16560291,Madhya Pradesh,1,2022
Indoor,Airtel,4G,5,Satisfactory,26.23840853,78.16561478,Madhya Pradesh,1,2022
Indoor,Airtel,4G,1,Poor Voice Quality,18.44208851,73.84835771,Maharashtra,1,2022
Indoor,Airtel,4G,5,Satisfactory,24.78242,84.973625,Bihar,1,2022
Indoor,Airtel,4G,4,Satisfactory,13.83440965,75.66334562,Karnataka,1,2022
Indoor,Airtel,4G,4,Satisfactory,13.83451282,75.6632406,Karnataka,1,2022
Indoor,Airtel,4G,3,Poor Voice Quality,28.5396347,77.2070798,Delhi,1,2022
Indoor,Airtel,4G,1,Poor Voice Quality,18.45028131,73.85119773,Maharashtra,1,2022
Indoor,Airtel,4G,4,Satisfactory,13.8323339,75.6766251,Karnataka,1,2022
Indoor,Airtel,4G,4,Satisfactory,13.936818,75.5480541,Karnataka,1,2022
Indoor,Airtel,4G,4,Satisfactory,13.93669975,75.54830867,Karnataka,1,2022
Indoor,Airtel,4G,4,Satisfactory,18.6415431,73.7700805,Maharashtra,4,2022
Indoor,Airtel,4G,4,Satisfactory,12.9361298,77.694651,Karnataka,4,2022
Indoor,Airtel,4G,4,Satisfactory,12.9358756,77.6945104,Karnataka,4,2022
Indoor,Airtel,4G,4,Satisfactory,12.9361027,77.694648,Karnataka,4,2022
Indoor,Airtel,4G,4,Satisfactory,13.0029549,77.71174595,Karnataka,4,2022
Indoor,Airtel,4G,1,Call Dropped,18.74915167,73.42932833,Maharashtra,4,2022
Indoor,Airtel,4G,4,Satisfactory,13.93663152,75.54815804,Karnataka,4,2022
Indoor,Airtel,4G,4,Satisfactory,13.93687424,75.54806045,Karnataka,4,2022
Indoor,Airtel,4G,4,Satisfactory,12.9360911,77.6945836,Karnataka,4,2022
Indoor,Airtel,4G,4,Satisfactory,13.00285897,77.71176171,Karnataka,4,2022
Indoor,Airtel,4G,4,Satisfactory,13.93798593,75.56918095,Karnataka,4,2022
Indoor,Airtel,4G,4,Satisfactory,13.9379839,75.5694343,Karnataka,4,2022
Indoor,Airtel,4G,2,Poor Voice Quality,10.5619714,76.1675282,Kerala,3,2022
Indoor,Airtel,4G,1,Call Dropped,18.57813349,73.81827482,Maharashtra,3,2022
Indoor,Airtel,4G,2,Poor Voice Quality,18.45011295,73.85000282,Maharashtra,3,2022
Indoor,Airtel,4G,4,Satisfactory,12.9361027,77.694648,Karnataka,3,2022
Indoor,Airtel,4G,5,Satisfactory,12.99018683,77.71356548,Karnataka,3,2022
Indoor,Airtel,4G,4,Satisfactory,13.0665754,77.5824077,Karnataka,3,2022
Indoor,Airtel,4G,3,Poor Voice Quality,18.44196437,73.84849702,Maharashtra,3,2022
Indoor,Airtel,4G,1,Call Dropped,18.45199885,73.8513988,Maharashtra,3,2022
Indoor,Airtel,4G,4,Satisfactory,13.24595306,77.27724799,Karnataka,3,2022
Indoor,Airtel,4G,4,Satisfactory,13.9367119,75.5481409,Karnataka,3,2022
Indoor,Airtel,4G,4,Satisfactory,13.93687424,75.54806045,Karnataka,3,2022
Indoor,Airtel,4G,4,Satisfactory,12.96533818,77.70227863,Karnataka,3,2022
Indoor,Airtel,4G,4,Satisfactory,13.93640277,75.56249739,Karnataka,3,2022
Indoor,Airtel,4G,1,Poor Voice Quality,28.70188388,77.42717026,Uttar Pradesh,3,2022
Indoor,Airtel,4G,5,Satisfactory,13.936972,75.54806849,Karnataka,3,2022
Indoor,Airtel,4G,5,Satisfactory,12.9359099,77.694296,Karnataka,9,2022
Indoor,Airtel,4G,5,Satisfactory,15.76589833,76.40281667,Karnataka,9,2022
Indoor,Airtel,4G,5,Satisfactory,14.01854756,75.93038734,Karnataka,9,2022
Indoor,Airtel,4G,5,Satisfactory,13.0748364,77.5616058,Karnataka,9,2022
Indoor,Airtel,4G,5,Satisfactory,25.9919462,79.4580676,Uttar Pradesh,9,2022
Indoor,Airtel,4G,5,Satisfactory,13.04240804,77.58987403,Karnataka,9,2022
Indoor,Airtel,4G,1,Poor Voice Quality,13.0726114,77.5602913,Karnataka,9,2022
Indoor,Airtel,4G,3,Satisfactory,30.10469167,78.28763578,Uttarakhand,9,2022
Indoor,Airtel,4G,5,Satisfactory,13.0726074,77.5602805,Karnataka,9,2022
Indoor,Airtel,4G,5,Satisfactory,13.0726069,77.5602771,Karnataka,9,2022
Indoor,Airtel,4G,5,Satisfactory,13.07178886,77.55914369,Karnataka,9,2022
Indoor,Airtel,4G,2,Call Dropped,13.00019192,77.67593316,Karnataka,9,2022
Indoor,Airtel,4G,5,Satisfactory,13.07218125,77.55999717,Karnataka,9,2022
Indoor,Airtel,4G,5,Satisfactory,13.0228759,77.64650941,Karnataka,9,2022
Indoor,Airtel,4G,5,Satisfactory,13.0725978,77.5601579,Karnataka,9,2022
Indoor,Airtel,4G,3,Satisfactory,30.1047238,78.2876629,Uttarakhand,9,2022
Indoor,Airtel,4G,1,Call Dropped,21.14103093,72.7650137,Gujarat,9,2022
Indoor,Airtel,4G,3,Satisfactory,30.11597549,78.28117077,Uttarakhand,9,2022
Indoor,Airtel,4G,5,Satisfactory,13.05027966,77.55754913,Karnataka,9,2022
Indoor,Airtel,4G,3,Satisfactory,30.10468698,78.28763858,Uttarakhand,9,2022
Indoor,Airtel,4G,5,Satisfactory,13.0725961,77.560159,Karnataka,9,2022
Indoor,Airtel,4G,5,Satisfactory,13.072622,77.5601981,Karnataka,9,2022
Indoor,Airtel,4G,5,Satisfactory,13.0726211,77.5602015,Karnataka,9,2022
Indoor,Airtel,4G,3,Satisfactory,30.11538936,78.28190716,Uttarakhand,12,2022
Indoor,Airtel,4G,5,Satisfactory,12.9750563,77.6977575,Karnataka,12,2022
Indoor,Airtel,4G,5,Satisfactory,13.06846814,77.55983226,Karnataka,12,2022
Indoor,Airtel,4G,5,Satisfactory,14.02920327,75.92789818,Karnataka,12,2022
Indoor,Airtel,4G,5,Satisfactory,12.93665657,77.69427146,Karnataka,12,2022
Indoor,Airtel,4G,5,Satisfactory,12.9359813,77.6946751,Karnataka,12,2022
Indoor,Airtel,4G,5,Satisfactory,13.0721925,77.56008382,Karnataka,12,2022
Indoor,Airtel,4G,1,Poor Voice Quality,16.48227503,81.15153806,Andhra Pradesh,12,2022
Indoor,Airtel,4G,5,Satisfactory,13.06131345,77.55897769,Karnataka,12,2022
Indoor,Airtel,4G,5,Satisfactory,12.99636075,77.68376193,Karnataka,12,2022
Indoor,Airtel,4G,3,Satisfactory,30.10413936,78.28790994,Uttarakhand,12,2022
Indoor,Airtel,4G,5,Satisfactory,16.48215896,81.15163979,Andhra Pradesh,12,2022
Indoor,Airtel,4G,1,Poor Voice Quality,16.4800251,81.1501129,Andhra Pradesh,12,2022
Indoor,Airtel,4G,5,Satisfactory,13.94635116,75.56482731,Karnataka,12,2022
Indoor,Airtel,4G,3,Satisfactory,30.10478484,78.28757827,Uttarakhand,12,2022
Indoor,Airtel,4G,5,Satisfactory,12.93534852,77.69476399,Karnataka,12,2022
Indoor,Airtel,4G,5,Satisfactory,12.9358141,77.6945445,Karnataka,12,2022
Indoor,Airtel,4G,1,Call Dropped,18.1885151,76.0430829,Maharashtra,12,2022
Indoor,Airtel,4G,1,Poor Voice Quality,18.1885316,76.0431537,Maharashtra,12,2022
Indoor,Airtel,4G,5,Satisfactory,14.0281365,75.93189338,Karnataka,11,2022
Indoor,Airtel,4G,1,Poor Voice Quality,19.22082282,72.84151202,Maharashtra,11,2022
Indoor,Airtel,4G,1,Poor Voice Quality,19.22182215,72.84073262,Maharashtra,11,2022
Indoor,Airtel,4G,1,Call Dropped,19.22144808,72.83925478,Maharashtra,11,2022
Indoor,Airtel,4G,3,Satisfactory,30.115352,78.2818875,Uttarakhand,11,2022
Indoor,Airtel,4G,1,Poor Voice Quality,19.2613616,72.8658452,Maharashtra,11,2022
Indoor,Airtel,4G,1,Poor Voice Quality,19.22047205,72.84297373,Maharashtra,11,2022
Indoor,Airtel,4G,5,Satisfactory,12.9694963,77.6912033,Karnataka,11,2022
Indoor,Airtel,4G,5,Satisfactory,13.072596,77.5601967,Karnataka,11,2022
Indoor,Airtel,4G,5,Satisfactory,13.05838775,77.55926889,Karnataka,11,2022
Indoor,Airtel,4G,3,Satisfactory,30.1155494,78.281768,Uttarakhand,11,2022
Indoor,Airtel,4G,3,Satisfactory,30.1153722,78.2819435,Uttarakhand,11,2022
Indoor,Airtel,4G,5,Satisfactory,13.0725947,77.5602074,Karnataka,11,2022
Indoor,Airtel,4G,5,Satisfactory,13.0725663,77.5602174,Karnataka,11,2022
Indoor,Airtel,4G,5,Satisfactory,12.93650518,77.69458956,Karnataka,11,2022
Indoor,Airtel,4G,5,Satisfactory,12.935828,77.6945907,Karnataka,11,2022
Indoor,Airtel,4G,1,Poor Voice Quality,19.2205525,72.8428704,Maharashtra,11,2022
Indoor,Airtel,4G,5,Satisfactory,13.0725996,77.5602073,Karnataka,11,2022
Indoor,Airtel,4G,5,Satisfactory,13.072552,77.5602171,Karnataka,11,2022
Indoor,Airtel,4G,3,Poor Voice Quality,28.6629191,77.2820546,Delhi,11,2022
Indoor,Airtel,4G,1,Poor Voice Quality,19.22062151,72.84287017,Maharashtra,11,2022
Indoor,Airtel,4G,3,Satisfactory,30.11633503,78.28086538,Uttarakhand,11,2022
Indoor,Airtel,4G,5,Satisfactory,12.9349813,77.69519271,Karnataka,11,2022
Indoor,Airtel,4G,3,Satisfactory,30.1048056,78.2876442,Uttarakhand,11,2022
Indoor,Airtel,4G,5,Satisfactory,13.06113166,77.55894689,Karnataka,11,2022
Indoor,Airtel,4G,2,Poor Voice Quality,30.1047947,78.287668,Uttarakhand,11,2022
Indoor,Airtel,4G,5,Satisfactory,12.97381542,77.712194,Karnataka,3,2023
Indoor,Airtel,4G,5,Satisfactory,12.97407092,77.71130443,Karnataka,3,2023
Indoor,Airtel,4G,5,Satisfactory,13.07388302,77.55816141,Karnataka,3,2023
Indoor,Airtel,4G,5,Satisfactory,13.0726088,77.5602009,Karnataka,3,2023
Indoor,Airtel,4G,5,Satisfactory,13.07250019,77.56018062,Karnataka,3,2023
Indoor,Airtel,4G,5,Satisfactory,13.0726156,77.5602168,Karnataka,3,2023
Indoor,Airtel,4G,5,Satisfactory,13.0726113,77.5602032,Karnataka,3,2023
Indoor,Airtel,4G,5,Satisfactory,13.07027885,77.56000945,Karnataka,3,2023
Indoor,Airtel,4G,5,Satisfactory,13.06909881,77.55971491,Karnataka,3,2023
Indoor,Airtel,4G,5,Satisfactory,13.07366008,77.56041858,Karnataka,3,2023
Indoor,Airtel,4G,5,Satisfactory,12.95654388,77.48971438,Karnataka,3,2023
Indoor,Airtel,4G,1,Poor Voice Quality,12.9566399,77.48961152,Karnataka,3,2023
Indoor,Airtel,4G,5,Satisfactory,10.79890458,76.63727171,Kerala,3,2023
Indoor,Airtel,4G,5,Satisfactory,10.7994361,76.6375689,Kerala,3,2023
Indoor,Airtel,4G,5,Satisfactory,10.7973702,76.63900101,Kerala,3,2023
Indoor,Airtel,4G,5,Satisfactory,13.0726111,77.5601943,Karnataka,3,2023
Indoor,Airtel,4G,5,Satisfactory,10.76755696,76.55437839,Kerala,3,2023
Indoor,Airtel,4G,5,Satisfactory,10.76749095,76.55438351,Kerala,3,2023
Indoor,Airtel,4G,5,Satisfactory,10.74965766,76.57921372,Kerala,3,2023
Indoor,Airtel,4G,5,Satisfactory,10.74963679,76.57925376,Kerala,3,2023
Indoor,Airtel,4G,5,Satisfactory,13.07394293,77.55794434,Karnataka,3,2023
Indoor,Airtel,4G,5,Satisfactory,10.80074529,76.55924156,Kerala,3,2023
Indoor,Airtel,4G,5,Satisfactory,10.80075021,76.55924452,Kerala,3,2023
Indoor,Airtel,4G,5,Satisfactory,10.61165043,76.72854415,Kerala,3,2023
Indoor,Airtel,4G,5,Satisfactory,13.07336024,77.56014174,Karnataka,3,2023
Indoor,Airtel,4G,5,Satisfactory,10.67215878,76.61503855,Kerala,3,2023
Indoor,Airtel,4G,5,Satisfactory,10.66633467,76.61337295,Kerala,3,2023
Indoor,Airtel,4G,5,Satisfactory,10.64158242,76.59736049,Kerala,3,2023
Indoor,Airtel,4G,5,Satisfactory,10.74961148,76.57926738,Kerala,3,2023
Indoor,Airtel,4G,5,Satisfactory,10.74964759,76.579248,Kerala,3,2023
Indoor,Airtel,4G,5,Satisfactory,10.76746543,76.55449359,Kerala,3,2023
Indoor,Airtel,4G,5,Satisfactory,12.9566073,77.489632,Karnataka,3,2023
Indoor,Airtel,4G,5,Satisfactory,12.9566035,77.4896366,Karnataka,3,2023
Indoor,Airtel,4G,5,Satisfactory,12.9566026,77.4896319,Karnataka,3,2023
Indoor,Airtel,4G,5,Satisfactory,12.9565972,77.4895625,Karnataka,3,2023
Indoor,Airtel,4G,5,Satisfactory,12.9565972,77.4895625,Karnataka,3,2023
Indoor,Airtel,4G,5,Satisfactory,13.07256148,77.56004498,Karnataka,1,2023
Indoor,Airtel,4G,5,Satisfactory,13.07334021,77.56110627,Karnataka,1,2023
Indoor,Airtel,4G,5,Satisfactory,13.07259514,77.55980373,Karnataka,1,2023
Indoor,Airtel,4G,5,Satisfactory,13.06490729,77.55950148,Karnataka,1,2023
Indoor,Airtel,4G,5,Satisfactory,14.02777702,75.93199265,Karnataka,1,2023
Indoor,Airtel,4G,3,Satisfactory,30.1048148,78.287665,Uttarakhand,1,2023
Indoor,Airtel,4G,5,Satisfactory,14.02698903,75.92884996,Karnataka,1,2023
Indoor,Airtel,4G,3,Satisfactory,30.10484772,78.28763594,Uttarakhand,1,2023
Indoor,Airtel,4G,5,Satisfactory,12.9358689,77.6946068,Karnataka,1,2023
Indoor,Airtel,4G,1,Poor Voice Quality,21.13679941,72.77138301,Gujarat,1,2023
Indoor,Airtel,4G,3,Satisfactory,30.28993472,78.08145174,Uttarakhand,1,2023
Indoor,Airtel,4G,3,Satisfactory,30.10566842,78.2975683,Uttarakhand,1,2023
Indoor,Airtel,4G,5,Satisfactory,13.9383013,75.5460742,Karnataka,1,2023
Indoor,Airtel,4G,5,Satisfactory,13.93696074,75.5484738,Karnataka,1,2023
Indoor,Airtel,4G,5,Satisfactory,14.02788054,75.9295658,Karnataka,1,2023
Indoor,Airtel,4G,3,Satisfactory,16.48212289,81.15168325,Andhra Pradesh,2,2023
Indoor,Airtel,4G,5,Satisfactory,12.9357474,77.6945749,Karnataka,2,2023
Indoor,Airtel,4G,5,Satisfactory,12.97853454,77.56774881,Karnataka,2,2023
Indoor,Airtel,4G,5,Satisfactory,13.93928541,75.54997802,Karnataka,2,2023
Indoor,Airtel,4G,5,Satisfactory,13.0683991,77.5601298,Karnataka,2,2023
Indoor,Airtel,4G,5,Satisfactory,13.0726081,77.5602017,Karnataka,2,2023
Indoor,Airtel,4G,5,Satisfactory,12.9356777,77.694598,Karnataka,2,2023
Indoor,Airtel,4G,5,Satisfactory,13.0726168,77.5601988,Karnataka,2,2023
Indoor,Airtel,4G,5,Satisfactory,14.01427595,75.81791002,Karnataka,2,2023
Indoor,Airtel,4G,5,Satisfactory,14.02772725,75.93204598,Karnataka,2,2023
Indoor,Airtel,4G,5,Satisfactory,13.0725979,77.5602014,Karnataka,2,2023
Indoor,Airtel,4G,5,Satisfactory,12.9167662,77.6084042,Karnataka,4,2023
Indoor,Airtel,4G,5,Satisfactory,26.9150853,81.0077041,Uttar Pradesh,4,2023
Indoor,Airtel,4G,1,Poor Voice Quality,16.4814843,81.1501129,Andhra Pradesh,4,2023
Indoor,Airtel,4G,1,Poor Voice Quality,10.78827247,76.0475963,Kerala,4,2023
Indoor,Airtel,4G,4,Satisfactory,10.80096045,76.23081707,Kerala,4,2023
Indoor,Airtel,4G,5,Satisfactory,13.07265221,77.5601226,Karnataka,10,2022
Indoor,Airtel,4G,3,Satisfactory,30.11673882,78.28417629,Uttarakhand,10,2022
Indoor,Airtel,4G,3,Satisfactory,30.11640669,78.28083329,Uttarakhand,10,2022
Indoor,Airtel,4G,5,Satisfactory,13.0726243,77.560195,Karnataka,10,2022
Indoor,Airtel,4G,5,Satisfactory,14.17700857,75.56684659,Karnataka,10,2022
Indoor,Airtel,4G,1,Call Dropped,13.93660394,75.54841288,Karnataka,10,2022
Indoor,Airtel,4G,5,Satisfactory,13.93600468,75.54843475,Karnataka,10,2022
Indoor,Airtel,4G,5,Satisfactory,13.93779113,75.57222574,Karnataka,10,2022
Indoor,Airtel,4G,5,Satisfactory,13.07044305,77.56005361,Karnataka,10,2022
Indoor,Airtel,4G,5,Satisfactory,12.936846,77.69506032,Karnataka,10,2022
Indoor,Airtel,4G,5,Satisfactory,13.04352217,77.55741946,Karnataka,10,2022
Indoor,Airtel,4G,5,Satisfactory,13.0727307,77.560285,Karnataka,10,2022
Indoor,Airtel,4G,5,Satisfactory,13.07044305,77.56005361,Karnataka,10,2022
Indoor,Airtel,4G,3,Satisfactory,30.11576493,78.28157966,Uttarakhand,10,2022
Indoor,Airtel,4G,3,Satisfactory,30.11576493,78.28157966,Uttarakhand,10,2022
Indoor,Airtel,4G,3,Satisfactory,30.11576493,78.28157966,Uttarakhand,10,2022
Indoor,Airtel,4G,5,Satisfactory,13.0725687,77.5602248,Karnataka,10,2022
Indoor,Airtel,4G,5,Satisfactory,12.9361394,77.6946269,Karnataka,10,2022
Indoor,Airtel,4G,2,Poor Voice Quality,19.22065921,72.84188122,Maharashtra,10,2022
Indoor,Airtel,4G,1,Poor Voice Quality,19.16559884,72.83481209,Maharashtra,10,2022
Indoor,Airtel,4G,5,Satisfactory,13.93967645,75.54634118,Karnataka,10,2022
Indoor,Airtel,4G,1,Call Dropped,14.0281365,75.93189338,Karnataka,10,2022
Indoor,Airtel,4G,1,Poor Voice Quality,19.22047205,72.84297373,Maharashtra,10,2022
Indoor,Airtel,4G,5,Satisfactory,12.9694963,77.6912033,Karnataka,10,2022
Indoor,Airtel,4G,3,Satisfactory,30.1155535,78.2817603,Uttarakhand,10,2022
Indoor,Airtel,4G,5,Satisfactory,13.072596,77.5601967,Karnataka,10,2022
Indoor,Airtel,4G,1,Poor Voice Quality,19.2205632,72.8427638,Maharashtra,10,2022
Indoor,Airtel,4G,5,Satisfactory,13.0666204,77.5824415,Karnataka,10,2022
Indoor,Airtel,4G,5,Satisfactory,13.0725663,77.5602174,Karnataka,10,2022
Indoor,Airtel,4G,5,Satisfactory,12.93547225,77.69514595,Karnataka,10,2022
Indoor,Airtel,4G,5,Satisfactory,12.9716168,77.69960298,Karnataka,10,2022
Indoor,Airtel,4G,5,Satisfactory,12.93585342,77.69426841,Karnataka,10,2022
Indoor,Airtel,4G,1,Poor Voice Quality,19.2205586,72.8429089,Maharashtra,10,2022
Indoor,Airtel,4G,5,Satisfactory,13.0599183,80.2148768,Tamil Nadu,10,2022
Indoor,Airtel,4G,5,Satisfactory,13.072552,77.5602171,Karnataka,10,2022
Indoor,Airtel,4G,5,Satisfactory,13.07254084,77.56012886,Karnataka,10,2022
Indoor,Airtel,4G,2,Poor Voice Quality,19.22062151,72.84287017,Maharashtra,10,2022
Indoor,Airtel,4G,3,Satisfactory,30.1047932,78.2876713,Uttarakhand,10,2022
Indoor,Airtel,4G,3,Satisfactory,30.10479084,78.2876835,Uttarakhand,10,2022
Indoor,Airtel,4G,5,Satisfactory,12.9349813,77.69519271,Karnataka,10,2022
Indoor,Airtel,4G,5,Satisfactory,13.027705,77.60611167,Karnataka,7,2023
Indoor,Airtel,4G,1,Poor Voice Quality,28.7252382,77.4703764,Uttar Pradesh,7,2023
Indoor,Airtel,4G,5,Satisfactory,12.95660962,77.48966998,Karnataka,7,2023
Indoor,Airtel,4G,1,Call Dropped,25.2929141,83.1212462,Uttar Pradesh,6,2023
Indoor,Airtel,4G,1,Poor Voice Quality,25.2929158,83.1211246,Uttar Pradesh,6,2023
Indoor,Airtel,4G,1,Call Dropped,16.2634845,73.6946688,Maharashtra,6,2023
Indoor,Airtel,4G,1,Poor Voice Quality,19.22055775,72.8428746,Maharashtra,5,2023
Indoor,Airtel,4G,3,Satisfactory,30.10494538,78.28773426,Uttarakhand,12,2023
Indoor,Airtel,4G,3,Satisfactory,30.1019522,78.2880109,Uttarakhand,12,2023
Indoor,Airtel,4G,3,Satisfactory,30.10107834,78.2899823,Uttarakhand,12,2023
Indoor,Airtel,4G,3,Satisfactory,30.10484995,78.28764106,Uttarakhand,12,2023
Indoor,Airtel,4G,3,Satisfactory,30.10513077,78.2873834,Uttarakhand,12,2023
Indoor,Airtel,4G,3,Satisfactory,30.10649452,78.28780172,Uttarakhand,9,2023
Indoor,Airtel,4G,3,Satisfactory,30.1108645,78.2950444,Uttarakhand,9,2023
Indoor,Airtel,4G,3,Satisfactory,30.1108406,78.2950501,Uttarakhand,9,2023
Indoor,Airtel,4G,5,Satisfactory,22.4096524,87.8201406,West Bengal,8,2023
Indoor,Airtel,4G,4,Satisfactory,12.89108833,77.64713167,Karnataka,8,2023
Indoor,Airtel,4G,2,Poor Voice Quality,25.60501333,85.11577667,Bihar,8,2023
Indoor,Airtel,4G,1,Poor Voice Quality,25.6078212,85.1140573,Bihar,8,2023
Indoor,Airtel,4G,1,Poor Voice Quality,25.6079081,85.1139703,Bihar,8,2023
Indoor,Airtel,4G,3,Satisfactory,30.11553231,78.28172095,Uttarakhand,11,2023
Indoor,Airtel,4G,3,Satisfactory,30.1024611,78.28884583,Uttarakhand,11,2023
Indoor,Airtel,4G,3,Satisfactory,30.1024611,78.28884583,Uttarakhand,11,2023
Indoor,Airtel,4G,3,Satisfactory,30.10489412,78.28764122,Uttarakhand,11,2023
Indoor,Airtel,4G,3,Satisfactory,30.10489412,78.28764122,Uttarakhand,11,2023
Indoor,Airtel,4G,2,Poor Voice Quality,30.11067161,78.29742834,Uttarakhand,11,2023
Indoor,Airtel,4G,3,Poor Voice Quality,28.6617375,77.2661528,Delhi,11,2023
Indoor,Airtel,4G,3,Satisfactory,30.10715106,78.28908614,Uttarakhand,10,2023
Indoor,Airtel,4G,3,Satisfactory,30.1235562,78.3122554,Uttarakhand,10,2023
Indoor,Airtel,4G,1,Poor Voice Quality,30.1048104,78.2876031,Uttarakhand,10,2023
Indoor,Airtel,4G,2,Poor Voice Quality,30.1047951,78.2876499,Uttarakhand,10,2023
Indoor,Airtel,4G,3,Satisfactory,30.1047912,78.2876496,Uttarakhand,10,2023
Indoor,Airtel,4G,1,Poor Voice Quality,12.98870167,77.61716667,Karnataka,10,2023
Indoor,Airtel,4G,3,Satisfactory,30.18865806,78.19134155,Uttarakhand,10,2023
Indoor,Airtel,4G,3,Satisfactory,30.10476697,78.28770484,Uttarakhand,10,2023
Indoor,Airtel,4G,1,Poor Voice Quality,19.21407224,72.84484822,Maharashtra,10,2022
Indoor,Airtel,4G,1,Poor Voice Quality,25.4647044,81.8479595,Uttar Pradesh,10,2022
Indoor,Airtel,4G,1,Poor Voice Quality,30.1047906,78.2876672,Uttarakhand,10,2022
Indoor,Airtel,4G,5,Satisfactory,12.93617311,77.69448183,Karnataka,10,2022
Indoor,Airtel,4G,5,Satisfactory,13.0726102,77.5601947,Karnataka,10,2022
Indoor,Airtel,4G,5,Satisfactory,13.06113166,77.55894689,Karnataka,10,2022
Indoor,Airtel,4G,5,Satisfactory,12.93675811,77.69406609,Karnataka,10,2022
Indoor,Airtel,4G,5,Satisfactory,13.04207643,77.59340246,Karnataka,10,2022
Indoor,Airtel,4G,1,Poor Voice Quality,19.2205627,72.8427692,Maharashtra,10,2022
Indoor,Airtel,4G,5,Satisfactory,13.70600765,75.83863966,Karnataka,10,2022
Indoor,Airtel,4G,5,Satisfactory,12.93665657,77.69427146,Karnataka,10,2022
Indoor,Airtel,4G,5,Satisfactory,13.06866097,77.55975957,Karnataka,10,2022
Indoor,Airtel,4G,5,Satisfactory,13.02154726,77.64989703,Karnataka,10,2022
Indoor,Airtel,4G,5,Satisfactory,13.0721925,77.56008382,Karnataka,10,2022
Indoor,Airtel,4G,5,Satisfactory,12.99636075,77.68376193,Karnataka,10,2022
Indoor,Airtel,4G,1,Poor Voice Quality,14.86254143,79.04782246,Andhra Pradesh,10,2022
Indoor,Airtel,4G,5,Satisfactory,13.06842929,77.55989771,Karnataka,10,2022
Indoor,Airtel,4G,5,Satisfactory,16.48215896,81.15163979,Andhra Pradesh,10,2022
Indoor,Airtel,4G,5,Satisfactory,13.05357241,77.66085708,Karnataka,10,2022
Indoor,Airtel,4G,2,Poor Voice Quality,30.1047087,78.2871319,Uttarakhand,10,2022
Indoor,Airtel,4G,5,Satisfactory,13.0726117,77.5601913,Karnataka,10,2022
Indoor,Airtel,4G,3,Satisfactory,30.10438509,78.2990651,Uttarakhand,10,2022
Indoor,Airtel,4G,1,Poor Voice Quality,13.7569976,79.639175,Andhra Pradesh,10,2022
Indoor,Airtel,4G,5,Satisfactory,12.9358141,77.6945445,Karnataka,10,2022
Indoor,Airtel,4G,5,Satisfactory,12.9358496,77.6945922,Karnataka,10,2022
Indoor,Airtel,4G,5,Satisfactory,14.02782329,75.93184973,Karnataka,10,2022
Indoor,Airtel,4G,5,Satisfactory,14.02666667,75.93015407,Karnataka,10,2022
Indoor,Airtel,4G,5,Satisfactory,13.0726085,77.5601884,Karnataka,10,2022
Indoor,Airtel,4G,3,Satisfactory,30.1044266,78.2968989,Uttarakhand,10,2022
Indoor,Airtel,4G,5,Satisfactory,13.05951278,77.55931811,Karnataka,10,2022
Indoor,Airtel,4G,5,Satisfactory,13.06853782,77.55977004,Karnataka,10,2022
Indoor,Airtel,4G,3,Satisfactory,30.1043528,78.2890234,Uttarakhand,10,2022
Indoor,Airtel,4G,3,Satisfactory,30.1047769,78.2877034,Uttarakhand,10,2022
Indoor,Airtel,4G,5,Satisfactory,13.07124465,77.55891881,Karnataka,10,2022
Indoor,Airtel,4G,3,Satisfactory,30.11554,78.2818173,Uttarakhand,10,2022
Indoor,Airtel,4G,1,Call Dropped,13.0726104,77.5601846,Karnataka,10,2022
Indoor,Airtel,4G,1,Call Dropped,13.072603,77.5601881,Karnataka,10,2022
Indoor,Airtel,4G,1,Poor Voice Quality,21.13670108,72.77703106,Gujarat,10,2022
Indoor,Airtel,4G,1,Poor Voice Quality,21.13679941,72.77138301,Gujarat,10,2022
Indoor,Airtel,4G,5,Satisfactory,13.04362738,77.60066541,Karnataka,10,2022
Indoor,Airtel,4G,3,Satisfactory,30.28993472,78.08145174,Uttarakhand,10,2022
Indoor,Airtel,4G,5,Satisfactory,19.66571864,84.84064752,Odisha,10,2022
Indoor,Airtel,4G,3,Satisfactory,30.10566842,78.2975683,Uttarakhand,10,2022
Indoor,Airtel,4G,4,Satisfactory,13.93679922,75.54801071,Karnataka,2,2022
Indoor,Airtel,4G,1,Call Dropped,13.75201021,79.69980437,Andhra Pradesh,2,2022
Indoor,Airtel,4G,4,Satisfactory,13.93797357,75.54473593,Karnataka,2,2022
Indoor,Airtel,4G,2,Poor Voice Quality,26.23691167,87.70162333,Bihar,2,2022
Indoor,Airtel,4G,1,Poor Voice Quality,32.38992747,75.5206664,Jammu and Kashmir,2,2022
Indoor,Airtel,4G,1,Call Dropped,18.7491867,73.4295062,Maharashtra,2,2022
Indoor,Airtel,4G,3,Satisfactory,18.9548606,72.8013662,Maharashtra,2,2022
Indoor,Airtel,4G,2,Poor Voice Quality,32.38997316,75.52061072,Jammu and Kashmir,2,2022
Indoor,Airtel,4G,4,Satisfactory,13.93674919,75.54818795,Karnataka,2,2022
Indoor,Airtel,4G,3,Poor Voice Quality,18.954862,72.801369,Maharashtra,2,2022
Indoor,Airtel,4G,4,Satisfactory,13.93682439,75.54830743,Karnataka,2,2022
Indoor,Airtel,4G,4,Satisfactory,13.9367728,75.5480915,Karnataka,2,2022
Indoor,Airtel,4G,4,Satisfactory,13.93786074,75.54738527,Karnataka,2,2022
Indoor,Airtel,4G,5,Satisfactory,13.93799569,75.5425955,Karnataka,2,2022
Indoor,Airtel,4G,4,Satisfactory,13.93799569,75.5425955,Karnataka,2,2022
Indoor,Airtel,4G,1,Call Dropped,25.814446,71.4606196,Rajasthan,2,2022
Indoor,Airtel,4G,4,Satisfactory,13.93797873,75.54382183,Karnataka,2,2022
Indoor,Airtel,4G,4,Satisfactory,13.9381865,75.5471177,Karnataka,2,2022
Indoor,Airtel,4G,4,Satisfactory,10.3029871,76.22316062,Kerala,2,2022
Indoor,Airtel,4G,2,Poor Voice Quality,17.67812333,73.98790833,Maharashtra,2,2022
Indoor,Airtel,4G,4,Satisfactory,11.3719543,77.6915908,Tamil Nadu,8,2024
Indoor,Airtel,4G,3,Satisfactory,11.37187442,77.69105737,Tamil Nadu,8,2024
Indoor,Airtel,4G,1,Poor Voice Quality,28.67363443,77.40474491,Uttar Pradesh,8,2024
Indoor,Airtel,4G,2,Poor Voice Quality,25.23719333,86.974535,Bihar,8,2024
Indoor,Airtel,4G,2,Call Dropped,30.10700377,76.2308166,Haryana,8,2024
Indoor,Airtel,4G,1,Call Dropped,26.14626385,75.795089,Rajasthan,9,2024
Indoor,Airtel,4G,5,Satisfactory,23.01648353,88.36712117,West Bengal,9,2024
Indoor,Airtel,4G,4,Satisfactory,12.88369395,77.64139708,Karnataka,9,2024
Indoor,Airtel,4G,1,Poor Voice Quality,25.6077745,85.1140222,Bihar,11,2024
Indoor,Airtel,4G,4,Satisfactory,25.6077816,85.1140391,Bihar,11,2024
Indoor,Airtel,4G,5,Satisfactory,20.57661667,84.41476,Odisha,3,2024
Indoor,Airtel,4G,4,Satisfactory,9.90184,77.30091667,Tamil Nadu,4,2024
Indoor,Airtel,4G,3,Satisfactory,15.75465012,75.15245886,Karnataka,4,2024
Indoor,Airtel,4G,3,Satisfactory,30.11529639,78.28176552,Uttarakhand,5,2024
Indoor,Airtel,4G,1,Poor Voice Quality,28.5951338,77.3176496,Uttar Pradesh,5,2024
Indoor,Airtel,4G,1,Poor Voice Quality,28.5951338,77.3176496,Uttar Pradesh,5,2024
Indoor,Airtel,4G,1,Poor Voice Quality,28.5951338,77.3176496,Uttar Pradesh,5,2024
Indoor,Airtel,4G,1,Poor Voice Quality,28.5951338,77.3176496,Uttar Pradesh,5,2024
Indoor,Airtel,4G,1,Call Dropped,12.8364837,75.2703279,Karnataka,5,2024
Indoor,Airtel,4G,1,Call Dropped,25.4660594,81.8481898,Uttar Pradesh,12,2024
Indoor,Airtel,4G,5,Satisfactory,28.6403436,77.22958966,Delhi,2,2024
Indoor,Airtel,4G,5,Satisfactory,28.6404627,77.2295517,Delhi,2,2024
Indoor,Airtel,4G,5,Satisfactory,25.60501833,85.116255,Bihar,9,2024
Indoor,Airtel,4G,1,Call Dropped,28.32881333,79.463035,Uttar Pradesh,11,2024
Indoor,Airtel,4G,1,Poor Voice Quality,25.4317063,85.10468096,Bihar,10,2024
Indoor,Airtel,4G,5,Satisfactory,12.8452256,77.669294,Karnataka,10,2024
Indoor,Airtel,4G,2,Poor Voice Quality,28.79261275,77.13746816,Delhi,1,2025
Indoor,Airtel,4G,2,Poor Voice Quality,31.898926666666664,75.24450499999999,Punjab,1,2025
Indoor,Airtel,4G,2,Poor Voice Quality,28.79261275,77.13746816,Delhi,1,2025
Indoor,Airtel,4G,2,Poor Voice Quality,30.939685,75.86843333333333,Punjab,1,2025
Indoor,Airtel,4G,2,Poor Voice Quality,30.1239839,75.8993228,Punjab,1,2025
Indoor,Airtel,4G,2,Poor Voice Quality,30.20480079576373,74.70243394374847,Punjab,1,2025
Indoor,Airtel,4G,4,Satisfactory,26.47697369,80.29071056,Uttar Pradesh,1,2025
Indoor,Airtel,4G,1,Poor Voice Quality,32.122295,75.93359000000001,Himachal Pradesh,1,2025
Indoor,Airtel,4G,1,Call Dropped,28.988789822906256,77.71479899995029,Uttar Pradesh,1,2025
Indoor,Airtel,4G,2,Poor Voice Quality,25.33772282,83.53544217534363,Uttar Pradesh,1,2025
Indoor,Airtel,4G,2,Poor Voice Quality,23.1990708,77.4362375,Madhya Pradesh,1,2025
Indoor,Airtel,4G,1,Poor Voice Quality,15.781413333333337,76.76672666666667,Karnataka,1,2025
Indoor,Airtel,4G,1,Poor Voice Quality,26.95020594634116,76.78961341269314,Rajasthan,1,2025
Indoor,Airtel,4G,2,Poor Voice Quality,23.16063,79.93397333333334,Madhya Pradesh,1,2025
Indoor,Airtel,4G,2,Call Dropped,30.206716033333336,76.15686401666667,Punjab,1,2025
Indoor,Airtel,4G,1,Poor Voice Quality,26.465993333333337,86.500905,Bihar,1,2025
Indoor,Airtel,4G,1,Poor Voice Quality,17.44463476,75.19183357,Maharashtra,1,2025
Indoor,Airtel,4G,2,Poor Voice Quality,30.45122975,76.39556599,Punjab,1,2025
Indoor,Airtel,4G,1,Poor Voice Quality,20.33730166666667,72.92830333333333,Gujarat,1,2025
Indoor,Airtel,4G,1,Poor Voice Quality,28.6300217,77.3878869,Uttar Pradesh,1,2025
Indoor,Airtel,4G,5,Satisfactory,20.1833804,76.7223611,Maharashtra,1,2025
Indoor,Airtel,4G,1,Call Dropped,26.1165817,78.0097867,Madhya Pradesh,1,2025
Indoor,Airtel,4G,5,Satisfactory,30.47579166666667,74.38292,Punjab,1,2025
Indoor,Airtel,4G,1,Poor Voice Quality,28.700634,77.3047748,Delhi,1,2025
Indoor,Airtel,4G,1,Call Dropped,23.19311209,77.44933976,Madhya Pradesh,1,2025
Indoor,Airtel,4G,4,Satisfactory,12.9896264,77.7279719,Karnataka,1,2025
Indoor,Airtel,4G,1,Poor Voice Quality,14.85349,74.11783333333332,Karnataka,1,2025
Indoor,Airtel,4G,1,Poor Voice Quality,29.80428776,76.40548814,Haryana,1,2025
Indoor,Airtel,4G,1,Poor Voice Quality,14.85349,74.11783333333332,Karnataka,1,2025
Indoor,Airtel,4G,1,Poor Voice Quality,14.85349,74.11783333333332,Karnataka,1,2025
Indoor,Airtel,4G,2,Call Dropped,30.9262126,74.6194625,Punjab,1,2025
Indoor,Airtel,4G,1,Poor Voice Quality,28.4669064,77.3162439,Haryana,2,2025
Indoor,Airtel,4G,1,Poor Voice Quality,15.0461127,77.815821,Andhra Pradesh,1,2025
Indoor,Airtel,4G,1,Poor Voice Quality,28.7006501,77.3047733,Delhi,1,2025
Indoor,Airtel,4G,1,Poor Voice Quality,31.3747593,75.916383,Punjab,1,2025
Indoor,Airtel,4G,1,Poor Voice Quality,34.65970102697611,73.97482892498374,Jammu and Kashmir,2,2025
Indoor,Airtel,4G,2,Poor Voice Quality,28.51062905,77.04826157,Haryana,2,2025
Indoor,Airtel,4G,1,Poor Voice Quality,15.7816,76.76542333333333,Karnataka,2,2025
Indoor,Airtel,4G,1,Call Dropped,15.031436666666666,77.81219666666667,Andhra Pradesh,2,2025
Indoor,Airtel,4G,5,Satisfactory,30.65224773,74.77143743,Punjab,2,2025
Indoor,Airtel,4G,5,Satisfactory,18.62986162,73.85082754,Maharashtra,2,2025
Indoor,Airtel,4G,2,Call Dropped,28.50365658290684,77.09384297020733,Haryana,2,2025
Indoor,Airtel,4G,1,Poor Voice Quality,15.031436666666666,77.81219666666667,Andhra Pradesh,2,2025
Indoor,Airtel,4G,1,Poor Voice Quality,31.4803161,76.05387699999999,Punjab,2,2025
Indoor,Airtel,4G,2,Poor Voice Quality,31.12755082,75.4777208,Punjab,2,2025
Indoor,Airtel,4G,2,Poor Voice Quality,26.251285,86.31305666666667,Bihar,2,2025
Indoor,Airtel,4G,4,Satisfactory,28.6351112,77.1466885,Delhi,2,2025
Indoor,Airtel,4G,1,Poor Voice Quality,28.6021467,77.4424083,Uttar Pradesh,2,2025
Indoor,Airtel,4G,5,Satisfactory,19.36802441,73.19513075,Maharashtra,2,2025
Indoor,Airtel,4G,5,Satisfactory,19.36802441,73.19513075,Maharashtra,2,2025
Indoor,Airtel,4G,2,Call Dropped,30.378615,75.53465833333333,Punjab,1,2025
Indoor,Airtel,4G,3,Satisfactory,28.6367437,77.1418652,Delhi,2,2025
Indoor,Airtel,4G,5,Satisfactory,28.6371291,77.1407404,Delhi,2,2025
Indoor,Airtel,4G,1,Poor Voice Quality,28.59841928,77.44549536,Uttar Pradesh,2,2025
Indoor,Airtel,4G,1,Poor Voice Quality,15.781458333333337,76.76682333333333,Karnataka,2,2025
Indoor,Airtel,4G,1,Call Dropped,26.47379830945283,84.83244387432933,Bihar,1,2025
Indoor,Airtel,4G,3,Call Dropped,26.870095,88.7376036,West Bengal,3,2025
Indoor,Airtel,4G,1,Poor Voice Quality,12.8835168,77.6410323,Karnataka,3,2025
Indoor,Airtel,4G,1,Poor Voice Quality,28.60812402,77.4587222,Uttar Pradesh,3,2025
Indoor,Airtel,4G,1,Call Dropped,24.359506666666668,76.17691666666666,Rajasthan,3,2025
Indoor,Airtel,4G,1,Call Dropped,12.84546995,77.77661183,Karnataka,3,2025
Indoor,Airtel,4G,2,Poor Voice Quality,28.92507,79.32771833333332,Uttar Pradesh,3,2025
Indoor,Airtel,4G,1,Poor Voice Quality,31.29860271,74.67604339,Punjab,3,2025
Indoor,Airtel,4G,1,Poor Voice Quality,15.78176,76.76536833333333,Karnataka,2,2025
Indoor,Airtel,4G,4,Satisfactory,26.86984826666667,88.7362691,West Bengal,3,2025
Indoor,Airtel,4G,1,Call Dropped,28.372018333333337,79.43186666666666,Uttar Pradesh,3,2025
Indoor,Airtel,4G,1,Poor Voice Quality,26.12478633,85.89905291,Bihar,3,2025
Indoor,Airtel,4G,4,Satisfactory,28.63638166666666,77.14233666666668,Delhi,3,2025
Indoor,Airtel,4G,3,Satisfactory,30.91294333333333,74.97883833333334,Punjab,3,2025
Indoor,Airtel,4G,1,Call Dropped,26.257173333333338,86.31278333333333,Bihar,3,2025
Indoor,Airtel,4G,2,Poor Voice Quality,31.51884244289249,75.28588288463652,Punjab,3,2025
Indoor,Airtel,4G,5,Satisfactory,22.7664503,75.9031398,Madhya Pradesh,7,2025
Indoor,Airtel,4G,1,Call Dropped,29.19314026,75.1266564,Rajasthan,7,2025
Indoor,Airtel,4G,1,Call Dropped,27.43851638,78.03687675,Uttar Pradesh,7,2025
Indoor,Airtel,4G,1,Call Dropped,27.4385012,78.0369265,Uttar Pradesh,7,2025
Indoor,Airtel,4G,2,Poor Voice Quality,30.3910067,76.7766111,Haryana,7,2025
Indoor,Airtel,4G,5,Satisfactory,28.6475427,77.2787649,Delhi,7,2025
Indoor,Airtel,4G,5,Satisfactory,19.15609185,72.83548216,Maharashtra,7,2025
Indoor,Airtel,4G,2,Call Dropped,26.87668667,80.85406833,Uttar Pradesh,7,2025
Indoor,Airtel,4G,1,Poor Voice Quality,26.423435,84.92517,Bihar,7,2025
Indoor,Airtel,4G,5,Satisfactory,22.5438454,88.35798669,West Bengal,7,2025
Indoor,Airtel,4G,5,Satisfactory,11.001395,76.99179333,Tamil Nadu,7,2025
Indoor,Airtel,4G,1,Poor Voice Quality,17.91555142,76.09391713,Maharashtra,7,2025
Indoor,Airtel,4G,5,Satisfactory,28.6320489,77.2812355,Delhi,7,2025
Indoor,Airtel,4G,1,Poor Voice Quality,28.64616333,77.16633833,Delhi,7,2025
Outdoor,Airtel,4G,4,Satisfactory,13.6260445,79.4304776,Andhra Pradesh,1,2021
Outdoor,Airtel,4G,1,Poor Voice Quality,12.2981044,76.6970326,Karnataka,1,2021
Outdoor,Airtel,4G,1,Poor Voice Quality,12.2928533,76.6970326,Karnataka,1,2021
Outdoor,Airtel,4G,4,Satisfactory,13.6260445,79.4304776,Andhra Pradesh,1,2021
Outdoor,Airtel,4G,5,Satisfactory,28.53290878,77.24331343,Delhi,1,2021
Outdoor,Airtel,4G,5,Satisfactory,28.52834267,77.25574421,Delhi,1,2021
Outdoor,Airtel,4G,5,Satisfactory,22.6576089,75.90449462,Madhya Pradesh,1,2021
Outdoor,Airtel,4G,1,Poor Voice Quality,28.505458,77.2996493,Delhi,1,2021
Outdoor,Airtel,4G,1,Poor Voice Quality,28.505458,77.2996493,Delhi,1,2021
Outdoor,Airtel,4G,5,Satisfactory,28.554962,77.05641207,Delhi,12,2021
Outdoor,Airtel,4G,3,Poor Voice Quality,28.55721305,77.05366859,Delhi,12,2021
Outdoor,Airtel,4G,5,Satisfactory,28.58898096,77.25608577,Delhi,12,2021
Outdoor,Airtel,4G,5,Satisfactory,28.5569663,77.054095,Delhi,12,2021
Outdoor,Airtel,4G,5,Satisfactory,28.57215425,77.39339509,Uttar Pradesh,12,2021
Outdoor,Airtel,4G,5,Satisfactory,28.58065187,77.26991767,Delhi,12,2021
Outdoor,Airtel,4G,3,Poor Voice Quality,28.55721305,77.05366859,Delhi,12,2021
Outdoor,Airtel,4G,5,Satisfactory,28.54061977,77.08106727,Delhi,12,2021
Outdoor,Airtel,4G,5,Satisfactory,23.41412667,77.749885,Madhya Pradesh,10,2021
Outdoor,Airtel,4G,5,Satisfactory,23.41412667,77.749885,Madhya Pradesh,10,2021
Outdoor,Airtel,4G,5,Satisfactory,23.41412667,77.749885,Madhya Pradesh,10,2021
Outdoor,Airtel,4G,5,Satisfactory,23.379385,77.76862,Madhya Pradesh,10,2021
Outdoor,Airtel,4G,5,Satisfactory,23.3282512,77.7855914,Madhya Pradesh,10,2021
Outdoor,Airtel,4G,5,Satisfactory,23.329589,77.7982047,Madhya Pradesh,10,2021
Outdoor,Airtel,4G,5,Satisfactory,23.327059,77.8072156,Madhya Pradesh,10,2021
Outdoor,Airtel,4G,5,Satisfactory,23.33025833,77.78689333,Madhya Pradesh,10,2021
Outdoor,Airtel,4G,5,Satisfactory,23.33025833,77.78689333,Madhya Pradesh,10,2021
Outdoor,Airtel,4G,5,Satisfactory,23.33025833,77.78689333,Madhya Pradesh,10,2021
Outdoor,Airtel,4G,5,Satisfactory,23.33288833,77.78144167,Madhya Pradesh,10,2021
Outdoor,Airtel,4G,5,Satisfactory,23.33288833,77.78144167,Madhya Pradesh,10,2021
Outdoor,Airtel,4G,5,Satisfactory,23.33288833,77.78144167,Madhya Pradesh,10,2021
Outdoor,Airtel,4G,5,Satisfactory,23.32711,77.807235,Madhya Pradesh,10,2021
Outdoor,Airtel,4G,5,Satisfactory,23.37945667,77.76856333,Madhya Pradesh,10,2021
Outdoor,Airtel,4G,5,Satisfactory,23.37945667,77.76856333,Madhya Pradesh,10,2021
Outdoor,Airtel,4G,5,Satisfactory,23.37963,77.76894833,Madhya Pradesh,10,2021
Outdoor,Airtel,4G,5,Satisfactory,23.32261,77.75413667,Madhya Pradesh,10,2021
Outdoor,Airtel,4G,5,Satisfactory,23.37980667,77.76883833,Madhya Pradesh,10,2021
Outdoor,Airtel,4G,5,Satisfactory,10.30300133,76.22316763,Kerala,10,2021
Outdoor,Airtel,4G,3,Satisfactory,30.47651833,76.51804,Punjab,9,2021
Outdoor,Airtel,4G,3,Satisfactory,30.47699667,76.51944167,Punjab,9,2021
Outdoor,Airtel,4G,4,Satisfactory,24.740718,87.8213091,Jharkhand,7,2021
Outdoor,Airtel,4G,4,Satisfactory,10.30295654,76.22315853,Kerala,6,2021
Outdoor,Airtel,4G,5,Satisfactory,10.30300967,76.22308891,Kerala,7,2021
Outdoor,Airtel,4G,4,Satisfactory,13.233988,75.68577092,Karnataka,7,2021
Outdoor,Airtel,4G,4,Satisfactory,13.233988,75.68577092,Karnataka,7,2021
Outdoor,Airtel,4G,1,Call Dropped,29.97072358,77.77230215,Uttar Pradesh,5,2021
Outdoor,Airtel,4G,4,Satisfactory,10.3029766,76.2231396,Kerala,5,2021
Outdoor,Airtel,4G,2,Poor Voice Quality,28.61458143,77.12497809,Delhi,4,2021
Outdoor,Airtel,4G,2,Poor Voice Quality,28.61458143,77.12497809,Delhi,4,2021
Outdoor,Airtel,4G,5,Satisfactory,23.33025833,77.789635,Madhya Pradesh,11,2021
Outdoor,Airtel,4G,5,Satisfactory,23.33030667,77.78558,Madhya Pradesh,11,2021
Outdoor,Airtel,4G,5,Satisfactory,23.33030667,77.78558,Madhya Pradesh,11,2021
Outdoor,Airtel,4G,5,Satisfactory,23.37883667,77.76860167,Madhya Pradesh,11,2021
Outdoor,Airtel,4G,1,Poor Voice Quality,25.71575167,94.11183167,Nagaland,11,2021
Outdoor,Airtel,4G,5,Satisfactory,23.32705333,77.807235,Madhya Pradesh,11,2021
Outdoor,Airtel,4G,5,Satisfactory,23.37991667,77.76795167,Madhya Pradesh,11,2021
Outdoor,Airtel,4G,4,Satisfactory,18.46565071,79.1114319,Telangana,11,2021
Outdoor,Airtel,4G,5,Satisfactory,28.55683284,77.0541928,Delhi,11,2021
Outdoor,Airtel,4G,1,Call Dropped,28.5601095,77.04137812,Delhi,11,2021
Outdoor,Airtel,4G,5,Satisfactory,21.07993578,72.70659013,Gujarat,10,2021
Outdoor,Airtel,4G,1,Call Dropped,16.96488747,81.80893574,Andhra Pradesh,10,2021
Outdoor,Airtel,4G,5,Satisfactory,23.37947,77.76849667,Madhya Pradesh,10,2021
Outdoor,Airtel,4G,5,Satisfactory,23.37947667,77.75995667,Madhya Pradesh,10,2021
Outdoor,Airtel,4G,5,Satisfactory,21.14871077,72.81513835,Gujarat,10,2021
Outdoor,Airtel,4G,5,Satisfactory,23.327625,77.80766833,Madhya Pradesh,10,2021
Outdoor,Airtel,4G,5,Satisfactory,23.327625,77.80766833,Madhya Pradesh,10,2021
Outdoor,Airtel,4G,1,Poor Voice Quality,23.327625,77.80766833,Madhya Pradesh,10,2021
Outdoor,Airtel,4G,4,Satisfactory,24.6917209,87.82289,Jharkhand,10,2021
Outdoor,Airtel,4G,5,Satisfactory,23.327115,77.80718167,Madhya Pradesh,10,2021
Outdoor,Airtel,4G,4,Satisfactory,17.013031,79.4006271,Telangana,10,2021
Outdoor,Airtel,4G,5,Satisfactory,23.32744,77.80679,Madhya Pradesh,10,2021
Outdoor,Airtel,4G,5,Satisfactory,23.32744,77.80679,Madhya Pradesh,10,2021
Outdoor,Airtel,4G,5,Satisfactory,23.32744,77.80679,Madhya Pradesh,10,2021
Outdoor,Airtel,4G,5,Satisfactory,23.32744,77.80679,Madhya Pradesh,10,2021
Outdoor,Airtel,4G,5,Satisfactory,23.32744,77.80679,Madhya Pradesh,10,2021
Outdoor,Airtel,4G,5,Satisfactory,23.32744,77.80679,Madhya Pradesh,10,2021
Outdoor,Airtel,4G,5,Satisfactory,23.32744,77.80679,Madhya Pradesh,10,2021
Outdoor,Airtel,4G,5,Satisfactory,23.32744,77.80679,Madhya Pradesh,10,2021
Outdoor,Airtel,4G,5,Satisfactory,23.38043333,77.75955667,Madhya Pradesh,10,2021
Outdoor,Airtel,4G,5,Satisfactory,23.38043333,77.75955667,Madhya Pradesh,10,2021
Outdoor,Airtel,4G,5,Satisfactory,23.38043333,77.75955667,Madhya Pradesh,10,2021
Outdoor,Airtel,4G,5,Satisfactory,23.38043333,77.75955667,Madhya Pradesh,10,2021
Outdoor,Airtel,4G,5,Satisfactory,23.37954667,77.76848,Madhya Pradesh,10,2021
Outdoor,Airtel,4G,5,Satisfactory,23.37954667,77.76848,Madhya Pradesh,10,2021
Outdoor,Airtel,4G,5,Satisfactory,23.37954667,77.76848,Madhya Pradesh,10,2021
Outdoor,Airtel,4G,5,Satisfactory,23.32707167,77.80723667,Madhya Pradesh,10,2021
Outdoor,Airtel,4G,5,Satisfactory,23.32707167,77.80723667,Madhya Pradesh,10,2021
Outdoor,Airtel,4G,5,Satisfactory,23.32707167,77.80723667,Madhya Pradesh,10,2021
Outdoor,Airtel,4G,5,Satisfactory,23.32707167,77.80723667,Madhya Pradesh,10,2021
Outdoor,Airtel,4G,1,Poor Voice Quality,28.5387552,77.2743702,Delhi,10,2021
Outdoor,Airtel,4G,5,Satisfactory,23.29458833,77.68868667,Madhya Pradesh,10,2021
Outdoor,Airtel,4G,5,Satisfactory,23.37946333,77.768505,Madhya Pradesh,10,2021
Outdoor,Airtel,4G,5,Satisfactory,23.30626167,77.87196833,Madhya Pradesh,10,2021
Outdoor,Airtel,4G,5,Satisfactory,23.30626167,77.87196833,Madhya Pradesh,10,2021
Outdoor,Airtel,4G,5,Satisfactory,23.30626167,77.87196833,Madhya Pradesh,10,2021
Outdoor,Airtel,4G,5,Satisfactory,23.30626167,77.87196833,Madhya Pradesh,10,2021
Outdoor,Airtel,4G,5,Satisfactory,23.3514101,77.7721395,Madhya Pradesh,10,2021
Outdoor,Airtel,4G,5,Satisfactory,23.3270953,77.8072342,Madhya Pradesh,10,2021
Outdoor,Airtel,4G,5,Satisfactory,23.3729799,78.0190036,Madhya Pradesh,10,2021
Outdoor,Airtel,4G,5,Satisfactory,23.36605833,77.76562667,Madhya Pradesh,10,2021
Outdoor,Airtel,4G,5,Satisfactory,23.37974667,77.76894167,Madhya Pradesh,12,2021
Outdoor,Airtel,4G,2,Poor Voice Quality,28.6145023,77.12551621,Delhi,5,2021
Outdoor,Airtel,4G,5,Satisfactory,18.5748556,73.7694591,Maharashtra,6,2021
Outdoor,Airtel,4G,5,Satisfactory,18.574855,73.7694232,Maharashtra,6,2021
Outdoor,Airtel,4G,3,Satisfactory,28.61415301,77.12542962,Delhi,6,2021
Outdoor,Airtel,4G,5,Satisfactory,10.3029707,76.2231298,Kerala,6,2021
Outdoor,Airtel,4G,1,Poor Voice Quality,22.6526372,78.386178,Madhya Pradesh,9,2021
Outdoor,Airtel,4G,5,Satisfactory,26.77672897,80.94891326,Uttar Pradesh,1,2021
Outdoor,Airtel,4G,5,Satisfactory,28.4561909,77.081894,Haryana,1,2021
Outdoor,Airtel,4G,5,Satisfactory,26.84428747,80.88416229,Uttar Pradesh,1,2021
Outdoor,Airtel,4G,5,Satisfactory,23.04365197,72.51614294,Gujarat,1,2021
Outdoor,Airtel,4G,5,Satisfactory,10.3029805,76.2231381,Kerala,5,2021
Outdoor,Airtel,4G,1,Call Dropped,16.98588519,82.25023106,Andhra Pradesh,5,2021
Outdoor,Airtel,4G,2,Call Dropped,16.98588519,82.25023106,Andhra Pradesh,5,2021
Outdoor,Airtel,4G,5,Satisfactory,16.97926,82.2642708,Andhra Pradesh,5,2021
Outdoor,Airtel,4G,1,Poor Voice Quality,29.2994156,73.904119,Rajasthan,11,2021
Outdoor,Airtel,4G,5,Satisfactory,28.68168385,77.20122118,Delhi,11,2021
Outdoor,Airtel,4G,1,Poor Voice Quality,10.81926333,77.20736833,Tamil Nadu,7,2021
Outdoor,Airtel,4G,1,Call Dropped,26.58969773,85.4815292,Bihar,7,2021
Outdoor,Airtel,4G,1,Call Dropped,10.81601333,77.20863333,Tamil Nadu,7,2021
Outdoor,Airtel,4G,1,Call Dropped,10.81946167,77.20668833,Tamil Nadu,8,2021
Outdoor,Airtel,4G,1,Call Dropped,10.81946167,77.20668833,Tamil Nadu,8,2021
Outdoor,Airtel,4G,5,Satisfactory,10.30298388,76.2230681,Kerala,8,2021
Outdoor,Airtel,4G,1,Call Dropped,10.81924667,77.20731333,Tamil Nadu,8,2021
Outdoor,Airtel,4G,1,Call Dropped,10.81990333,77.20732167,Tamil Nadu,8,2021
Outdoor,Airtel,4G,1,Call Dropped,10.81986333,77.20683,Tamil Nadu,8,2021
Outdoor,Airtel,4G,5,Satisfactory,30.29736333,78.069835,Uttarakhand,8,2021
Outdoor,Airtel,4G,1,Call Dropped,10.82015667,77.20598667,Tamil Nadu,8,2021
Outdoor,Airtel,4G,1,Call Dropped,10.819115,77.20709333,Tamil Nadu,8,2021
Outdoor,Airtel,4G,1,Call Dropped,10.81938833,77.206855,Tamil Nadu,8,2021
Outdoor,Airtel,4G,1,Call Dropped,10.81952833,77.206855,Tamil Nadu,8,2021
Outdoor,Airtel,4G,1,Call Dropped,10.819535,77.206925,Tamil Nadu,8,2021
Outdoor,Airtel,4G,1,Call Dropped,10.81940833,77.20685333,Tamil Nadu,8,2021
Outdoor,Airtel,4G,1,Poor Voice Quality,10.81947,77.20689167,Tamil Nadu,8,2021
Outdoor,Airtel,4G,1,Call Dropped,10.81980167,77.20672,Tamil Nadu,8,2021
Outdoor,Airtel,4G,1,Call Dropped,10.81941833,77.20710333,Tamil Nadu,8,2021
Outdoor,Airtel,4G,1,Poor Voice Quality,17.729732,83.2955751,Andhra Pradesh,1,2021
Outdoor,Airtel,4G,5,Satisfactory,22.66001121,75.91141106,Madhya Pradesh,1,2021
Outdoor,Airtel,4G,1,Call Dropped,23.07365,87.48141833,West Bengal,1,2021
Outdoor,Airtel,4G,1,Poor Voice Quality,14.02792551,75.93151499,Karnataka,9,2021
Outdoor,Airtel,4G,4,Satisfactory,10.30298173,76.22311234,Kerala,9,2021
Outdoor,Airtel,4G,3,Poor Voice Quality,13.21367154,75.51057785,Karnataka,7,2021
Outdoor,Airtel,4G,2,Call Dropped,10.81959833,77.20687167,Tamil Nadu,7,2021
Outdoor,Airtel,4G,1,Call Dropped,10.81977167,77.20700833,Tamil Nadu,7,2021
Outdoor,Airtel,4G,1,Call Dropped,10.81963,77.20679833,Tamil Nadu,7,2021
Outdoor,Airtel,4G,1,Call Dropped,10.8196,77.20686,Tamil Nadu,7,2021
Outdoor,Airtel,4G,1,Poor Voice Quality,10.81957167,77.20686333,Tamil Nadu,7,2021
Outdoor,Airtel,4G,1,Poor Voice Quality,10.81555,77.20929833,Tamil Nadu,7,2021
Outdoor,Airtel,4G,1,Call Dropped,10.81938167,77.20714,Tamil Nadu,7,2021
Outdoor,Airtel,4G,1,Call Dropped,10.81958833,77.20705,Tamil Nadu,7,2021
Outdoor,Airtel,4G,1,Call Dropped,10.80907833,77.20287,Tamil Nadu,7,2021
Outdoor,Airtel,4G,1,Call Dropped,10.82043833,77.20605,Tamil Nadu,7,2021
Outdoor,Airtel,4G,1,Call Dropped,10.81954667,77.20660333,Tamil Nadu,7,2021
Outdoor,Airtel,4G,4,Satisfactory,28.50833167,77.03103333,Haryana,7,2021
Outdoor,Airtel,4G,1,Call Dropped,10.81966833,77.20685833,Tamil Nadu,7,2021
Outdoor,Airtel,4G,1,Call Dropped,10.81956333,77.206935,Tamil Nadu,7,2021
Outdoor,Airtel,4G,1,Call Dropped,10.81954667,77.20658,Tamil Nadu,7,2021
Outdoor,Airtel,4G,5,Satisfactory,10.30302377,76.22310122,Kerala,7,2021
Outdoor,Airtel,4G,5,Satisfactory,28.67023945,77.15035116,Delhi,11,2021
Outdoor,Airtel,4G,5,Satisfactory,23.32898333,77.80068167,Madhya Pradesh,11,2021
Outdoor,Airtel,4G,5,Satisfactory,23.38190333,77.77377833,Madhya Pradesh,11,2021
Outdoor,Airtel,4G,5,Satisfactory,23.37940667,77.76847,Madhya Pradesh,11,2021
Outdoor,Airtel,4G,5,Satisfactory,23.33023167,77.79315,Madhya Pradesh,11,2021
Outdoor,Airtel,4G,5,Satisfactory,23.35110167,77.77160167,Madhya Pradesh,11,2021
Outdoor,Airtel,4G,5,Satisfactory,23.29479333,77.68715833,Madhya Pradesh,11,2021
Outdoor,Airtel,4G,5,Satisfactory,23.29479333,77.68715833,Madhya Pradesh,11,2021
Outdoor,Airtel,4G,5,Satisfactory,23.37992167,77.77017833,Madhya Pradesh,11,2021
Outdoor,Airtel,4G,5,Satisfactory,23.3790535,77.7686315,Madhya Pradesh,11,2021
Outdoor,Airtel,4G,5,Satisfactory,23.32995333,77.78836833,Madhya Pradesh,11,2021
Outdoor,Airtel,4G,5,Satisfactory,23.32995333,77.78836833,Madhya Pradesh,11,2021
Outdoor,Airtel,4G,5,Satisfactory,23.37932667,77.76856667,Madhya Pradesh,11,2021
Outdoor,Airtel,4G,5,Satisfactory,23.37952167,77.76884167,Madhya Pradesh,11,2021
Outdoor,Airtel,4G,5,Satisfactory,23.37952167,77.76884167,Madhya Pradesh,11,2021
Outdoor,Airtel,4G,5,Satisfactory,23.33040833,77.790555,Madhya Pradesh,11,2021
Outdoor,Airtel,4G,5,Satisfactory,23.38003167,77.768485,Madhya Pradesh,11,2021
Outdoor,Airtel,4G,5,Satisfactory,23.38003167,77.768485,Madhya Pradesh,11,2021
Outdoor,Airtel,4G,1,Call Dropped,26.16419285,84.44007364,Bihar,11,2021
Outdoor,Airtel,4G,5,Satisfactory,23.32961333,77.79828833,Madhya Pradesh,11,2021
Outdoor,Airtel,4G,1,Poor Voice Quality,26.05167167,83.17927667,Uttar Pradesh,12,2021
Outdoor,Airtel,4G,5,Satisfactory,12.5959726,75.2645745,Karnataka,9,2021
Outdoor,Airtel,4G,1,Call Dropped,10.81953,77.207345,Tamil Nadu,7,2021
Outdoor,Airtel,4G,1,Call Dropped,10.81925667,77.20733333,Tamil Nadu,8,2021
Outdoor,Airtel,4G,1,Call Dropped,10.81949833,77.20685167,Tamil Nadu,8,2021
Outdoor,Airtel,4G,1,Call Dropped,10.8195,77.20718833,Tamil Nadu,8,2021
Outdoor,Airtel,4G,1,Call Dropped,10.81897,77.207185,Tamil Nadu,8,2021
Outdoor,Airtel,4G,4,Satisfactory,24.8528925,87.7704818,West Bengal,7,2021
Outdoor,Airtel,4G,1,Poor Voice Quality,10.81536,77.20919,Tamil Nadu,7,2021
Outdoor,Airtel,4G,1,Call Dropped,10.81535167,77.20915833,Tamil Nadu,7,2021
Outdoor,Airtel,4G,1,Call Dropped,10.81963167,77.20681667,Tamil Nadu,7,2021
Outdoor,Airtel,4G,1,Call Dropped,10.81977333,77.206535,Tamil Nadu,7,2021
Outdoor,Airtel,4G,1,Call Dropped,10.819785,77.20665833,Tamil Nadu,7,2021
Outdoor,Airtel,4G,1,Poor Voice Quality,10.81952333,77.20714,Tamil Nadu,7,2021
Outdoor,Airtel,4G,3,Satisfactory,10.7687479,79.845052,Tamil Nadu,7,2021
Outdoor,Airtel,4G,1,Call Dropped,10.819595,77.20689,Tamil Nadu,7,2021
Outdoor,Airtel,4G,1,Call Dropped,10.819845,77.20706333,Tamil Nadu,7,2021
Outdoor,Airtel,4G,1,Call Dropped,10.81565,77.20902667,Tamil Nadu,7,2021
Outdoor,Airtel,4G,5,Satisfactory,10.30299058,76.22310839,Kerala,7,2021
Outdoor,Airtel,4G,5,Satisfactory,28.22507858,77.14072767,Haryana,6,2021
Outdoor,Airtel,4G,5,Satisfactory,10.30294535,76.2231707,Kerala,6,2021
Outdoor,Airtel,4G,5,Satisfactory,12.9082762,77.47697901,Karnataka,2,2021
Outdoor,Airtel,4G,5,Satisfactory,16.5444047,81.5236625,Andhra Pradesh,3,2021
Outdoor,Airtel,4G,5,Satisfactory,16.5444139,81.5236688,Andhra Pradesh,3,2021
Outdoor,Airtel,4G,5,Satisfactory,16.5444038,81.5236697,Andhra Pradesh,3,2021
Outdoor,Airtel,4G,4,Satisfactory,24.08886333,88.25571667,West Bengal,3,2021
Outdoor,Airtel,4G,4,Satisfactory,22.7536417,86.2087023,Jharkhand,3,2021
Outdoor,Airtel,4G,5,Satisfactory,16.5444056,81.5236641,Andhra Pradesh,3,2021
Outdoor,Airtel,4G,4,Satisfactory,17.14961735,79.62251151,Telangana,2,2021
Outdoor,Airtel,4G,4,Satisfactory,16.88419607,79.69190507,Telangana,2,2021
Outdoor,Airtel,4G,1,Poor Voice Quality,16.88405363,79.69185875,Telangana,2,2021
Outdoor,Airtel,4G,4,Satisfactory,16.88405363,79.69185875,Telangana,2,2021
Outdoor,Airtel,4G,5,Satisfactory,12.96439741,77.57225937,Karnataka,2,2021
Outdoor,Airtel,4G,1,Poor Voice Quality,12.2981044,76.6970326,Karnataka,1,2021
Outdoor,Airtel,4G,1,Poor Voice Quality,12.2981044,76.6970326,Karnataka,1,2021
Outdoor,Airtel,4G,5,Satisfactory,22.65757642,75.90462396,Madhya Pradesh,1,2021
Outdoor,Airtel,4G,3,Satisfactory,24.09926167,88.25628667,West Bengal,1,2021
Outdoor,Airtel,4G,4,Satisfactory,14.42758707,78.83004634,Andhra Pradesh,1,2021
Outdoor,Airtel,4G,5,Satisfactory,22.65770809,75.90461144,Madhya Pradesh,1,2021
Outdoor,Airtel,4G,5,Satisfactory,21.2362751,72.7893716,Gujarat,1,2021
Outdoor,Airtel,4G,5,Satisfactory,21.2088351,72.7810763,Gujarat,1,2021
Outdoor,Airtel,4G,3,Satisfactory,23.0273924,72.54518632,Gujarat,1,2021
Outdoor,Airtel,4G,5,Satisfactory,26.10384667,80.35741167,Uttar Pradesh,1,2021
Outdoor,Airtel,4G,5,Satisfactory,26.10391,80.35743667,Uttar Pradesh,1,2021
Outdoor,Airtel,4G,5,Satisfactory,22.65758579,75.90464809,Madhya Pradesh,1,2021
Outdoor,Airtel,4G,5,Satisfactory,31.26772333,76.35035667,Himachal Pradesh,1,2021
Outdoor,Airtel,4G,5,Satisfactory,10.30316857,76.22306599,Kerala,6,2021
Outdoor,Airtel,4G,1,Poor Voice Quality,16.9738385,82.26655475,Andhra Pradesh,5,2021
Outdoor,Airtel,4G,4,Satisfactory,16.88399365,79.69178035,Telangana,5,2021
Outdoor,Airtel,4G,5,Satisfactory,22.7091526,75.8904744,Madhya Pradesh,1,2021
Outdoor,Airtel,4G,5,Satisfactory,22.7091526,75.8904744,Madhya Pradesh,1,2021
Outdoor,Airtel,4G,4,Satisfactory,22.75321,86.20965667,Jharkhand,4,2021
Outdoor,Airtel,4G,2,Call Dropped,13.21329202,75.5108206,Karnataka,3,2021
Outdoor,Airtel,4G,5,Satisfactory,16.54445396,81.52373802,Andhra Pradesh,3,2021
Outdoor,Airtel,4G,4,Satisfactory,16.54443568,81.52366406,Andhra Pradesh,3,2021
Outdoor,Airtel,4G,5,Satisfactory,23.11989065,72.50689675,Gujarat,3,2021
Outdoor,Airtel,4G,4,Satisfactory,22.75435167,86.21066333,Jharkhand,4,2021
Outdoor,Airtel,4G,1,Poor Voice Quality,16.54439573,81.5234129,Andhra Pradesh,4,2021
Outdoor,Airtel,4G,4,Satisfactory,22.75466333,86.21065333,Jharkhand,4,2021
Outdoor,Airtel,4G,4,Satisfactory,22.7536867,86.2106084,Jharkhand,4,2021
Outdoor,Airtel,4G,4,Satisfactory,22.7532301,86.2095801,Jharkhand,4,2021
Outdoor,Airtel,4G,4,Satisfactory,22.7514557,86.2106084,Jharkhand,4,2021
Outdoor,Airtel,4G,3,Poor Voice Quality,24.74786,87.824505,West Bengal,4,2021
Outdoor,Airtel,4G,4,Satisfactory,22.75404,86.21073667,Jharkhand,4,2021
Outdoor,Airtel,4G,5,Satisfactory,16.54463915,81.52359609,Andhra Pradesh,3,2021
Outdoor,Airtel,4G,5,Satisfactory,16.5445148,81.5235708,Andhra Pradesh,3,2021
Outdoor,Airtel,4G,1,Poor Voice Quality,26.9528158,75.744132,Rajasthan,3,2021
Outdoor,Airtel,4G,4,Satisfactory,13.6257026,79.4308293,Andhra Pradesh,3,2021
Outdoor,Airtel,4G,1,Poor Voice Quality,26.9132476,75.78689946,Rajasthan,3,2021
Outdoor,Airtel,4G,4,Satisfactory,24.08749333,88.26138333,West Bengal,3,2021
Outdoor,Airtel,4G,4,Satisfactory,18.4439841,79.12674287,Telangana,2,2021
Outdoor,Airtel,4G,5,Satisfactory,13.21326299,75.51083782,Karnataka,2,2021
Outdoor,Airtel,4G,3,Call Dropped,13.2113674,75.4958219,Karnataka,2,2021
Outdoor,Airtel,4G,1,Poor Voice Quality,26.9050615,75.7968586,Rajasthan,2,2021
Outdoor,Airtel,4G,4,Satisfactory,24.08866333,88.25498167,West Bengal,2,2021
Outdoor,Airtel,4G,1,Poor Voice Quality,26.92614885,75.79037751,Rajasthan,2,2021
Outdoor,Airtel,4G,1,Poor Voice Quality,26.9272056,75.7904593,Rajasthan,2,2021
Outdoor,Airtel,4G,4,Satisfactory,14.4697639,78.8435847,Andhra Pradesh,2,2021
Outdoor,Airtel,4G,4,Satisfactory,22.74926667,86.21023833,Jharkhand,4,2021
Outdoor,Airtel,4G,4,Satisfactory,22.75335167,86.209485,Jharkhand,4,2021
Outdoor,Airtel,4G,4,Satisfactory,22.75335167,86.209485,Jharkhand,4,2021
Outdoor,Airtel,4G,4,Satisfactory,24.10999333,88.24887167,West Bengal,4,2021
Outdoor,Airtel,4G,4,Satisfactory,22.75454,86.21075833,Jharkhand,4,2021
Outdoor,Airtel,4G,4,Satisfactory,24.085705,88.24374667,West Bengal,4,2021
Outdoor,Airtel,4G,4,Satisfactory,22.7536417,86.2087023,Jharkhand,4,2021
Outdoor,Airtel,4G,4,Satisfactory,22.75186167,86.21228167,Jharkhand,4,2021
Outdoor,Airtel,4G,4,Satisfactory,22.75249667,86.210255,Jharkhand,4,2021
Outdoor,Airtel,4G,2,Poor Voice Quality,28.1945275,76.8415986,Rajasthan,6,2021
Outdoor,Airtel,4G,5,Satisfactory,12.91892521,77.66906847,Karnataka,6,2021
Outdoor,Airtel,4G,4,Satisfactory,16.88415531,79.69184744,Telangana,6,2021
Outdoor,Airtel,4G,1,Poor Voice Quality,26.9350328,75.7920577,Rajasthan,3,2021
Outdoor,Airtel,4G,1,Poor Voice Quality,26.92627092,75.8112057,Rajasthan,3,2021
Outdoor,Airtel,4G,4,Satisfactory,13.21328879,75.51074685,Karnataka,3,2021
Outdoor,Airtel,4G,4,Satisfactory,22.65537167,88.38285333,West Bengal,3,2021
Outdoor,Airtel,4G,4,Satisfactory,22.65537167,88.38285333,West Bengal,3,2021
Outdoor,Airtel,4G,1,Poor Voice Quality,26.920023,75.7965981,Rajasthan,2,2021
Outdoor,Airtel,4G,5,Satisfactory,22.9341703,76.0143212,Madhya Pradesh,2,2021
Outdoor,Airtel,4G,4,Satisfactory,24.09325667,88.25134,West Bengal,2,2021
Outdoor,Airtel,4G,4,Satisfactory,24.08880833,88.25589167,West Bengal,2,2021
Outdoor,Airtel,4G,4,Satisfactory,24.09076333,88.25555,West Bengal,2,2021
Outdoor,Airtel,4G,4,Satisfactory,24.08863667,88.255235,West Bengal,2,2021
Outdoor,Airtel,4G,5,Satisfactory,31.6062491,74.9045295,Punjab,2,2021
Outdoor,Airtel,4G,5,Satisfactory,13.2113674,75.4958219,Karnataka,2,2021
Outdoor,Airtel,4G,5,Satisfactory,10.3030783,76.22311037,Kerala,3,2021
Outdoor,Airtel,4G,4,Satisfactory,13.2113674,75.4958219,Karnataka,3,2021
Outdoor,Airtel,4G,1,Poor Voice Quality,26.91709763,75.7944565,Rajasthan,3,2021
Outdoor,Airtel,4G,1,Poor Voice Quality,26.9528126,75.74413,Rajasthan,3,2021
Outdoor,Airtel,4G,1,Poor Voice Quality,26.72086418,88.42497932,West Bengal,1,2021
Outdoor,Airtel,4G,5,Satisfactory,18.0933979,74.56141149,Maharashtra,1,2021
Outdoor,Airtel,4G,4,Satisfactory,18.09284816,74.56154101,Maharashtra,1,2021
Outdoor,Airtel,4G,5,Satisfactory,28.38132841,77.31794899,Haryana,1,2021
Outdoor,Airtel,4G,5,Satisfactory,28.38210235,77.32643567,Haryana,1,2021
Outdoor,Airtel,4G,5,Satisfactory,24.17328833,72.43423167,Gujarat,1,2021
Outdoor,Airtel,4G,5,Satisfactory,23.10204167,72.60387667,Gujarat,1,2021
Outdoor,Airtel,4G,5,Satisfactory,22.6720849,75.4791083,Madhya Pradesh,2,2021
Outdoor,Airtel,4G,5,Satisfactory,22.6720849,75.4791083,Madhya Pradesh,2,2021
Outdoor,Airtel,4G,3,Satisfactory,32.38997316,75.52061072,Jammu and Kashmir,2,2022
Outdoor,Airtel,4G,5,Satisfactory,10.3029854,76.2231564,Kerala,2,2022
Outdoor,Airtel,4G,5,Satisfactory,28.56439759,77.05467694,Delhi,1,2022
Outdoor,Airtel,4G,4,Satisfactory,10.3029808,76.2231175,Kerala,4,2022
Outdoor,Airtel,4G,1,Call Dropped,18.76522,73.35296,Maharashtra,4,2022
Outdoor,Airtel,4G,1,Poor Voice Quality,13.9384752,75.5465566,Karnataka,4,2022
Outdoor,Airtel,4G,1,Poor Voice Quality,26.158721,91.7598615,Assam,7,2022
Outdoor,Airtel,4G,5,Satisfactory,25.28291678,86.74139834,Bihar,7,2022
Outdoor,Airtel,4G,1,Poor Voice Quality,27.2921205,94.1224332,Assam,7,2022
Outdoor,Airtel,4G,1,Call Dropped,18.79066167,73.356815,Maharashtra,1,2022
Outdoor,Airtel,4G,1,Poor Voice Quality,19.2099012,72.9740797,Maharashtra,10,2022
Outdoor,Airtel,4G,2,Call Dropped,19.22061,72.842765,Maharashtra,10,2022
Outdoor,Airtel,4G,3,Satisfactory,30.11538936,78.28190716,Uttarakhand,10,2022
Outdoor,Airtel,4G,1,Poor Voice Quality,19.2138633,72.8282928,Maharashtra,10,2022
Outdoor,Airtel,4G,3,Satisfactory,19.2206188,72.8429711,Maharashtra,10,2022
Outdoor,Airtel,4G,3,Satisfactory,23.3798855,85.3101205,Jharkhand,10,2022
Outdoor,Airtel,4G,5,Satisfactory,23.3475187,85.3225067,Jharkhand,10,2022
Outdoor,Airtel,4G,1,Poor Voice Quality,10.81887167,77.20679833,Tamil Nadu,10,2022
Outdoor,Airtel,4G,1,Poor Voice Quality,10.81556,77.20900667,Tamil Nadu,10,2022
Outdoor,Airtel,4G,1,Poor Voice Quality,10.81556,77.20900667,Tamil Nadu,10,2022
Outdoor,Airtel,4G,1,Poor Voice Quality,10.82037333,77.205905,Tamil Nadu,10,2022
Outdoor,Airtel,4G,5,Satisfactory,12.95837073,77.49800202,Karnataka,10,2022
Outdoor,Airtel,4G,3,Satisfactory,30.10487548,78.28759898,Uttarakhand,10,2022
Outdoor,Airtel,4G,3,Satisfactory,30.11576493,78.28157966,Uttarakhand,10,2022
Outdoor,Airtel,4G,1,Poor Voice Quality,30.11576493,78.28157966,Uttarakhand,10,2022
Outdoor,Airtel,4G,2,Poor Voice Quality,19.1833878,72.8451453,Maharashtra,10,2022
Outdoor,Airtel,4G,2,Poor Voice Quality,19.22065921,72.84188122,Maharashtra,10,2022
Outdoor,Airtel,4G,1,Poor Voice Quality,19.16559884,72.83481209,Maharashtra,10,2022
Outdoor,Airtel,4G,3,Satisfactory,30.10491522,78.28764242,Uttarakhand,10,2022
Outdoor,Airtel,4G,3,Satisfactory,30.1048027,78.2876383,Uttarakhand,10,2022
Outdoor,Airtel,4G,5,Satisfactory,15.89145333,76.48582833,Karnataka,8,2022
Outdoor,Airtel,4G,5,Satisfactory,15.891265,76.48576333,Karnataka,8,2022
Outdoor,Airtel,4G,3,Satisfactory,30.11597549,78.28117077,Uttarakhand,9,2022
Outdoor,Airtel,4G,1,Poor Voice Quality,21.17907401,72.80382012,Gujarat,9,2022
Outdoor,Airtel,4G,3,Satisfactory,30.20616416,78.12555857,Uttarakhand,11,2022
Outdoor,Airtel,4G,3,Satisfactory,30.1106377,78.2972996,Uttarakhand,11,2022
Outdoor,Airtel,4G,3,Satisfactory,30.10491522,78.28764242,Uttarakhand,11,2022
Outdoor,Airtel,4G,1,Poor Voice Quality,19.23054029,72.84622583,Maharashtra,11,2022
Outdoor,Airtel,4G,1,Poor Voice Quality,30.11538936,78.28190716,Uttarakhand,12,2022
Outdoor,Airtel,4G,3,Satisfactory,30.11538936,78.28190716,Uttarakhand,12,2022
Outdoor,Airtel,4G,1,Call Dropped,19.2206684,72.8427782,Maharashtra,12,2022
Outdoor,Airtel,4G,1,Poor Voice Quality,19.2153447,72.83840505,Maharashtra,12,2022
Outdoor,Airtel,4G,1,Poor Voice Quality,25.13525929,83.66393566,Bihar,12,2022
Outdoor,Airtel,4G,1,Poor Voice Quality,10.81556,77.20900667,Tamil Nadu,12,2022
Outdoor,Airtel,4G,1,Poor Voice Quality,10.81556,77.20900667,Tamil Nadu,12,2022
Outdoor,Airtel,4G,1,Poor Voice Quality,10.81911167,77.20675333,Tamil Nadu,12,2022
Outdoor,Airtel,4G,3,Satisfactory,30.10482152,78.28758545,Uttarakhand,1,2023
Outdoor,Airtel,4G,1,Poor Voice Quality,30.10454836,78.28766611,Uttarakhand,1,2023
Outdoor,Airtel,4G,1,Poor Voice Quality,30.1047947,78.2876761,Uttarakhand,1,2023
Outdoor,Airtel,4G,3,Satisfactory,30.10484772,78.28763594,Uttarakhand,1,2023
Outdoor,Airtel,4G,5,Satisfactory,23.37993849,85.30996376,Jharkhand,1,2023
Outdoor,Airtel,4G,1,Call Dropped,12.99157597,77.68723513,Karnataka,1,2023
Outdoor,Airtel,4G,3,Satisfactory,30.10465906,78.28754201,Uttarakhand,1,2023
Outdoor,Airtel,4G,3,Satisfactory,30.10566842,78.2975683,Uttarakhand,1,2023
Outdoor,Airtel,4G,5,Satisfactory,23.37979835,85.30964368,Jharkhand,10,2022
Outdoor,Airtel,4G,3,Satisfactory,30.10484772,78.28763594,Uttarakhand,10,2022
Outdoor,Airtel,4G,5,Satisfactory,23.37978191,85.31012807,Jharkhand,10,2022
Outdoor,Airtel,4G,1,Call Dropped,12.99157597,77.68723513,Karnataka,10,2022
Outdoor,Airtel,4G,3,Satisfactory,23.3798725,85.3101207,Jharkhand,10,2022
Outdoor,Airtel,4G,3,Satisfactory,30.11100541,78.2958657,Uttarakhand,10,2022
Outdoor,Airtel,4G,3,Satisfactory,30.10465906,78.28754201,Uttarakhand,10,2022
Outdoor,Airtel,4G,3,Satisfactory,30.10566842,78.2975683,Uttarakhand,10,2022
Outdoor,Airtel,4G,3,Satisfactory,30.10566842,78.2975683,Uttarakhand,10,2022
Outdoor,Airtel,4G,5,Satisfactory,28.6617449,77.2661608,Delhi,3,2023
Outdoor,Airtel,4G,5,Satisfactory,12.9566399,77.48961152,Karnataka,3,2023
Outdoor,Airtel,4G,5,Satisfactory,10.71930884,76.60141348,Kerala,3,2023
Outdoor,Airtel,4G,5,Satisfactory,10.64993636,76.59039537,Kerala,3,2023
Outdoor,Airtel,4G,5,Satisfactory,10.77660795,76.36454787,Kerala,3,2023
Outdoor,Airtel,4G,5,Satisfactory,10.68560845,76.42033996,Kerala,3,2023
Outdoor,Airtel,4G,5,Satisfactory,10.67607534,76.42557181,Kerala,3,2023
Outdoor,Airtel,4G,5,Satisfactory,10.69029956,76.42145548,Kerala,3,2023
Outdoor,Airtel,4G,5,Satisfactory,10.61034379,76.72890546,Kerala,3,2023
Outdoor,Airtel,4G,5,Satisfactory,10.61156188,76.72835508,Kerala,3,2023
Outdoor,Airtel,4G,5,Satisfactory,10.66085409,76.58936947,Kerala,3,2023
Outdoor,Airtel,4G,5,Satisfactory,10.66077633,76.58940985,Kerala,3,2023
Outdoor,Airtel,4G,5,Satisfactory,10.6684957,76.61183377,Kerala,3,2023
Outdoor,Airtel,4G,5,Satisfactory,10.63943229,76.60379221,Kerala,3,2023
Outdoor,Airtel,4G,5,Satisfactory,10.66954263,76.61031413,Kerala,3,2023
Outdoor,Airtel,4G,5,Satisfactory,10.63202017,76.60145279,Kerala,3,2023
Outdoor,Airtel,4G,5,Satisfactory,10.74963526,76.57931193,Kerala,3,2023
Outdoor,Airtel,4G,5,Satisfactory,10.74964759,76.579248,Kerala,3,2023
Outdoor,Airtel,4G,5,Satisfactory,10.76751997,76.55446404,Kerala,3,2023
Outdoor,Airtel,4G,5,Satisfactory,13.0717392,77.5593067,Karnataka,3,2023
Outdoor,Airtel,4G,1,Poor Voice Quality,29.94220175,77.55310223,Uttar Pradesh,3,2023
Outdoor,Airtel,4G,4,Satisfactory,13.02415667,77.59182667,Karnataka,7,2023
Outdoor,Airtel,4G,5,Satisfactory,12.82782477,77.65633491,Karnataka,4,2023
Outdoor,Airtel,4G,4,Satisfactory,18.0111593,81.7070655,Chhattisgarh,8,2023
Outdoor,Airtel,4G,3,Satisfactory,25.6079007,85.1138365,Bihar,8,2023
Outdoor,Airtel,4G,4,Satisfactory,13.0276278,77.6060044,Karnataka,8,2023
Outdoor,Airtel,4G,3,Satisfactory,30.1047864,78.2876561,Uttarakhand,9,2023
Outdoor,Airtel,4G,3,Satisfactory,30.1048003,78.2876507,Uttarakhand,9,2023
Outdoor,Airtel,4G,1,Poor Voice Quality,13.02095167,77.71645667,Karnataka,11,2023
Outdoor,Airtel,4G,3,Satisfactory,30.10489412,78.28764122,Uttarakhand,11,2023
Outdoor,Airtel,4G,1,Poor Voice Quality,13.02110667,77.71643833,Karnataka,11,2023
Outdoor,Airtel,4G,1,Poor Voice Quality,13.021065,77.716385,Karnataka,11,2023
Outdoor,Airtel,4G,3,Satisfactory,30.3362072,77.96570819,Uttarakhand,11,2023
Outdoor,Airtel,4G,1,Poor Voice Quality,30.10429715,78.28905184,Uttarakhand,11,2023
Outdoor,Airtel,4G,1,Poor Voice Quality,30.10484763,78.28765515,Uttarakhand,11,2023
Outdoor,Airtel,4G,1,Poor Voice Quality,30.18865806,78.19134155,Uttarakhand,10,2023
Outdoor,Airtel,4G,5,Satisfactory,20.57661667,84.41476,Odisha,3,2024
Outdoor,Airtel,4G,3,Satisfactory,30.11553956,78.28203693,Uttarakhand,12,2023
Outdoor,Airtel,4G,3,Satisfactory,30.11553956,78.28203693,Uttarakhand,12,2023
Outdoor,Airtel,4G,3,Satisfactory,30.1048328,78.287661,Uttarakhand,12,2023
Outdoor,Airtel,4G,3,Satisfactory,18.12914601,78.51693239,Telangana,12,2023
Outdoor,Airtel,4G,3,Poor Voice Quality,12.907675,77.69375667,Karnataka,2,2024
Outdoor,Airtel,4G,1,Poor Voice Quality,30.9262102,74.6194623,Punjab,1,2025
Outdoor,Airtel,4G,1,Poor Voice Quality,27.8923829,78.0860108,Uttar Pradesh,10,2024
Outdoor,Airtel,4G,1,Call Dropped,12.9998084,79.8568465,Tamil Nadu,10,2024
Outdoor,Airtel,4G,5,Satisfactory,23.016491,88.367177,West Bengal,9,2024
Outdoor,Airtel,4G,1,Call Dropped,26.26429228,88.28688261,West Bengal,1,2025
Outdoor,Airtel,4G,1,Call Dropped,26.466061666666665,86.50120333333334,Bihar,1,2025
Outdoor,Airtel,4G,2,Call Dropped,30.9262126,74.6194625,Punjab,1,2025
Outdoor,Airtel,4G,2,Poor Voice Quality,26.29004929,88.33397975,West Bengal,1,2025
Outdoor,Airtel,4G,2,Poor Voice Quality,26.29004929,88.33397975,West Bengal,1,2025
Outdoor,Airtel,4G,5,Satisfactory,26.48092571,80.27727334,Uttar Pradesh,1,2025
Outdoor,Airtel,4G,1,Poor Voice Quality,27.0317394,83.5997508,Uttar Pradesh,12,2024
Outdoor,Airtel,4G,4,Satisfactory,21.1233555,79.0679871,Maharashtra,12,2024
Outdoor,Airtel,4G,3,Satisfactory,26.424200325272977,73.63874000497162,Rajasthan,1,2025
Outdoor,Airtel,4G,5,Satisfactory,21.75441269,87.60444895,West Bengal,1,2025
Outdoor,Airtel,4G,1,Poor Voice Quality,26.466138333333333,86.50111666666665,Bihar,1,2025
Outdoor,Airtel,4G,2,Call Dropped,23.16063,79.93397333333334,Madhya Pradesh,1,2025
Outdoor,Airtel,4G,2,Poor Voice Quality,23.16063,79.93397333333334,Madhya Pradesh,1,2025
Outdoor,Airtel,4G,1,Poor Voice Quality,26.06072099,84.46069635,Bihar,1,2025
Outdoor,Airtel,4G,1,Poor Voice Quality,31.920265490189195,74.99165512,Punjab,1,2025
Outdoor,Airtel,4G,1,Call Dropped,26.1749,86.99506500000001,Bihar,1,2025
Outdoor,Airtel,4G,1,Poor Voice Quality,25.84481455385685,85.13569886796176,Bihar,1,2025
Outdoor,Airtel,4G,1,Poor Voice Quality,15.0461127,77.815821,Andhra Pradesh,1,2025
Outdoor,Airtel,4G,1,Poor Voice Quality,30.897736293263733,76.08546422794461,Punjab,1,2025
Outdoor,Airtel,4G,1,Poor Voice Quality,15.25921593,77.46933496,Andhra Pradesh,1,2025
Outdoor,Airtel,4G,1,Poor Voice Quality,30.04220666666667,76.716825,Haryana,1,2025
Outdoor,Airtel,4G,2,Poor Voice Quality,21.12175,79.09084666666666,Maharashtra,2,2025
Outdoor,Airtel,4G,1,Poor Voice Quality,25.4219868,82.1742525,Uttar Pradesh,2,2025
Outdoor,Airtel,4G,1,Poor Voice Quality,25.48230131,82.17989913,Uttar Pradesh,2,2025
Outdoor,Airtel,4G,4,Satisfactory,21.11694,79.09233666666667,Maharashtra,2,2025
Outdoor,Airtel,4G,1,Poor Voice Quality,25.96464735455811,80.17946938052773,Uttar Pradesh,2,2025
Outdoor,Airtel,4G,5,Satisfactory,26.77124724,80.90104023,Uttar Pradesh,1,2025
Outdoor,Airtel,4G,2,Poor Voice Quality,30.92096833333333,74.97788999999999,Punjab,2,2025
Outdoor,Airtel,4G,3,Satisfactory,30.913310000000003,74.96669,Punjab,2,2025
Outdoor,Airtel,4G,5,Satisfactory,28.6155153,77.2734956,Delhi,2,2025
Outdoor,Airtel,4G,1,Poor Voice Quality,12.9973181,77.6967431,Karnataka,2,2025
Outdoor,Airtel,4G,4,Satisfactory,19.36361869,73.1707843,Maharashtra,2,2025
Outdoor,Airtel,4G,4,Satisfactory,21.121766666666662,79.09094499999999,Maharashtra,2,2025
Outdoor,Airtel,4G,3,Call Dropped,25.654851666666666,86.32881666666665,Bihar,2,2025
Outdoor,Airtel,4G,2,Poor Voice Quality,29.181418333333333,78.13584833333333,Uttar Pradesh,2,2025
Outdoor,Airtel,4G,1,Poor Voice Quality,25.433215205557644,81.87741883099079,Uttar Pradesh,2,2025
Outdoor,Airtel,4G,1,Poor Voice Quality,25.433215205557644,81.87741883099079,Uttar Pradesh,2,2025
Outdoor,Airtel,4G,1,Poor Voice Quality,18.99552333333333,75.75711666666666,Maharashtra,2,2025
Outdoor,Airtel,4G,3,Call Dropped,22.99308062,72.62750444,Gujarat,2,2025
Outdoor,Airtel,4G,1,Poor Voice Quality,15.760583333333331,76.75451666666666,Karnataka,2,2025
Outdoor,Airtel,4G,1,Poor Voice Quality,15.760583333333331,76.75451666666666,Karnataka,2,2025
Outdoor,Airtel,4G,5,Satisfactory,30.838481666666667,76.18014166666667,Punjab,2,2025
Outdoor,Airtel,4G,5,Satisfactory,30.378615,75.53465833333333,Punjab,1,2025
Outdoor,Airtel,4G,5,Satisfactory,26.12489509,85.89894767,Bihar,1,2025
Outdoor,Airtel,4G,1,Poor Voice Quality,30.928791666666665,75.84123166666667,Punjab,3,2025
Outdoor,Airtel,4G,5,Satisfactory,12.9646173,80.1592898,Tamil Nadu,3,2025
Outdoor,Airtel,4G,5,Satisfactory,16.87642027,81.51570358,Andhra Pradesh,3,2025
Outdoor,Airtel,4G,5,Satisfactory,12.964512552134693,80.15974148,Tamil Nadu,3,2025
Outdoor,Airtel,4G,5,Satisfactory,18.69093756,74.71033709,Maharashtra,7,2025
Outdoor,Airtel,4G,4,Satisfactory,22.7525712,86.2106084,Jharkhand,4,2021
Outdoor,Airtel,4G,4,Satisfactory,22.76802667,86.20042167,Jharkhand,4,2021
Outdoor,Airtel,4G,4,Satisfactory,22.74926667,86.21023833,Jharkhand,4,2021
Outdoor,Airtel,4G,4,Satisfactory,22.74926667,86.21023833,Jharkhand,4,2021
Outdoor,Airtel,4G,4,Satisfactory,22.75335167,86.209485,Jharkhand,4,2021
Outdoor,Airtel,4G,4,Satisfactory,22.75335167,86.209485,Jharkhand,4,2021
Outdoor,Airtel,4G,4,Satisfactory,22.75082167,86.210575,Jharkhand,4,2021
Outdoor,Airtel,4G,4,Satisfactory,22.75186167,86.21228167,Jharkhand,4,2021
Outdoor,Airtel,4G,4,Satisfactory,22.75234833,86.21065167,Jharkhand,4,2021
Outdoor,Airtel,4G,4,Satisfactory,22.7519,86.21015667,Jharkhand,4,2021
Outdoor,Airtel,4G,4,Satisfactory,22.752785,86.210535,Jharkhand,4,2021
Outdoor,Airtel,4G,2,Poor Voice Quality,24.9920871,93.8967055,Manipur,4,2021
Outdoor,Airtel,4G,1,Poor Voice Quality,26.1540133,75.7780787,Rajasthan,4,2021
Outdoor,Airtel,4G,4,Satisfactory,22.751135,86.20665,Jharkhand,4,2021
Outdoor,Airtel,4G,1,Call Dropped,26.1540695,75.7780816,Rajasthan,4,2021
Outdoor,Airtel,4G,3,Satisfactory,28.61450081,77.12507756,Delhi,4,2021
Outdoor,Airtel,4G,2,Poor Voice Quality,28.61450081,77.12507756,Delhi,4,2021
Outdoor,Airtel,4G,4,Satisfactory,22.752225,86.211195,Jharkhand,4,2021
Outdoor,Airtel,4G,3,Satisfactory,28.63873164,77.23624968,Delhi,4,2021
Outdoor,Airtel,4G,3,Satisfactory,16.88451173,79.69270342,Telangana,4,2021
Outdoor,Airtel,4G,4,Satisfactory,22.75353667,86.20952,Jharkhand,4,2021
Outdoor,Airtel,4G,4,Satisfactory,22.7540894,86.2107689,Jharkhand,4,2021
Outdoor,Airtel,4G,4,Satisfactory,22.7504941,86.2064164,Jharkhand,4,2021
Outdoor,Airtel,4G,1,Call Dropped,26.1549101,75.7798829,Rajasthan,4,2021
Outdoor,Airtel,4G,3,Satisfactory,16.88223625,79.69769044,Telangana,4,2021
Outdoor,Airtel,4G,4,Satisfactory,16.88223625,79.69769044,Telangana,4,2021
Outdoor,Airtel,4G,5,Satisfactory,23.0580829,72.6224357,Gujarat,1,2021
Outdoor,Airtel,4G,1,Poor Voice Quality,26.9462777,75.7440737,Rajasthan,2,2021
Outdoor,Airtel,4G,4,Satisfactory,22.753165,86.20956,Jharkhand,4,2021
Outdoor,Airtel,4G,4,Satisfactory,16.88729084,79.69240039,Telangana,4,2021
Outdoor,Airtel,4G,4,Satisfactory,23.95150833,88.04304167,West Bengal,4,2021
Outdoor,Airtel,4G,4,Satisfactory,22.75320333,86.20963667,Jharkhand,4,2021
Outdoor,Airtel,4G,4,Satisfactory,22.754475,86.21064167,Jharkhand,4,2021
Outdoor,Airtel,4G,4,Satisfactory,22.7532187,86.2095803,Jharkhand,4,2021
Outdoor,Airtel,4G,3,Poor Voice Quality,24.73974667,87.82414833,Jharkhand,3,2021
Outdoor,Airtel,4G,4,Satisfactory,22.7531,86.20947,Jharkhand,3,2021
Outdoor,Airtel,4G,4,Satisfactory,22.7531,86.20947,Jharkhand,3,2021
Outdoor,Airtel,4G,5,Satisfactory,23.04554,72.5159657,Gujarat,1,2021
Outdoor,Airtel,4G,5,Satisfactory,23.04400538,72.5207393,Gujarat,1,2021
Outdoor,Airtel,4G,5,Satisfactory,23.0663264,72.5278118,Gujarat,1,2021
Outdoor,Airtel,4G,2,Poor Voice Quality,28.61438122,77.12539822,Delhi,4,2021
Outdoor,Airtel,4G,4,Satisfactory,22.7532005,86.2095739,Jharkhand,4,2021
Outdoor,Airtel,4G,4,Satisfactory,22.7532275,86.2095672,Jharkhand,4,2021
Outdoor,Airtel,4G,5,Satisfactory,16.54437264,81.52369883,Andhra Pradesh,3,2021
Outdoor,Airtel,4G,5,Satisfactory,12.3867255,75.5278089,Karnataka,3,2021
Outdoor,Airtel,4G,4,Satisfactory,24.10983333,88.24804167,West Bengal,3,2021
Outdoor,Airtel,4G,3,Poor Voice Quality,16.5444126,81.5236699,Andhra Pradesh,3,2021
Outdoor,Airtel,4G,4,Satisfactory,22.62587833,88.378685,West Bengal,3,2021
Outdoor,Airtel,4G,1,Poor Voice Quality,12.88097331,75.00306647,Karnataka,3,2021
Outdoor,Airtel,4G,4,Satisfactory,13.2286734,75.497278,Karnataka,3,2021
Outdoor,Airtel,4G,5,Satisfactory,13.21328879,75.51074685,Karnataka,3,2021
Outdoor,Airtel,4G,4,Satisfactory,22.65537167,88.38285333,West Bengal,3,2021
Outdoor,Airtel,4G,5,Satisfactory,13.2132147,75.51068501,Karnataka,3,2021
Outdoor,Airtel,4G,4,Satisfactory,18.9548094,72.8254106,Maharashtra,3,2021
Outdoor,Airtel,4G,4,Satisfactory,13.616642,79.431584,Andhra Pradesh,3,2021
Outdoor,Airtel,4G,4,Satisfactory,24.08867333,88.25490167,West Bengal,3,2021
Outdoor,Airtel,4G,5,Satisfactory,23.04365197,72.51614294,Gujarat,1,2021
Outdoor,Airtel,4G,5,Satisfactory,26.844253,80.8842032,Uttar Pradesh,1,2021
Outdoor,Airtel,4G,5,Satisfactory,23.04365197,72.51614294,Gujarat,1,2021
Outdoor,Airtel,4G,2,Poor Voice Quality,27.38283374,82.49699689,Uttar Pradesh,1,2021
Outdoor,Airtel,4G,5,Satisfactory,23.037145,72.52750333,Gujarat,1,2021
Outdoor,Airtel,4G,5,Satisfactory,22.65766169,75.90454001,Madhya Pradesh,1,2021
Outdoor,Airtel,4G,5,Satisfactory,26.10388,80.35735,Uttar Pradesh,1,2021
Outdoor,Airtel,4G,1,Poor Voice Quality,26.73535561,88.40696714,West Bengal,1,2021
Outdoor,Airtel,4G,3,Satisfactory,21.08501693,81.58623503,Chhattisgarh,1,2021
Outdoor,Airtel,4G,5,Satisfactory,22.65762582,75.90460146,Madhya Pradesh,1,2021
Outdoor,Airtel,4G,5,Satisfactory,28.6110091,77.4418476,Uttar Pradesh,1,2021
Outdoor,Airtel,4G,5,Satisfactory,10.1231524,76.35688,Kerala,1,2021
Outdoor,Airtel,4G,4,Satisfactory,28.6396432,77.0747432,Delhi,1,2021
Outdoor,Airtel,4G,1,Poor Voice Quality,28.505458,77.2996493,Delhi,1,2021
Outdoor,Airtel,4G,5,Satisfactory,22.65759052,75.90461631,Madhya Pradesh,1,2021
Outdoor,Airtel,4G,4,Satisfactory,22.75468333,86.21058833,Jharkhand,3,2021
Outdoor,Airtel,4G,1,Poor Voice Quality,18.4860751,73.8770764,Maharashtra,3,2021
Outdoor,Airtel,4G,4,Satisfactory,24.08942,88.25581333,West Bengal,3,2021
Outdoor,Airtel,4G,1,Call Dropped,28.59125573,77.16963005,Delhi,3,2021
Outdoor,Airtel,4G,1,Call Dropped,26.9543387,75.74640595,Rajasthan,2,2021
Outdoor,Airtel,4G,3,Satisfactory,24.08887167,88.255805,West Bengal,1,2021
Outdoor,Airtel,4G,5,Satisfactory,23.0454141,72.5159437,Gujarat,1,2021
Outdoor,Airtel,4G,4,Satisfactory,14.43314898,78.8312896,Andhra Pradesh,1,2021
Outdoor,Airtel,4G,4,Satisfactory,14.43314898,78.8312896,Andhra Pradesh,1,2021
Outdoor,Airtel,4G,4,Satisfactory,24.08929833,88.25541167,West Bengal,1,2021
Outdoor,Airtel,4G,5,Satisfactory,22.71684037,75.89157051,Madhya Pradesh,1,2021
Outdoor,Airtel,4G,5,Satisfactory,22.65757305,75.90459326,Madhya Pradesh,1,2021
Outdoor,Airtel,4G,5,Satisfactory,22.65761326,75.90461818,Madhya Pradesh,1,2021
Outdoor,Airtel,4G,5,Satisfactory,22.65763032,75.90473239,Madhya Pradesh,1,2021
Outdoor,Airtel,4G,5,Satisfactory,10.3734202,76.3025319,Kerala,1,2021
Outdoor,Airtel,4G,5,Satisfactory,10.3734202,76.3025319,Kerala,1,2021
Outdoor,Airtel,4G,5,Satisfactory,16.8842063,79.691924,Telangana,1,2021
Outdoor,Airtel,4G,4,Satisfactory,13.6260005,79.4316659,Andhra Pradesh,1,2021
Outdoor,Airtel,4G,5,Satisfactory,22.65766843,75.90467392,Madhya Pradesh,1,2021
Outdoor,Airtel,4G,5,Satisfactory,22.65759628,75.90460345,Madhya Pradesh,1,2021
Outdoor,Airtel,4G,1,Call Dropped,23.07398,87.481025,West Bengal,1,2021
Outdoor,Airtel,4G,1,Poor Voice Quality,26.92029144,75.79673809,Rajasthan,2,2021
Outdoor,Airtel,4G,1,Call Dropped,28.6911929,77.1603853,Delhi,2,2021
Outdoor,Airtel,4G,5,Satisfactory,31.60623748,74.90445213,Punjab,2,2021
Outdoor,Airtel,4G,4,Satisfactory,24.111935,88.24782667,West Bengal,2,2021
Outdoor,Airtel,4G,4,Satisfactory,22.564335,88.51367333,West Bengal,2,2021
Outdoor,Airtel,4G,4,Satisfactory,22.75299833,86.20908167,Jharkhand,2,2021
Outdoor,Airtel,4G,5,Satisfactory,22.6744317,75.55484102,Madhya Pradesh,2,2021
Outdoor,Airtel,4G,4,Satisfactory,16.91703792,79.54225822,Telangana,2,2021
Outdoor,Airtel,4G,1,Call Dropped,28.858664,77.09372671,Delhi,2,2021
Outdoor,Airtel,4G,1,Call Dropped,26.95163642,75.74595637,Rajasthan,2,2021
Outdoor,Airtel,4G,2,Poor Voice Quality,25.1678179,75.3210946,Madhya Pradesh,3,2021
Outdoor,Airtel,4G,4,Satisfactory,22.75317167,86.20956667,Jharkhand,3,2021
Outdoor,Airtel,4G,4,Satisfactory,22.752045,86.210585,Jharkhand,3,2021
Outdoor,Airtel,4G,4,Satisfactory,16.88465443,79.69048045,Telangana,3,2021
Outdoor,Airtel,4G,4,Satisfactory,22.752045,86.210585,Jharkhand,3,2021
Outdoor,Airtel,4G,4,Satisfactory,22.7525637,86.2102907,Jharkhand,3,2021
Outdoor,Airtel,4G,4,Satisfactory,22.752,86.21053333,Jharkhand,3,2021
Outdoor,Airtel,4G,5,Satisfactory,10.30272424,76.22343421,Kerala,10,2021
Outdoor,Airtel,4G,5,Satisfactory,23.37947667,77.75995667,Madhya Pradesh,10,2021
Outdoor,Airtel,4G,5,Satisfactory,23.37947667,77.75995667,Madhya Pradesh,10,2021
Outdoor,Airtel,4G,5,Satisfactory,23.327625,77.80766833,Madhya Pradesh,10,2021
Outdoor,Airtel,4G,5,Satisfactory,23.327625,77.80766833,Madhya Pradesh,10,2021
Outdoor,Airtel,4G,5,Satisfactory,23.327625,77.80766833,Madhya Pradesh,10,2021
Outdoor,Airtel,4G,5,Satisfactory,23.327625,77.80766833,Madhya Pradesh,10,2021
Outdoor,Airtel,4G,5,Satisfactory,23.327115,77.80718167,Madhya Pradesh,10,2021
Outdoor,Airtel,4G,5,Satisfactory,23.327115,77.80718167,Madhya Pradesh,10,2021
Outdoor,Airtel,4G,5,Satisfactory,23.327115,77.80718167,Madhya Pradesh,10,2021
Outdoor,Airtel,4G,5,Satisfactory,23.327115,77.80718167,Madhya Pradesh,10,2021
Outdoor,Airtel,4G,5,Satisfactory,23.32744,77.80679,Madhya Pradesh,10,2021
Outdoor,Airtel,4G,5,Satisfactory,23.32744,77.80679,Madhya Pradesh,10,2021
Outdoor,Airtel,4G,5,Satisfactory,23.32744,77.80679,Madhya Pradesh,10,2021
Outdoor,Airtel,4G,1,Call Dropped,16.9653744,81.8062374,Andhra Pradesh,10,2021
Outdoor,Airtel,4G,5,Satisfactory,23.32744,77.80679,Madhya Pradesh,10,2021
Outdoor,Airtel,4G,5,Satisfactory,23.38043333,77.75955667,Madhya Pradesh,10,2021
Outdoor,Airtel,4G,5,Satisfactory,23.37954667,77.76848,Madhya Pradesh,10,2021
Outdoor,Airtel,4G,5,Satisfactory,23.37954667,77.76848,Madhya Pradesh,10,2021
Outdoor,Airtel,4G,5,Satisfactory,23.37954667,77.76848,Madhya Pradesh,10,2021
Outdoor,Airtel,4G,5,Satisfactory,23.32707167,77.80723667,Madhya Pradesh,10,2021
Outdoor,Airtel,4G,5,Satisfactory,23.32707167,77.80723667,Madhya Pradesh,10,2021
Outdoor,Airtel,4G,5,Satisfactory,23.40608,77.75124,Madhya Pradesh,10,2021
Outdoor,Airtel,4G,5,Satisfactory,23.40608,77.75124,Madhya Pradesh,10,2021
Outdoor,Airtel,4G,5,Satisfactory,23.29458833,77.68868667,Madhya Pradesh,10,2021
Outdoor,Airtel,4G,4,Satisfactory,28.59807517,77.07608194,Delhi,5,2021
Outdoor,Airtel,4G,1,Poor Voice Quality,28.6154668,77.12714381,Delhi,5,2021
Outdoor,Airtel,4G,1,Poor Voice Quality,28.00082012,75.78856799,Rajasthan,5,2021
Outdoor,Airtel,4G,4,Satisfactory,16.8840304,79.691886,Telangana,5,2021
Outdoor,Airtel,4G,2,Poor Voice Quality,16.9859311,82.2501262,Andhra Pradesh,5,2021
Outdoor,Airtel,4G,1,Call Dropped,10.84471833,77.19360833,Tamil Nadu,8,2021
Outdoor,Airtel,4G,1,Call Dropped,10.84442167,77.19351,Tamil Nadu,8,2021
Outdoor,Airtel,4G,1,Poor Voice Quality,29.2964971,73.9024637,Rajasthan,7,2021
Outdoor,Airtel,4G,4,Satisfactory,25.4562543,81.8359623,Uttar Pradesh,7,2021
Outdoor,Airtel,4G,1,Poor Voice Quality,10.81541333,77.209225,Tamil Nadu,7,2021
Outdoor,Airtel,4G,1,Call Dropped,10.81950333,77.20753667,Tamil Nadu,7,2021
Outdoor,Airtel,4G,1,Call Dropped,10.82047667,77.20726333,Tamil Nadu,7,2021
Outdoor,Airtel,4G,1,Poor Voice Quality,29.29664224,73.90248747,Rajasthan,7,2021
Outdoor,Airtel,4G,5,Satisfactory,13.1347387,80.1163549,Tamil Nadu,7,2021
Outdoor,Airtel,4G,1,Poor Voice Quality,29.2966973,73.90246128,Rajasthan,7,2021
Outdoor,Airtel,4G,2,Call Dropped,10.81946,77.20679833,Tamil Nadu,7,2021
Outdoor,Airtel,4G,1,Poor Voice Quality,10.815485,77.20871333,Tamil Nadu,7,2021
Outdoor,Airtel,4G,1,Call Dropped,10.81977167,77.20700833,Tamil Nadu,7,2021
Outdoor,Airtel,4G,1,Poor Voice Quality,10.81966667,77.20679667,Tamil Nadu,7,2021
Outdoor,Airtel,4G,1,Call Dropped,10.815075,77.209085,Tamil Nadu,8,2021
Outdoor,Airtel,4G,1,Call Dropped,10.81965167,77.20693333,Tamil Nadu,8,2021
Outdoor,Airtel,4G,1,Call Dropped,10.81958,77.20686,Tamil Nadu,8,2021
Outdoor,Airtel,4G,1,Call Dropped,10.81958,77.20686,Tamil Nadu,8,2021
Outdoor,Airtel,4G,5,Satisfactory,23.33025833,77.789635,Madhya Pradesh,11,2021
Outdoor,Airtel,4G,5,Satisfactory,23.38091333,77.76256667,Madhya Pradesh,11,2021
Outdoor,Airtel,4G,5,Satisfactory,23.33028667,77.78588833,Madhya Pradesh,11,2021
Outdoor,Airtel,4G,5,Satisfactory,23.37991667,77.76795167,Madhya Pradesh,11,2021
Outdoor,Airtel,4G,5,Satisfactory,28.6259938,77.2314527,Delhi,11,2021
Outdoor,Airtel,4G,5,Satisfactory,28.5601095,77.04137812,Delhi,11,2021
Outdoor,Airtel,4G,5,Satisfactory,23.37940167,77.76846,Madhya Pradesh,11,2021
Outdoor,Airtel,4G,5,Satisfactory,23.32898333,77.80068167,Madhya Pradesh,11,2021
Outdoor,Airtel,4G,4,Satisfactory,18.44478588,79.12470119,Telangana,11,2021
Outdoor,Airtel,4G,5,Satisfactory,23.38004667,77.76867,Madhya Pradesh,11,2021
Outdoor,Airtel,4G,5,Satisfactory,23.38004667,77.76867,Madhya Pradesh,11,2021
Outdoor,Airtel,4G,5,Satisfactory,23.38190333,77.77377833,Madhya Pradesh,11,2021
Outdoor,Airtel,4G,5,Satisfactory,23.37940667,77.76847,Madhya Pradesh,11,2021
Outdoor,Airtel,4G,5,Satisfactory,23.33023167,77.79315,Madhya Pradesh,11,2021
Outdoor,Airtel,4G,2,Poor Voice Quality,19.2408693,73.05361147,Maharashtra,12,2021
Outdoor,Airtel,4G,1,Call Dropped,19.2408693,73.05361147,Maharashtra,12,2021
Outdoor,Airtel,4G,5,Satisfactory,23.3270927,77.8072334,Madhya Pradesh,10,2021
Outdoor,Airtel,4G,5,Satisfactory,23.3014633,77.9279934,Madhya Pradesh,10,2021
Outdoor,Airtel,4G,5,Satisfactory,23.379215,77.76847333,Madhya Pradesh,10,2021
Outdoor,Airtel,4G,3,Satisfactory,28.6143699,77.12554895,Delhi,5,2021
Outdoor,Airtel,4G,5,Satisfactory,10.80027404,75.98382719,Kerala,7,2021
Outdoor,Airtel,4G,4,Satisfactory,24.8536774,87.7666471,West Bengal,7,2021
Outdoor,Airtel,4G,5,Satisfactory,16.98588519,82.25023106,Andhra Pradesh,5,2021
Outdoor,Airtel,4G,3,Satisfactory,16.97315879,82.26627828,Andhra Pradesh,5,2021
Outdoor,Airtel,4G,4,Satisfactory,13.616669,79.4317157,Andhra Pradesh,5,2021
Outdoor,Airtel,4G,1,Poor Voice Quality,13.93676491,75.54766412,Karnataka,6,2021
Outdoor,Airtel,4G,4,Satisfactory,16.88812354,79.79312991,Telangana,7,2021
Outdoor,Airtel,4G,5,Satisfactory,28.58234631,77.26196509,Delhi,12,2021
Outdoor,Airtel,4G,5,Satisfactory,28.60326842,77.19055228,Delhi,12,2021
Outdoor,Airtel,4G,5,Satisfactory,28.60326842,77.19055228,Delhi,12,2021
Outdoor,Airtel,4G,5,Satisfactory,28.5569663,77.054095,Delhi,12,2021
Outdoor,Airtel,4G,5,Satisfactory,28.57496089,77.30464331,Uttar Pradesh,12,2021
Outdoor,Airtel,4G,5,Satisfactory,28.58065187,77.26991767,Delhi,12,2021
Outdoor,Airtel,4G,1,Poor Voice Quality,28.63094693,77.2160051,Delhi,12,2021
Outdoor,Airtel,4G,1,Poor Voice Quality,28.63094693,77.2160051,Delhi,12,2021
Outdoor,Airtel,4G,5,Satisfactory,28.60326842,77.19055228,Delhi,12,2021
Outdoor,Airtel,4G,5,Satisfactory,28.554962,77.05641207,Delhi,12,2021
Outdoor,Airtel,4G,5,Satisfactory,28.57496089,77.30464331,Uttar Pradesh,12,2021
Outdoor,Airtel,4G,5,Satisfactory,28.57728431,77.05798301,Delhi,12,2021
Outdoor,Airtel,4G,5,Satisfactory,28.5567563,77.0539586,Delhi,12,2021
Outdoor,Airtel,4G,5,Satisfactory,28.54401649,77.20300645,Delhi,12,2021
Outdoor,Airtel,4G,2,Poor Voice Quality,24.5750001,92.46381298,Assam,12,2021
Outdoor,Airtel,4G,5,Satisfactory,10.30319095,76.22313917,Kerala,11,2021
Outdoor,Airtel,4G,4,Satisfactory,25.10546498,76.49906438,Rajasthan,9,2021
Outdoor,Airtel,4G,4,Satisfactory,25.10546498,76.49906438,Rajasthan,9,2021
Outdoor,Airtel,4G,4,Satisfactory,25.10546498,76.49906438,Rajasthan,9,2021
Outdoor,Airtel,4G,5,Satisfactory,28.55701645,77.05374872,Delhi,9,2021
Outdoor,Airtel,4G,3,Satisfactory,30.47699667,76.51944167,Punjab,9,2021
Outdoor,Airtel,4G,5,Satisfactory,23.330265,77.79068,Madhya Pradesh,10,2021
Outdoor,Airtel,4G,5,Satisfactory,23.41412667,77.749885,Madhya Pradesh,10,2021
Outdoor,Airtel,4G,5,Satisfactory,23.41412667,77.749885,Madhya Pradesh,10,2021
Outdoor,Airtel,4G,5,Satisfactory,23.41412667,77.749885,Madhya Pradesh,10,2021
Outdoor,Airtel,4G,5,Satisfactory,23.41412667,77.749885,Madhya Pradesh,10,2021
Outdoor,Airtel,4G,5,Satisfactory,23.327059,77.8072156,Madhya Pradesh,10,2021
Outdoor,Airtel,4G,5,Satisfactory,23.3302451,77.7931516,Madhya Pradesh,10,2021
Outdoor,Airtel,4G,5,Satisfactory,23.37934333,77.768475,Madhya Pradesh,10,2021
Outdoor,Airtel,4G,5,Satisfactory,23.33288833,77.78144167,Madhya Pradesh,10,2021
Outdoor,Airtel,4G,5,Satisfactory,23.33288833,77.78144167,Madhya Pradesh,10,2021
Outdoor,Airtel,4G,5,Satisfactory,23.33288833,77.78144167,Madhya Pradesh,10,2021
Outdoor,Airtel,4G,5,Satisfactory,23.33288833,77.78144167,Madhya Pradesh,10,2021
Outdoor,Airtel,4G,5,Satisfactory,23.33288833,77.78144167,Madhya Pradesh,10,2021
Outdoor,Airtel,4G,5,Satisfactory,23.41016833,77.75060167,Madhya Pradesh,10,2021
Outdoor,Airtel,4G,5,Satisfactory,23.32261,77.75413667,Madhya Pradesh,10,2021
Outdoor,Airtel,4G,5,Satisfactory,23.37980667,77.76883833,Madhya Pradesh,10,2021
Outdoor,Airtel,4G,1,Call Dropped,23.0320887,72.6123692,Gujarat,12,2021
Outdoor,Airtel,4G,5,Satisfactory,28.5569782,77.0540858,Delhi,10,2021
Outdoor,Airtel,4G,5,Satisfactory,23.35110167,77.77160167,Madhya Pradesh,11,2021
Outdoor,Airtel,4G,1,Call Dropped,21.165914,72.7884501,Gujarat,11,2021
Outdoor,Airtel,4G,5,Satisfactory,23.3790949,77.7775513,Madhya Pradesh,11,2021
Outdoor,Airtel,4G,5,Satisfactory,23.37952167,77.76884167,Madhya Pradesh,11,2021
Outdoor,Airtel,4G,5,Satisfactory,23.37952167,77.76884167,Madhya Pradesh,11,2021
Outdoor,Airtel,4G,5,Satisfactory,23.33040833,77.790555,Madhya Pradesh,11,2021
Outdoor,Airtel,4G,5,Satisfactory,23.33040833,77.790555,Madhya Pradesh,11,2021
Outdoor,Airtel,4G,5,Satisfactory,23.37942667,77.768435,Madhya Pradesh,11,2021
Outdoor,Airtel,4G,5,Satisfactory,23.45018,77.69810167,Madhya Pradesh,11,2021
Outdoor,Airtel,4G,5,Satisfactory,23.37946333,77.76836667,Madhya Pradesh,11,2021
Outdoor,Airtel,4G,5,Satisfactory,23.37946333,77.76836667,Madhya Pradesh,11,2021
Outdoor,Airtel,4G,5,Satisfactory,23.37946333,77.76836667,Madhya Pradesh,11,2021
Outdoor,Airtel,4G,5,Satisfactory,23.32943167,77.79827667,Madhya Pradesh,11,2021
Outdoor,Airtel,4G,5,Satisfactory,23.32943167,77.79827667,Madhya Pradesh,11,2021
Outdoor,Airtel,4G,5,Satisfactory,23.32943167,77.79827667,Madhya Pradesh,11,2021
Outdoor,Airtel,4G,5,Satisfactory,23.3304066,77.7905607,Madhya Pradesh,11,2021
Outdoor,Airtel,4G,4,Satisfactory,23.37965167,77.76866667,Madhya Pradesh,11,2021
Outdoor,Airtel,4G,5,Satisfactory,23.3303768,77.7905687,Madhya Pradesh,11,2021
Outdoor,Airtel,4G,5,Satisfactory,13.2150286,75.49837,Karnataka,9,2021
Outdoor,Airtel,4G,5,Satisfactory,25.41740386,86.62985914,Bihar,9,2021
Outdoor,Airtel,4G,5,Satisfactory,25.41740386,86.62985914,Bihar,9,2021
Outdoor,Airtel,4G,1,Call Dropped,28.539007,77.2744727,Delhi,9,2021
Outdoor,Airtel,4G,1,Call Dropped,10.81986,77.20695333,Tamil Nadu,7,2021
Outdoor,Airtel,4G,1,Call Dropped,10.81913,77.20709,Tamil Nadu,7,2021
Outdoor,Airtel,4G,1,Call Dropped,10.66228,77.00841167,Tamil Nadu,7,2021
Outdoor,Airtel,4G,1,Call Dropped,10.815305,77.20922167,Tamil Nadu,7,2021
Outdoor,Airtel,4G,1,Call Dropped,10.81950667,77.207205,Tamil Nadu,7,2021
Outdoor,Airtel,4G,1,Call Dropped,10.81459833,77.20997,Tamil Nadu,7,2021
Outdoor,Airtel,4G,3,Satisfactory,26.6213125,74.69348068,Rajasthan,6,2021
Outdoor,Airtel,4G,5,Satisfactory,10.3030162,76.2230434,Kerala,6,2021
Outdoor,Airtel,4G,5,Satisfactory,10.30316857,76.22306599,Kerala,6,2021
Outdoor,Airtel,4G,1,Poor Voice Quality,26.013045,94.5234217,Nagaland,6,2021
Outdoor,Airtel,4G,5,Satisfactory,10.3029785,76.2231173,Kerala,9,2021
Outdoor,Airtel,4G,1,Call Dropped,10.81548,77.209205,Tamil Nadu,8,2021
Outdoor,Airtel,4G,1,Call Dropped,10.81893667,77.207055,Tamil Nadu,8,2021
Outdoor,Airtel,4G,1,Call Dropped,10.81912333,77.20666333,Tamil Nadu,8,2021
Outdoor,Airtel,4G,1,Call Dropped,10.80994167,77.20014833,Tamil Nadu,8,2021
Outdoor,Airtel,4G,1,Call Dropped,10.81941833,77.20710333,Tamil Nadu,8,2021
Outdoor,Airtel,4G,1,Call Dropped,10.815765,77.20915167,Tamil Nadu,8,2021
Outdoor,Airtel,4G,1,Call Dropped,10.82000833,77.20683167,Tamil Nadu,8,2021
Outdoor,Airtel,4G,1,Call Dropped,30.297485,78.06984667,Uttarakhand,8,2021
Outdoor,Airtel,4G,1,Call Dropped,10.81946167,77.20668833,Tamil Nadu,8,2021
Outdoor,Airtel,4G,1,Call Dropped,10.81946167,77.20668833,Tamil Nadu,8,2021
Outdoor,Airtel,4G,5,Satisfactory,10.34708843,76.21237563,Kerala,4,2022
Outdoor,Airtel,4G,5,Satisfactory,10.30300031,76.22318139,Kerala,4,2022
Outdoor,Airtel,4G,1,Call Dropped,18.7491526,73.4294934,Maharashtra,4,2022
Outdoor,Airtel,4G,3,Poor Voice Quality,17.68045,73.99203667,Maharashtra,2,2022
Outdoor,Airtel,4G,5,Satisfactory,10.30297637,76.2231499,Kerala,1,2022
Outdoor,Airtel,4G,2,Poor Voice Quality,19.8900929,75.3166391,Maharashtra,1,2022
Outdoor,Airtel,4G,3,Satisfactory,18.64152968,73.77018392,Maharashtra,1,2022
Outdoor,Airtel,4G,5,Satisfactory,15.9198278,76.561647,Karnataka,8,2022
Outdoor,Airtel,4G,5,Satisfactory,15.89143,76.48607,Karnataka,8,2022
Outdoor,Airtel,4G,4,Satisfactory,26.99862918,82.36504531,Uttar Pradesh,10,2022
Outdoor,Airtel,4G,1,Call Dropped,13.0696764,77.560583,Karnataka,10,2022
Outdoor,Airtel,4G,2,Poor Voice Quality,19.1833878,72.8451453,Maharashtra,10,2022
Outdoor,Airtel,4G,5,Satisfactory,12.95664657,77.4896048,Karnataka,10,2022
Outdoor,Airtel,4G,3,Satisfactory,30.1155211,78.2817875,Uttarakhand,10,2022
Outdoor,Airtel,4G,3,Satisfactory,19.22062151,72.84287017,Maharashtra,10,2022
Outdoor,Airtel,4G,1,Poor Voice Quality,13.9384752,75.5465566,Karnataka,3,2022
Outdoor,Airtel,4G,1,Call Dropped,18.7491526,73.4294934,Maharashtra,3,2022
Outdoor,Airtel,4G,3,Satisfactory,30.11538936,78.28190716,Uttarakhand,12,2022
Outdoor,Airtel,4G,2,Call Dropped,19.22061,72.842765,Maharashtra,12,2022
Outdoor,Airtel,4G,1,Poor Voice Quality,16.48221886,81.1515816,Andhra Pradesh,12,2022
Outdoor,Airtel,4G,2,Poor Voice Quality,19.22047872,72.84281651,Maharashtra,12,2022
Outdoor,Airtel,4G,1,Poor Voice Quality,10.81887167,77.20679833,Tamil Nadu,12,2022
Outdoor,Airtel,4G,1,Poor Voice Quality,10.81874,77.20680167,Tamil Nadu,12,2022
Outdoor,Airtel,4G,1,Poor Voice Quality,10.81556,77.20900667,Tamil Nadu,12,2022
Outdoor,Airtel,4G,3,Satisfactory,30.115352,78.2818875,Uttarakhand,11,2022
Outdoor,Airtel,4G,3,Satisfactory,30.1047953,78.2876596,Uttarakhand,11,2022
Outdoor,Airtel,4G,3,Satisfactory,30.10491522,78.28764242,Uttarakhand,11,2022
Outdoor,Airtel,4G,3,Satisfactory,19.22062151,72.84287017,Maharashtra,11,2022
Outdoor,Airtel,4G,5,Satisfactory,12.9565337,77.48969084,Karnataka,3,2023
Outdoor,Airtel,4G,5,Satisfactory,10.65041411,76.5895634,Kerala,3,2023
Outdoor,Airtel,4G,5,Satisfactory,10.65007653,76.59032075,Kerala,3,2023
Outdoor,Airtel,4G,2,Call Dropped,10.74834292,76.56213076,Kerala,3,2023
Outdoor,Airtel,4G,1,Call Dropped,10.76755696,76.55437839,Kerala,3,2023
Outdoor,Airtel,4G,5,Satisfactory,10.76794986,76.64923527,Kerala,3,2023
Outdoor,Airtel,4G,5,Satisfactory,10.77641724,76.36438385,Kerala,3,2023
Outdoor,Airtel,4G,5,Satisfactory,10.77662179,76.36457688,Kerala,3,2023
Outdoor,Airtel,4G,5,Satisfactory,10.68508332,76.42021295,Kerala,3,2023
Outdoor,Airtel,4G,5,Satisfactory,10.69029956,76.42145548,Kerala,3,2023
Outdoor,Airtel,4G,5,Satisfactory,10.69030417,76.42145502,Kerala,3,2023
Outdoor,Airtel,4G,5,Satisfactory,10.6096163,76.72939512,Kerala,3,2023
Outdoor,Airtel,4G,5,Satisfactory,10.59576046,76.6672403,Kerala,3,2023
Outdoor,Airtel,4G,5,Satisfactory,10.59586178,76.66705478,Kerala,3,2023
Outdoor,Airtel,4G,5,Satisfactory,10.59569294,76.66722483,Kerala,3,2023
Outdoor,Airtel,4G,5,Satisfactory,10.66195569,76.59007078,Kerala,3,2023
Outdoor,Airtel,4G,5,Satisfactory,10.64014592,76.60402104,Kerala,3,2023
Outdoor,Airtel,4G,5,Satisfactory,10.79909747,76.63746088,Kerala,3,2023
Outdoor,Airtel,4G,5,Satisfactory,10.79909747,76.63746088,Kerala,3,2023
Outdoor,Airtel,4G,1,Poor Voice Quality,29.94220175,77.55310223,Uttar Pradesh,3,2023
Outdoor,Airtel,4G,5,Satisfactory,14.02852797,75.93128306,Karnataka,6,2022
Outdoor,Airtel,4G,3,Satisfactory,30.11597549,78.28117077,Uttarakhand,9,2022
Outdoor,Airtel,4G,3,Satisfactory,30.11597549,78.28117077,Uttarakhand,9,2022
Outdoor,Airtel,4G,3,Satisfactory,30.1155242,78.2817957,Uttarakhand,9,2022
Outdoor,Airtel,4G,5,Satisfactory,13.07270398,77.56009489,Karnataka,2,2023
Outdoor,Airtel,4G,1,Call Dropped,13.07262151,77.5604128,Karnataka,2,2023
Outdoor,Airtel,4G,5,Satisfactory,14.02029218,75.9050078,Karnataka,2,2023
Outdoor,Airtel,4G,2,Poor Voice Quality,30.11559563,78.28177975,Uttarakhand,1,2023
Outdoor,Airtel,4G,1,Poor Voice Quality,30.104823,78.2876542,Uttarakhand,1,2023
Outdoor,Airtel,4G,5,Satisfactory,12.6217814,80.1806014,Tamil Nadu,1,2023
Outdoor,Airtel,4G,3,Satisfactory,30.1047942,78.287692,Uttarakhand,1,2023
Outdoor,Airtel,4G,3,Satisfactory,30.1048212,78.2876553,Uttarakhand,1,2023
Outdoor,Airtel,4G,5,Satisfactory,23.37983476,85.3100874,Jharkhand,1,2023
Outdoor,Airtel,4G,3,Satisfactory,30.28993472,78.08145174,Uttarakhand,1,2023
Outdoor,Airtel,4G,3,Satisfactory,30.10566842,78.2975683,Uttarakhand,1,2023
Outdoor,Airtel,4G,1,Call Dropped,25.42490515,86.13611212,Bihar,4,2023
Outdoor,Airtel,4G,1,Poor Voice Quality,30.1047947,78.2876761,Uttarakhand,10,2022
Outdoor,Airtel,4G,5,Satisfactory,23.37982483,85.31002371,Jharkhand,10,2022
Outdoor,Airtel,4G,5,Satisfactory,23.3496549,85.3183875,Jharkhand,10,2022
Outdoor,Airtel,4G,3,Satisfactory,30.2925344,78.0795362,Uttarakhand,10,2022
Outdoor,Airtel,4G,3,Satisfactory,30.10566842,78.2975683,Uttarakhand,10,2022
Outdoor,Airtel,4G,3,Satisfactory,30.10566842,78.2975683,Uttarakhand,10,2022
Outdoor,Airtel,4G,5,Satisfactory,25.6070418,85.1136013,Bihar,9,2024
Outdoor,Airtel,4G,2,Poor Voice Quality,27.874265,81.49921333,Uttar Pradesh,9,2024
Outdoor,Airtel,4G,5,Satisfactory,8.425267077,77.11684996,Kerala,2,2024
Outdoor,Airtel,4G,3,Satisfactory,18.12899581,78.51754527,Telangana,2,2024
Outdoor,Airtel,4G,3,Satisfactory,30.34355232,78.04467312,Uttarakhand,12,2023
Outdoor,Airtel,4G,3,Satisfactory,30.34355232,78.04467312,Uttarakhand,12,2023
Outdoor,Airtel,4G,3,Satisfactory,30.11553956,78.28203693,Uttarakhand,12,2023
Outdoor,Airtel,4G,3,Satisfactory,30.1102441,78.2899136,Uttarakhand,12,2023
Outdoor,Airtel,4G,3,Satisfactory,27.5302474,79.2826397,Uttar Pradesh,9,2023
Outdoor,Airtel,4G,1,Poor Voice Quality,27.5324818,79.297434,Uttar Pradesh,9,2023
Outdoor,Airtel,4G,3,Satisfactory,30.1108423,78.2950386,Uttarakhand,9,2023
Outdoor,Airtel,4G,1,Poor Voice Quality,13.021065,77.716385,Karnataka,11,2023
Outdoor,Airtel,4G,3,Satisfactory,30.1157131,78.28209829,Uttarakhand,11,2023
Outdoor,Airtel,4G,3,Satisfactory,30.18865806,78.19134155,Uttarakhand,10,2023
Outdoor,Airtel,4G,1,Poor Voice Quality,19.23054029,72.84622583,Maharashtra,10,2022
Outdoor,Airtel,4G,3,Satisfactory,30.11538936,78.28190716,Uttarakhand,10,2022
Outdoor,Airtel,4G,1,Call Dropped,19.2206684,72.8427782,Maharashtra,10,2022
Outdoor,Airtel,4G,1,Poor Voice Quality,19.2153447,72.83840505,Maharashtra,10,2022
Outdoor,Airtel,4G,2,Poor Voice Quality,19.22047872,72.84281651,Maharashtra,10,2022
Outdoor,Airtel,4G,2,Poor Voice Quality,25.13523411,83.66386726,Bihar,10,2022
Outdoor,Airtel,4G,1,Poor Voice Quality,25.1353935,83.6649299,Bihar,10,2022
Outdoor,Airtel,4G,5,Satisfactory,23.3798153,85.31017114,Jharkhand,10,2022
Outdoor,Airtel,4G,1,Poor Voice Quality,10.81887167,77.20679833,Tamil Nadu,10,2022
Outdoor,Airtel,4G,1,Poor Voice Quality,10.81874,77.20680167,Tamil Nadu,10,2022
Outdoor,Airtel,4G,1,Poor Voice Quality,10.81556,77.20900667,Tamil Nadu,10,2022
Outdoor,Airtel,4G,1,Poor Voice Quality,30.10454836,78.28766611,Uttarakhand,10,2022
Outdoor,Airtel,4G,5,Satisfactory,12.90717602,77.47524308,Karnataka,10,2022
Outdoor,Airtel,4G,3,Satisfactory,30.1047769,78.2877034,Uttarakhand,10,2022
Outdoor,Airtel,4G,1,Poor Voice Quality,30.104823,78.2876542,Uttarakhand,10,2022
Outdoor,Airtel,4G,4,Satisfactory,28.0363771,77.5972005,Uttar Pradesh,10,2024
Outdoor,Airtel,4G,1,Poor Voice Quality,21.2060746,81.348654,Chhattisgarh,10,2024
Outdoor,Airtel,4G,1,Poor Voice Quality,21.2060746,81.348654,Chhattisgarh,10,2024
Outdoor,Airtel,4G,1,Call Dropped,21.21352268,81.37774996,Chhattisgarh,10,2024
Outdoor,Airtel,4G,1,Poor Voice Quality,21.12855713,79.08354373,Maharashtra,10,2024
Outdoor,Airtel,4G,5,Satisfactory,10.38159167,77.99145333,Tamil Nadu,10,2024
Outdoor,Airtel,4G,2,Poor Voice Quality,26.2897268,88.3340367,West Bengal,1,2025
Outdoor,Airtel,4G,1,Poor Voice Quality,26.466081666666664,86.501205,Bihar,1,2025
Outdoor,Airtel,4G,2,Poor Voice Quality,23.955985,86.93136000000001,Jharkhand,1,2025
Outdoor,Airtel,4G,2,Poor Voice Quality,30.9262126,74.6194625,Punjab,1,2025
Outdoor,Airtel,4G,4,Satisfactory,11.26258667,75.91981333,Kerala,12,2024
Outdoor,Airtel,4G,4,Satisfactory,19.21750861,72.98094656,Maharashtra,12,2024
Outdoor,Airtel,4G,4,Satisfactory,19.21667523,72.97817181,Maharashtra,12,2024
Outdoor,Airtel,4G,4,Satisfactory,21.15430333,72.77919833,Gujarat,11,2024
Outdoor,Airtel,4G,1,Poor Voice Quality,15.781526666666666,76.76582499999999,Karnataka,2,2025
Outdoor,Airtel,4G,1,Poor Voice Quality,18.99552333333333,75.75711666666666,Maharashtra,2,2025
Outdoor,Airtel,4G,1,Poor Voice Quality,25.34160729,76.35702164,Rajasthan,2,2025
Outdoor,Airtel,4G,1,Poor Voice Quality,25.52252546,82.15739766,Uttar Pradesh,2,2025
Outdoor,Airtel,4G,2,Poor Voice Quality,25.433191191405054,81.87800765968859,Uttar Pradesh,2,2025
Outdoor,Airtel,4G,5,Satisfactory,19.183986666666662,73.23098666666667,Maharashtra,2,2025
Outdoor,Airtel,4G,5,Satisfactory,28.61633182503283,77.27361669,Delhi,2,2025
Outdoor,Airtel,4G,1,Poor Voice Quality,15.25921593,77.46933496,Andhra Pradesh,1,2025
Outdoor,Airtel,4G,1,Call Dropped,30.38226172,74.63993191,Punjab,1,2025
Outdoor,Airtel,4G,1,Poor Voice Quality,15.26143732,77.47751621,Andhra Pradesh,1,2025
Outdoor,Airtel,4G,2,Poor Voice Quality,30.91383166666667,74.97249833333333,Punjab,1,2025
Outdoor,Airtel,4G,1,Poor Voice Quality,28.60030414,77.44275695,Uttar Pradesh,1,2025
Outdoor,Airtel,4G,1,Poor Voice Quality,22.5649574,71.8150684,Gujarat,1,2025
Outdoor,Airtel,4G,2,Poor Voice Quality,25.433002053759992,81.87730508856475,Uttar Pradesh,1,2025
Outdoor,Airtel,4G,4,Satisfactory,26.4767319,80.2911883,Uttar Pradesh,1,2025
Outdoor,Airtel,4G,1,Poor Voice Quality,24.91904333333333,86.10772166666666,Bihar,1,2025
Outdoor,Airtel,4G,1,Poor Voice Quality,25.34166813,76.35713138,Rajasthan,2,2025
Outdoor,Airtel,4G,5,Satisfactory,30.913220000000003,74.96644833333333,Punjab,2,2025
Outdoor,Airtel,4G,5,Satisfactory,28.6782751,77.2950098,Delhi,2,2025
Outdoor,Airtel,4G,2,Poor Voice Quality,30.00416938215494,75.33443430438638,Punjab,1,2025
Outdoor,Airtel,4G,2,Poor Voice Quality,30.897806198336184,76.08422496,Punjab,1,2025
Outdoor,Airtel,4G,1,Poor Voice Quality,22.70948042,71.6750795,Gujarat,1,2025
Outdoor,Airtel,4G,1,Poor Voice Quality,28.688448333333334,77.27739833333334,Delhi,1,2025
Outdoor,Airtel,4G,2,Poor Voice Quality,26.1211808,84.529124,Bihar,1,2025
Outdoor,Airtel,4G,1,Poor Voice Quality,29.942595,75.55037833333334,Punjab,1,2025
Outdoor,Airtel,4G,1,Poor Voice Quality,28.671088333333334,77.26675166666668,Delhi,1,2025
Outdoor,Airtel,4G,1,Poor Voice Quality,32.09421833333333,75.95152333333334,Himachal Pradesh,1,2025
Outdoor,Airtel,4G,5,Satisfactory,26.8757328,80.9023275,Uttar Pradesh,1,2025
Outdoor,Airtel,4G,1,Poor Voice Quality,29.683786666666663,75.78126833333334,Haryana,1,2025
Outdoor,Airtel,4G,5,Satisfactory,19.84885023,75.84855472,Maharashtra,1,2025
Outdoor,Airtel,4G,1,Poor Voice Quality,27.892826666666664,79.8126,Uttar Pradesh,1,2025
Outdoor,Airtel,4G,2,Poor Voice Quality,28.598162,77.007458,Delhi,11,2024
Outdoor,Airtel,4G,5,Satisfactory,12.96453191433102,80.15927125699818,Tamil Nadu,2,2025
Outdoor,Airtel,4G,2,Poor Voice Quality,12.997632049955428,77.58093807846308,Karnataka,1,2025
Outdoor,Airtel,4G,3,Satisfactory,30.949421666666662,75.00355333333333,Punjab,1,2025
Outdoor,Airtel,4G,5,Satisfactory,26.77124724,80.90104023,Uttar Pradesh,1,2025
Outdoor,Airtel,4G,4,Satisfactory,30.70177218,76.85964255,Haryana,1,2025
Outdoor,Airtel,4G,1,Poor Voice Quality,30.21081261,74.94964152,Punjab,2,2025
Outdoor,Airtel,4G,1,Poor Voice Quality,30.19405371,74.95560542,Punjab,2,2025
Outdoor,Airtel,4G,5,Satisfactory,25.94444925,84.58102831,Bihar,2,2025
Outdoor,Airtel,4G,5,Satisfactory,28.6155371,77.2735054,Delhi,2,2025
Outdoor,Airtel,4G,2,Poor Voice Quality,31.4803161,76.05387699999999,Punjab,2,2025
Outdoor,Airtel,4G,5,Satisfactory,12.96458572614938,80.15917126089334,Tamil Nadu,3,2025
Outdoor,Airtel,4G,1,Poor Voice Quality,26.2565515,86.3112101,Bihar,3,2025
Outdoor,Airtel,4G,3,Satisfactory,25.662223333333333,86.35401166666666,Bihar,2,2025
Outdoor,Airtel,4G,1,Call Dropped,27.43857745,78.03682922,Uttar Pradesh,7,2025
Outdoor,Airtel,4G,2,Poor Voice Quality,27.43857745,78.03682922,Uttar Pradesh,7,2025
Outdoor,Airtel,4G,5,Satisfactory,19.16475917,73.23882859,Maharashtra,7,2025
Outdoor,Airtel,4G,5,Satisfactory,18.16240167,74.60006833,Maharashtra,7,2025
Outdoor,Airtel,4G,5,Satisfactory,25.36034924,83.00859116,Uttar Pradesh,1,2021
Outdoor,Airtel,4G,5,Satisfactory,25.36034924,83.00859116,Uttar Pradesh,1,2021
Outdoor,Airtel,4G,5,Satisfactory,28.6110091,77.4418476,Uttar Pradesh,1,2021
Outdoor,Airtel,4G,5,Satisfactory,23.327115,77.80718167,Madhya Pradesh,10,2021
Outdoor,Airtel,4G,5,Satisfactory,23.327115,77.80718167,Madhya Pradesh,10,2021
Outdoor,Airtel,4G,5,Satisfactory,23.327115,77.80718167,Madhya Pradesh,10,2021
Outdoor,Airtel,4G,5,Satisfactory,23.327115,77.80718167,Madhya Pradesh,10,2021
Outdoor,Airtel,4G,4,Satisfactory,16.88402025,79.69171834,Telangana,10,2021
Outdoor,Airtel,4G,5,Satisfactory,23.37959,77.76893167,Madhya Pradesh,10,2021
Outdoor,Airtel,4G,5,Satisfactory,23.37959,77.76893167,Madhya Pradesh,10,2021
Outdoor,Airtel,4G,5,Satisfactory,23.32744,77.80679,Madhya Pradesh,10,2021
Outdoor,Airtel,4G,5,Satisfactory,23.32744,77.80679,Madhya Pradesh,10,2021
Outdoor,Airtel,4G,5,Satisfactory,23.32744,77.80679,Madhya Pradesh,10,2021
Outdoor,Airtel,4G,5,Satisfactory,23.32744,77.80679,Madhya Pradesh,10,2021
Outdoor,Airtel,4G,5,Satisfactory,23.38043333,77.75955667,Madhya Pradesh,10,2021
Outdoor,Airtel,4G,5,Satisfactory,23.38043333,77.75955667,Madhya Pradesh,10,2021
Outdoor,Airtel,4G,5,Satisfactory,23.38043333,77.75955667,Madhya Pradesh,10,2021
Outdoor,Airtel,4G,5,Satisfactory,23.37954667,77.76848,Madhya Pradesh,10,2021
Outdoor,Airtel,4G,5,Satisfactory,23.37954667,77.76848,Madhya Pradesh,10,2021
Outdoor,Airtel,4G,5,Satisfactory,23.37935167,77.76854,Madhya Pradesh,10,2021
Outdoor,Airtel,4G,5,Satisfactory,23.4583555,77.674662,Madhya Pradesh,10,2021
Outdoor,Airtel,4G,5,Satisfactory,23.40608,77.75124,Madhya Pradesh,10,2021
Outdoor,Airtel,4G,5,Satisfactory,23.37946333,77.768505,Madhya Pradesh,10,2021
Outdoor,Airtel,4G,5,Satisfactory,23.37946333,77.768505,Madhya Pradesh,10,2021
Outdoor,Airtel,4G,5,Satisfactory,23.30626167,77.87196833,Madhya Pradesh,10,2021
Outdoor,Airtel,4G,5,Satisfactory,23.30626167,77.87196833,Madhya Pradesh,10,2021
Outdoor,Airtel,4G,5,Satisfactory,22.65767334,75.90469387,Madhya Pradesh,1,2021
Outdoor,Airtel,4G,5,Satisfactory,23.0454568,72.5159454,Gujarat,1,2021
Outdoor,Airtel,4G,5,Satisfactory,21.22370642,72.82391835,Gujarat,1,2021
Outdoor,Airtel,4G,5,Satisfactory,21.22370642,72.82391835,Gujarat,1,2021
Outdoor,Airtel,4G,4,Satisfactory,14.42758707,78.83004634,Andhra Pradesh,1,2021
Outdoor,Airtel,4G,5,Satisfactory,22.6576064,75.90460694,Madhya Pradesh,1,2021
Outdoor,Airtel,4G,4,Satisfactory,14.4308347,78.8285312,Andhra Pradesh,1,2021
Outdoor,Airtel,4G,5,Satisfactory,23.30626167,77.87196833,Madhya Pradesh,10,2021
Outdoor,Airtel,4G,5,Satisfactory,23.3729799,78.0190036,Madhya Pradesh,10,2021
Outdoor,Airtel,4G,5,Satisfactory,23.43443333,77.736085,Madhya Pradesh,10,2021
Outdoor,Airtel,4G,5,Satisfactory,23.43443333,77.736085,Madhya Pradesh,10,2021
Outdoor,Airtel,4G,5,Satisfactory,23.379215,77.76847333,Madhya Pradesh,10,2021
Outdoor,Airtel,4G,5,Satisfactory,23.330265,77.79068,Madhya Pradesh,10,2021
Outdoor,Airtel,4G,1,Call Dropped,10.58628,77.25137333,Tamil Nadu,8,2021
Outdoor,Airtel,4G,1,Call Dropped,10.81516167,77.20932833,Tamil Nadu,8,2021
Outdoor,Airtel,4G,1,Call Dropped,10.81909,77.206915,Tamil Nadu,8,2021
Outdoor,Airtel,4G,1,Call Dropped,10.8195,77.20644333,Tamil Nadu,8,2021
Outdoor,Airtel,4G,1,Call Dropped,10.81945167,77.20636667,Tamil Nadu,8,2021
Outdoor,Airtel,4G,1,Call Dropped,10.819575,77.20685333,Tamil Nadu,8,2021
Outdoor,Airtel,4G,1,Call Dropped,10.81963167,77.20693833,Tamil Nadu,8,2021
Outdoor,Airtel,4G,1,Call Dropped,10.82056667,77.206155,Tamil Nadu,8,2021
Outdoor,Airtel,4G,1,Call Dropped,10.81928167,77.20723333,Tamil Nadu,8,2021
Outdoor,Airtel,4G,1,Call Dropped,10.81963833,77.20701833,Tamil Nadu,8,2021
Outdoor,Airtel,4G,5,Satisfactory,21.16440008,72.78604806,Gujarat,10,2021
Outdoor,Airtel,4G,5,Satisfactory,10.30300449,76.22310865,Kerala,7,2021
Outdoor,Airtel,4G,1,Call Dropped,29.2971695,73.9022562,Rajasthan,7,2021
Outdoor,Airtel,4G,5,Satisfactory,12.5869414,75.26761659,Karnataka,9,2021
Outdoor,Airtel,4G,5,Satisfactory,10.3029806,76.2231147,Kerala,9,2021
Outdoor,Airtel,4G,3,Satisfactory,25.10546498,76.49906438,Rajasthan,9,2021
Outdoor,Airtel,4G,5,Satisfactory,28.55701645,77.05374872,Delhi,9,2021
Outdoor,Airtel,4G,3,Satisfactory,30.47651833,76.51804,Punjab,9,2021
Outdoor,Airtel,4G,3,Call Dropped,12.58719938,75.26741044,Karnataka,6,2021
Outdoor,Airtel,4G,1,Poor Voice Quality,16.78766,78.138725,Telangana,6,2021
Outdoor,Airtel,4G,4,Satisfactory,25.8588626,93.7776391,Nagaland,6,2021
Outdoor,Airtel,4G,4,Satisfactory,18.5942218,73.7898285,Maharashtra,10,2021
Outdoor,Airtel,4G,5,Satisfactory,23.37947667,77.75995667,Madhya Pradesh,10,2021
Outdoor,Airtel,4G,5,Satisfactory,23.327625,77.80766833,Madhya Pradesh,10,2021
Outdoor,Airtel,4G,5,Satisfactory,23.327625,77.80766833,Madhya Pradesh,10,2021
Outdoor,Airtel,4G,1,Call Dropped,10.81960333,77.20684667,Tamil Nadu,8,2021
Outdoor,Airtel,4G,1,Call Dropped,10.819745,77.20695667,Tamil Nadu,8,2021
Outdoor,Airtel,4G,1,Call Dropped,10.819325,77.20747167,Tamil Nadu,8,2021
Outdoor,Airtel,4G,1,Call Dropped,10.81949833,77.20685167,Tamil Nadu,8,2021
Outdoor,Airtel,4G,1,Poor Voice Quality,10.815455,77.20952167,Tamil Nadu,8,2021
Outdoor,Airtel,4G,1,Call Dropped,10.81555167,77.20928,Tamil Nadu,8,2021
Outdoor,Airtel,4G,3,Call Dropped,15.7688021,79.6737201,Andhra Pradesh,8,2021
Outdoor,Airtel,4G,5,Satisfactory,25.41740386,86.62985914,Bihar,9,2021
Outdoor,Airtel,4G,5,Satisfactory,25.41740386,86.62985914,Bihar,9,2021
Outdoor,Airtel,4G,1,Poor Voice Quality,28.5386883,77.2742109,Delhi,9,2021
Outdoor,Airtel,4G,2,Poor Voice Quality,16.87098047,79.66325571,Telangana,6,2021
Outdoor,Airtel,4G,1,Call Dropped,29.2965589,73.902419,Rajasthan,7,2021
Outdoor,Airtel,4G,1,Call Dropped,10.81968167,77.20657333,Tamil Nadu,7,2021
Outdoor,Airtel,4G,1,Call Dropped,10.81968667,77.20704833,Tamil Nadu,7,2021
Outdoor,Airtel,4G,1,Call Dropped,10.820085,77.206605,Tamil Nadu,7,2021
Outdoor,Airtel,4G,1,Call Dropped,10.81533167,77.20905833,Tamil Nadu,7,2021
Outdoor,Airtel,4G,1,Call Dropped,10.82043833,77.20605,Tamil Nadu,7,2021
Outdoor,Airtel,4G,1,Poor Voice Quality,10.819625,77.206505,Tamil Nadu,7,2021
Outdoor,Airtel,4G,1,Call Dropped,10.819055,77.20615167,Tamil Nadu,7,2021
Outdoor,Airtel,4G,1,Call Dropped,22.64765,78.38822833,Madhya Pradesh,7,2021
Outdoor,Airtel,4G,1,Call Dropped,10.81950167,77.20659,Tamil Nadu,7,2021
Outdoor,Airtel,4G,1,Call Dropped,10.81887,77.20698167,Tamil Nadu,7,2021
Outdoor,Airtel,4G,4,Satisfactory,28.49424667,77.02006,Haryana,7,2021
Outdoor,Airtel,4G,5,Satisfactory,30.31641333,78.03323,Uttarakhand,7,2021
Outdoor,Airtel,4G,5,Satisfactory,30.31641333,78.03323,Uttarakhand,7,2021
Outdoor,Airtel,4G,1,Call Dropped,10.819005,77.206885,Tamil Nadu,7,2021
Outdoor,Airtel,4G,3,Satisfactory,26.5791145,93.2791321,Assam,7,2021
Outdoor,Airtel,4G,5,Satisfactory,10.3029743,76.2231264,Kerala,5,2021
Outdoor,Airtel,4G,5,Satisfactory,28.0843518,77.5833037,Uttar Pradesh,5,2021
Outdoor,Airtel,4G,5,Satisfactory,10.30308185,76.22303793,Kerala,6,2021
Outdoor,Airtel,4G,1,Poor Voice Quality,29.2964884,73.9024788,Rajasthan,7,2021
Outdoor,Airtel,4G,1,Call Dropped,10.81977333,77.206535,Tamil Nadu,7,2021
Outdoor,Airtel,4G,1,Call Dropped,10.819785,77.20665833,Tamil Nadu,7,2021
Outdoor,Airtel,4G,1,Call Dropped,10.81555333,77.209185,Tamil Nadu,7,2021
Outdoor,Airtel,4G,1,Call Dropped,10.82047667,77.20726333,Tamil Nadu,7,2021
Outdoor,Airtel,4G,5,Satisfactory,10.30296091,76.22317636,Kerala,7,2021
Outdoor,Airtel,4G,1,Call Dropped,23.07365,87.48141833,West Bengal,1,2021
Outdoor,Airtel,4G,5,Satisfactory,21.2420453,72.7901968,Gujarat,1,2021
Outdoor,Airtel,4G,5,Satisfactory,22.6576705,75.9046302,Madhya Pradesh,1,2021
Outdoor,Airtel,4G,4,Satisfactory,13.00291231,77.71177282,Karnataka,1,2021
Outdoor,Airtel,4G,5,Satisfactory,26.10380333,80.35742,Uttar Pradesh,1,2021
Outdoor,Airtel,4G,5,Satisfactory,22.65760551,75.90466327,Madhya Pradesh,1,2021
Outdoor,Airtel,4G,5,Satisfactory,23.0454838,72.5159552,Gujarat,1,2021
Outdoor,Airtel,4G,5,Satisfactory,23.0454642,72.5159524,Gujarat,1,2021
Outdoor,Airtel,4G,5,Satisfactory,23.043005,72.514465,Gujarat,1,2021
Outdoor,Airtel,4G,4,Satisfactory,21.08501693,81.58623503,Chhattisgarh,1,2021
Outdoor,Airtel,4G,5,Satisfactory,22.6744317,75.55484102,Madhya Pradesh,2,2021
Outdoor,Airtel,4G,5,Satisfactory,22.6720849,75.4791083,Madhya Pradesh,2,2021
Outdoor,Airtel,4G,5,Satisfactory,22.6720849,75.4791083,Madhya Pradesh,2,2021
Outdoor,Airtel,4G,5,Satisfactory,22.6720849,75.4791083,Madhya Pradesh,2,2021
Outdoor,Airtel,4G,4,Satisfactory,22.58089333,88.459835,West Bengal,3,2021
Outdoor,Airtel,4G,1,Poor Voice Quality,22.57507167,88.479995,West Bengal,3,2021
Outdoor,Airtel,4G,4,Satisfactory,22.570165,88.509645,West Bengal,3,2021
Outdoor,Airtel,4G,1,Call Dropped,28.69118291,77.16038751,Delhi,2,2021
Outdoor,Airtel,4G,1,Call Dropped,28.6914907,77.1598403,Delhi,2,2021
Outdoor,Airtel,4G,1,Poor Voice Quality,26.92029144,75.79673809,Rajasthan,2,2021
Outdoor,Airtel,4G,4,Satisfactory,24.06845667,88.153465,West Bengal,2,2021
Outdoor,Airtel,4G,1,Call Dropped,28.72902368,77.16024965,Delhi,2,2021
Outdoor,Airtel,4G,1,Call Dropped,22.2755332,70.8122586,Gujarat,2,2021
Outdoor,Airtel,4G,1,Call Dropped,28.6911945,77.16038,Delhi,2,2021
Outdoor,Airtel,4G,3,Satisfactory,18.95370062,72.82654256,Maharashtra,3,2021
Outdoor,Airtel,4G,3,Satisfactory,28.61450081,77.12507756,Delhi,4,2021
Outdoor,Airtel,4G,1,Poor Voice Quality,21.778715,87.364505,Odisha,4,2021
Outdoor,Airtel,4G,2,Call Dropped,28.6140828,77.1254306,Delhi,4,2021
Outdoor,Airtel,4G,4,Satisfactory,13.6260595,79.4308293,Andhra Pradesh,2,2021
Outdoor,Airtel,4G,5,Satisfactory,26.72457288,88.43820919,West Bengal,2,2021
Outdoor,Airtel,4G,3,Satisfactory,19.24495143,72.85741342,Maharashtra,2,2021
Outdoor,Airtel,4G,1,Poor Voice Quality,12.25101834,76.6336034,Karnataka,1,2021
Outdoor,Airtel,4G,5,Satisfactory,10.35345135,76.21658487,Kerala,1,2021
Outdoor,Airtel,4G,1,Poor Voice Quality,12.25105216,76.6335609,Karnataka,1,2021
Outdoor,Airtel,4G,1,Poor Voice Quality,28.5388403,77.2733123,Delhi,10,2021
Outdoor,Airtel,4G,4,Satisfactory,23.41412667,77.749885,Madhya Pradesh,10,2021
Outdoor,Airtel,4G,5,Satisfactory,23.379385,77.76862,Madhya Pradesh,10,2021
Outdoor,Airtel,4G,5,Satisfactory,23.3295691,77.7982757,Madhya Pradesh,10,2021
Outdoor,Airtel,4G,5,Satisfactory,23.3302539,77.7931496,Madhya Pradesh,10,2021
Outdoor,Airtel,4G,5,Satisfactory,23.3303339,77.7855486,Madhya Pradesh,10,2021
Outdoor,Airtel,4G,1,Poor Voice Quality,28.5387708,77.2744315,Delhi,10,2021
Outdoor,Airtel,4G,5,Satisfactory,23.33025833,77.78689333,Madhya Pradesh,10,2021
Outdoor,Airtel,4G,1,Call Dropped,24.50179833,86.69511333,Jharkhand,10,2021
Outdoor,Airtel,4G,5,Satisfactory,28.63536637,77.22174377,Delhi,10,2021
Outdoor,Airtel,4G,5,Satisfactory,23.33288833,77.78144167,Madhya Pradesh,10,2021
Outdoor,Airtel,4G,5,Satisfactory,23.33288833,77.78144167,Madhya Pradesh,10,2021
Outdoor,Airtel,4G,5,Satisfactory,23.33288833,77.78144167,Madhya Pradesh,10,2021
Outdoor,Airtel,4G,5,Satisfactory,23.32708667,77.80721333,Madhya Pradesh,10,2021
Outdoor,Airtel,4G,1,Call Dropped,28.61273163,77.36728814,Uttar Pradesh,10,2021
Outdoor,Airtel,4G,5,Satisfactory,23.37980667,77.76883833,Madhya Pradesh,10,2021
Outdoor,Airtel,4G,5,Satisfactory,23.37980667,77.76883833,Madhya Pradesh,10,2021
Outdoor,Airtel,4G,5,Satisfactory,10.30280471,76.22308016,Kerala,10,2021
Outdoor,Airtel,4G,5,Satisfactory,10.3534868,76.21665134,Kerala,10,2021
Outdoor,Airtel,4G,5,Satisfactory,23.38190333,77.77377833,Madhya Pradesh,11,2021
Outdoor,Airtel,4G,5,Satisfactory,23.38007833,77.76839667,Madhya Pradesh,11,2021
Outdoor,Airtel,4G,5,Satisfactory,23.35110167,77.77160167,Madhya Pradesh,11,2021
Outdoor,Airtel,4G,1,Poor Voice Quality,25.71783,94.109485,Nagaland,11,2021
Outdoor,Airtel,4G,5,Satisfactory,23.40028333,77.75218667,Madhya Pradesh,11,2021
Outdoor,Airtel,4G,5,Satisfactory,23.40028333,77.75218667,Madhya Pradesh,11,2021
Outdoor,Airtel,4G,5,Satisfactory,23.37992167,77.77017833,Madhya Pradesh,11,2021
Outdoor,Airtel,4G,5,Satisfactory,23.3301326,77.7904033,Madhya Pradesh,11,2021
Outdoor,Airtel,4G,5,Satisfactory,23.32995333,77.78836833,Madhya Pradesh,11,2021
Outdoor,Airtel,4G,5,Satisfactory,23.32995333,77.78836833,Madhya Pradesh,11,2021
Outdoor,Airtel,4G,5,Satisfactory,23.37952167,77.76884167,Madhya Pradesh,11,2021
Outdoor,Airtel,4G,5,Satisfactory,23.37952167,77.76884167,Madhya Pradesh,11,2021
Outdoor,Airtel,4G,4,Satisfactory,18.46488368,79.11104226,Telangana,11,2021
Outdoor,Airtel,4G,5,Satisfactory,23.37993,77.76876,Madhya Pradesh,11,2021
Outdoor,Airtel,4G,5,Satisfactory,23.37941167,77.76856667,Madhya Pradesh,11,2021
Outdoor,Airtel,4G,5,Satisfactory,23.37941167,77.76856667,Madhya Pradesh,11,2021
Outdoor,Airtel,4G,1,Poor Voice Quality,26.16419285,84.44007364,Bihar,11,2021
Outdoor,Airtel,4G,5,Satisfactory,23.43356167,77.73883833,Madhya Pradesh,11,2021
Outdoor,Airtel,4G,5,Satisfactory,23.37965167,77.76866667,Madhya Pradesh,11,2021
Outdoor,Airtel,4G,5,Satisfactory,23.37945333,77.76839667,Madhya Pradesh,11,2021
Outdoor,Airtel,4G,4,Satisfactory,24.09617,88.25511667,West Bengal,3,2021
Outdoor,Airtel,4G,2,Call Dropped,13.21323126,75.51074613,Karnataka,3,2021
Outdoor,Airtel,4G,4,Satisfactory,24.08862167,88.25508333,West Bengal,3,2021
Outdoor,Airtel,4G,4,Satisfactory,24.08862167,88.25508333,West Bengal,3,2021
Outdoor,Airtel,4G,3,Satisfactory,18.9548956,72.8013039,Maharashtra,3,2021
Outdoor,Airtel,4G,4,Satisfactory,22.75468333,86.21058833,Jharkhand,3,2021
Outdoor,Airtel,4G,5,Satisfactory,23.02742915,72.54518611,Gujarat,3,2021
Outdoor,Airtel,4G,5,Satisfactory,28.52834267,77.25574421,Delhi,1,2021
Outdoor,Airtel,4G,5,Satisfactory,28.6395743,77.0748249,Delhi,1,2021
Outdoor,Airtel,4G,1,Poor Voice Quality,28.505458,77.2996493,Delhi,1,2021
Outdoor,Airtel,4G,1,Poor Voice Quality,28.5054624,77.2996598,Delhi,1,2021
Outdoor,Airtel,4G,3,Poor Voice Quality,13.21337226,75.51049803,Karnataka,1,2021
Outdoor,Airtel,4G,5,Satisfactory,28.4561907,77.0818938,Haryana,1,2021
Outdoor,Airtel,4G,1,Poor Voice Quality,18.5648356,74.2863366,Maharashtra,1,2021
Outdoor,Airtel,4G,5,Satisfactory,23.04365197,72.51614294,Gujarat,1,2021
Outdoor,Airtel,4G,5,Satisfactory,23.04365197,72.51614294,Gujarat,1,2021
Outdoor,Airtel,4G,5,Satisfactory,26.86258916,81.01808476,Uttar Pradesh,1,2021
Outdoor,Airtel,4G,1,Call Dropped,29.97096112,77.7719077,Uttar Pradesh,5,2021
Outdoor,Airtel,4G,3,Satisfactory,28.6143699,77.12554895,Delhi,5,2021
Outdoor,Airtel,4G,4,Satisfactory,24.7314302,87.8247329,Jharkhand,5,2021
Outdoor,Airtel,4G,4,Satisfactory,22.75335167,86.209485,Jharkhand,4,2021
Outdoor,Airtel,4G,4,Satisfactory,22.75082167,86.210575,Jharkhand,4,2021
Outdoor,Airtel,4G,4,Satisfactory,22.75082167,86.210575,Jharkhand,4,2021
Outdoor,Airtel,4G,5,Satisfactory,18.9679278,73.0203914,Maharashtra,4,2021
Outdoor,Airtel,4G,4,Satisfactory,22.7533585,86.2107421,Jharkhand,4,2021
Outdoor,Airtel,4G,4,Satisfactory,22.75305667,86.20950167,Jharkhand,4,2021
Outdoor,Airtel,4G,1,Call Dropped,26.1612761,75.7791465,Rajasthan,4,2021
Outdoor,Airtel,4G,4,Satisfactory,16.88729084,79.69240039,Telangana,4,2021
Outdoor,Airtel,4G,4,Satisfactory,16.88729084,79.69240039,Telangana,4,2021
Outdoor,Airtel,4G,2,Poor Voice Quality,28.6053798,77.08172888,Delhi,4,2021
Outdoor,Airtel,4G,3,Satisfactory,28.61414784,77.12490019,Delhi,4,2021
Outdoor,Airtel,4G,3,Satisfactory,28.61414784,77.12490019,Delhi,4,2021
Outdoor,Airtel,4G,4,Satisfactory,22.75323833,86.209645,Jharkhand,4,2021
Outdoor,Airtel,4G,4,Satisfactory,22.7540586,86.2106084,Jharkhand,4,2021
Outdoor,Airtel,4G,4,Satisfactory,22.7540923,86.2107869,Jharkhand,4,2021
Outdoor,Airtel,4G,5,Satisfactory,11.3320955,75.891658,Kerala,4,2021
Outdoor,Airtel,4G,4,Satisfactory,24.089645,88.25336333,West Bengal,2,2021
Outdoor,Airtel,4G,4,Satisfactory,14.43249889,78.83102091,Andhra Pradesh,2,2021
Outdoor,Airtel,4G,4,Satisfactory,24.08882333,88.25583833,West Bengal,2,2021
Outdoor,Airtel,4G,4,Satisfactory,24.08859167,88.25468,West Bengal,2,2021
Outdoor,Airtel,4G,4,Satisfactory,13.6260595,79.4308293,Andhra Pradesh,2,2021
Outdoor,Airtel,4G,5,Satisfactory,17.3983935,78.3645481,Telangana,2,2021
Outdoor,Airtel,4G,4,Satisfactory,22.80468167,86.20514333,Jharkhand,2,2021
Outdoor,Airtel,4G,5,Satisfactory,16.5408586,81.5249169,Andhra Pradesh,3,2021
Outdoor,Airtel,4G,5,Satisfactory,24.23166431,72.26723366,Gujarat,3,2021
Outdoor,Airtel,4G,5,Satisfactory,23.52596477,72.38917653,Gujarat,3,2021
Outdoor,Airtel,4G,5,Satisfactory,23.52596477,72.38917653,Gujarat,3,2021
Outdoor,Airtel,4G,4,Satisfactory,24.08879,88.255125,West Bengal,3,2021
Outdoor,Airtel,4G,4,Satisfactory,22.75213,86.21066833,Jharkhand,3,2021
Outdoor,Airtel,4G,4,Satisfactory,22.75218333,86.21043833,Jharkhand,3,2021
Outdoor,Airtel,4G,1,Poor Voice Quality,26.94849787,75.74729819,Rajasthan,2,2021
Outdoor,Airtel,4G,4,Satisfactory,22.75380667,86.21076667,Jharkhand,3,2021
Outdoor,Airtel,4G,4,Satisfactory,24.092205,88.25338333,West Bengal,3,2021
Outdoor,Airtel,4G,3,Poor Voice Quality,13.2283219,75.497278,Karnataka,3,2021
Outdoor,Airtel,4G,4,Satisfactory,13.2113674,75.4958219,Karnataka,3,2021
Outdoor,Airtel,4G,4,Satisfactory,24.08867333,88.25490167,West Bengal,3,2021
Outdoor,Airtel,4G,1,Poor Voice Quality,20.5527837,86.52718599,Odisha,3,2021
Outdoor,Airtel,4G,4,Satisfactory,24.08866333,88.25498167,West Bengal,2,2021
Outdoor,Airtel,4G,1,Poor Voice Quality,26.9270837,75.7905317,Rajasthan,2,2021
Outdoor,Airtel,4G,5,Satisfactory,28.56501383,77.05969057,Delhi,12,2021
Outdoor,Airtel,4G,5,Satisfactory,28.57215425,77.39339509,Uttar Pradesh,12,2021
Outdoor,Airtel,4G,5,Satisfactory,28.53828688,77.09190826,Delhi,12,2021
Outdoor,Airtel,4G,5,Satisfactory,28.55316329,77.05797245,Delhi,12,2021
Outdoor,Airtel,4G,5,Satisfactory,28.59054159,77.15748902,Delhi,12,2021
Outdoor,Airtel,4G,5,Satisfactory,28.57728431,77.05798301,Delhi,12,2021
Outdoor,Airtel,4G,5,Satisfactory,28.54401649,77.20300645,Delhi,12,2021
Outdoor,Airtel,4G,5,Satisfactory,28.54061977,77.08106727,Delhi,12,2021
Outdoor,Airtel,4G,5,Satisfactory,28.53828688,77.09190826,Delhi,12,2021
Outdoor,Airtel,4G,5,Satisfactory,28.55316329,77.05797245,Delhi,12,2021
Outdoor,Airtel,4G,1,Poor Voice Quality,28.63094693,77.2160051,Delhi,12,2021
Outdoor,Airtel,4G,5,Satisfactory,28.57728431,77.05798301,Delhi,12,2021
Outdoor,Airtel,4G,5,Satisfactory,28.54061977,77.08106727,Delhi,12,2021
Outdoor,Airtel,4G,5,Satisfactory,28.6835919,77.20469188,Delhi,11,2021
Outdoor,Airtel,4G,4,Satisfactory,18.4329844,79.1344178,Telangana,11,2021
Outdoor,Airtel,4G,4,Satisfactory,18.4329844,79.1344178,Telangana,11,2021
Outdoor,Airtel,4G,5,Satisfactory,23.33025833,77.789635,Madhya Pradesh,11,2021
Outdoor,Airtel,4G,5,Satisfactory,23.33030667,77.78558,Madhya Pradesh,11,2021
Outdoor,Airtel,4G,5,Satisfactory,23.33028667,77.78588833,Madhya Pradesh,11,2021
Outdoor,Airtel,4G,5,Satisfactory,23.33028667,77.78588833,Madhya Pradesh,11,2021
Outdoor,Airtel,4G,5,Satisfactory,23.26851667,77.66215667,Madhya Pradesh,11,2021
Outdoor,Airtel,4G,5,Satisfactory,23.26855833,77.66284167,Madhya Pradesh,11,2021
Outdoor,Airtel,4G,5,Satisfactory,28.5576232,77.0537872,Delhi,11,2021
Outdoor,Airtel,4G,5,Satisfactory,28.55795573,77.05410881,Delhi,11,2021
Outdoor,Airtel,4G,5,Satisfactory,23.38043333,77.76780333,Madhya Pradesh,11,2021
Outdoor,Airtel,4G,5,Satisfactory,28.59186681,77.23166367,Delhi,11,2021
Outdoor,Airtel,4G,5,Satisfactory,23.37940167,77.76846,Madhya Pradesh,11,2021
Outdoor,Airtel,4G,4,Satisfactory,22.752785,86.210535,Jharkhand,4,2021
Outdoor,Airtel,4G,2,Poor Voice Quality,24.9920895,93.896713,Manipur,4,2021
Outdoor,Airtel,4G,4,Satisfactory,22.7532217,86.2095772,Jharkhand,4,2021
Outdoor,Airtel,4G,4,Satisfactory,22.7536417,86.2087023,Jharkhand,4,2021
Outdoor,Airtel,4G,4,Satisfactory,22.7529536,86.2090216,Jharkhand,4,2021
Outdoor,Airtel,4G,4,Satisfactory,22.7676338,86.2009485,Jharkhand,4,2021
Outdoor,Airtel,4G,4,Satisfactory,22.74926667,86.21023833,Jharkhand,4,2021
Outdoor,Airtel,4G,4,Satisfactory,28.61449505,77.12544071,Delhi,5,2021
Outdoor,Airtel,4G,1,Poor Voice Quality,16.87077146,79.66349187,Telangana,4,2021
Outdoor,Airtel,4G,2,Poor Voice Quality,28.59799485,77.07950412,Delhi,4,2021
Outdoor,Airtel,4G,4,Satisfactory,22.75342167,86.209205,Jharkhand,4,2021
Outdoor,Airtel,4G,4,Satisfactory,22.75604167,86.209135,Jharkhand,4,2021
Outdoor,Airtel,4G,4,Satisfactory,16.8711031,79.6631567,Telangana,4,2021
Outdoor,Airtel,4G,1,Call Dropped,26.1540138,75.7780785,Rajasthan,4,2021
Outdoor,Airtel,4G,2,Poor Voice Quality,28.27599911,74.95022332,Rajasthan,4,2021
Outdoor,Airtel,4G,4,Satisfactory,16.87105155,79.66324062,Telangana,4,2021
Outdoor,Airtel,4G,5,Satisfactory,10.1231943,76.3568997,Kerala,1,2021
Outdoor,Airtel,4G,4,Satisfactory,10.30302787,76.22328257,Kerala,1,2022
Outdoor,Airtel,4G,1,Call Dropped,10.5103571,76.211345,Kerala,2,2022
Outdoor,Airtel,4G,5,Satisfactory,10.302985,76.2231209,Kerala,2,2022
Outdoor,Airtel,4G,1,Poor Voice Quality,21.20305327,72.88566573,Gujarat,3,2022
Outdoor,Airtel,4G,5,Satisfactory,10.30300031,76.22318139,Kerala,3,2022
Outdoor,Airtel,4G,1,Poor Voice Quality,28.91468907,77.48716199,Uttar Pradesh,7,2022
Outdoor,Airtel,4G,5,Satisfactory,12.9565807,77.4896337,Karnataka,7,2022
Outdoor,Airtel,4G,3,Call Dropped,10.30304313,76.22313081,Kerala,5,2022
Outdoor,Airtel,4G,3,Satisfactory,19.2206124,72.842966,Maharashtra,10,2022
Outdoor,Airtel,4G,1,Call Dropped,14.02793926,75.93182865,Karnataka,10,2022
Outdoor,Airtel,4G,1,Poor Voice Quality,10.81556,77.20900667,Tamil Nadu,10,2022
Outdoor,Airtel,4G,1,Poor Voice Quality,10.81556,77.20900667,Tamil Nadu,10,2022
Outdoor,Airtel,4G,1,Poor Voice Quality,10.81911167,77.20675333,Tamil Nadu,10,2022
Outdoor,Airtel,4G,5,Satisfactory,23.37989063,85.31013606,Jharkhand,10,2022
Outdoor,Airtel,4G,3,Satisfactory,30.1050908,78.2872992,Uttarakhand,10,2022
Outdoor,Airtel,4G,3,Satisfactory,30.10484772,78.28763594,Uttarakhand,10,2022
Outdoor,Airtel,4G,3,Satisfactory,30.28993472,78.08145174,Uttarakhand,10,2022
Outdoor,Airtel,4G,3,Satisfactory,30.28993472,78.08145174,Uttarakhand,10,2022
Outdoor,Airtel,4G,1,Poor Voice Quality,30.11576493,78.28157966,Uttarakhand,10,2022
Outdoor,Airtel,4G,2,Poor Voice Quality,30.11576493,78.28157966,Uttarakhand,10,2022
Outdoor,Airtel,4G,5,Satisfactory,13.06859338,77.56001891,Karnataka,10,2022
Outdoor,Airtel,4G,1,Poor Voice Quality,30.11576493,78.28157966,Uttarakhand,10,2022
Outdoor,Airtel,4G,2,Poor Voice Quality,19.2205763,72.8428546,Maharashtra,10,2022
Outdoor,Airtel,4G,1,Poor Voice Quality,19.2206958,72.8429812,Maharashtra,10,2022
Outdoor,Airtel,4G,1,Poor Voice Quality,19.1609921,72.8395198,Maharashtra,10,2022
Outdoor,Airtel,4G,3,Satisfactory,30.20616416,78.12555857,Uttarakhand,10,2022
Outdoor,Airtel,4G,3,Satisfactory,30.1155299,78.2817986,Uttarakhand,10,2022
Outdoor,Airtel,4G,3,Satisfactory,30.115352,78.2818875,Uttarakhand,10,2022
Outdoor,Airtel,4G,3,Satisfactory,30.10483966,78.28763331,Uttarakhand,10,2022
Outdoor,Airtel,4G,1,Call Dropped,19.2361375,72.8550002,Maharashtra,10,2022
Outdoor,Airtel,4G,3,Satisfactory,30.1106377,78.2972996,Uttarakhand,10,2022
Outdoor,Airtel,4G,1,Poor Voice Quality,19.1874003,72.8481887,Maharashtra,10,2022
Outdoor,Airtel,4G,2,Poor Voice Quality,19.22062151,72.84287017,Maharashtra,10,2022
Outdoor,Airtel,4G,3,Satisfactory,30.11067379,78.29715767,Uttarakhand,12,2022
Outdoor,Airtel,4G,1,Poor Voice Quality,30.10772799,78.29747359,Uttarakhand,12,2022
Outdoor,Airtel,4G,3,Satisfactory,19.2206124,72.842966,Maharashtra,12,2022
Outdoor,Airtel,4G,5,Satisfactory,23.3798153,85.31017114,Jharkhand,12,2022
Outdoor,Airtel,4G,1,Call Dropped,14.02793926,75.93182865,Karnataka,12,2022
Outdoor,Airtel,4G,1,Poor Voice Quality,10.81887167,77.20679833,Tamil Nadu,12,2022
Outdoor,Airtel,4G,1,Poor Voice Quality,10.82037333,77.205905,Tamil Nadu,12,2022
Outdoor,Airtel,4G,1,Poor Voice Quality,10.81911167,77.20675333,Tamil Nadu,12,2022
Outdoor,Airtel,4G,3,Satisfactory,30.18949825,78.13369161,Uttarakhand,9,2022
Outdoor,Airtel,4G,1,Poor Voice Quality,30.11597549,78.28117077,Uttarakhand,9,2022
Outdoor,Airtel,4G,3,Satisfactory,30.1047275,78.2876554,Uttarakhand,9,2022
Outdoor,Airtel,4G,3,Satisfactory,30.10468698,78.28763858,Uttarakhand,9,2022
Outdoor,Airtel,4G,3,Satisfactory,30.10483966,78.28763331,Uttarakhand,11,2022
Outdoor,Airtel,4G,2,Poor Voice Quality,19.2171641,72.8475938,Maharashtra,11,2022
Outdoor,Airtel,4G,3,Satisfactory,30.1106377,78.2972996,Uttarakhand,11,2022
Outdoor,Airtel,4G,3,Satisfactory,30.1048027,78.2876383,Uttarakhand,11,2022
Outdoor,Airtel,4G,1,Call Dropped,19.20962098,72.97188254,Maharashtra,11,2022
Outdoor,Airtel,4G,1,Poor Voice Quality,19.2099012,72.9740797,Maharashtra,11,2022
Outdoor,Airtel,4G,5,Satisfactory,12.9566399,77.48961152,Karnataka,3,2023
Outdoor,Airtel,4G,5,Satisfactory,10.64995136,76.59022826,Kerala,3,2023
Outdoor,Airtel,4G,5,Satisfactory,10.65041411,76.5895634,Kerala,3,2023
Outdoor,Airtel,4G,5,Satisfactory,10.65041275,76.58947802,Kerala,3,2023
Outdoor,Airtel,4G,5,Satisfactory,10.74856717,76.56122993,Kerala,3,2023
Outdoor,Airtel,4G,5,Satisfactory,10.69023818,76.42142395,Kerala,3,2023
Outdoor,Airtel,4G,5,Satisfactory,10.68508332,76.42021295,Kerala,3,2023
Outdoor,Airtel,4G,5,Satisfactory,10.69029956,76.42145548,Kerala,3,2023
Outdoor,Airtel,4G,5,Satisfactory,10.64221175,76.58698881,Kerala,3,2023
Outdoor,Airtel,4G,5,Satisfactory,10.69030417,76.42145502,Kerala,3,2023
Outdoor,Airtel,4G,5,Satisfactory,10.64192923,76.58696974,Kerala,3,2023
Outdoor,Airtel,4G,5,Satisfactory,10.59533096,76.66711708,Kerala,3,2023
Outdoor,Airtel,4G,5,Satisfactory,10.66034386,76.59009083,Kerala,3,2023
Outdoor,Airtel,4G,5,Satisfactory,10.66194451,76.60933332,Kerala,3,2023
Outdoor,Airtel,4G,5,Satisfactory,10.66628931,76.61338794,Kerala,3,2023
Outdoor,Airtel,4G,5,Satisfactory,10.64013556,76.60394287,Kerala,3,2023
Outdoor,Airtel,4G,5,Satisfactory,10.71105104,76.55810881,Kerala,3,2023
Outdoor,Airtel,4G,5,Satisfactory,10.79909747,76.63746088,Kerala,3,2023
Outdoor,Airtel,4G,5,Satisfactory,13.0686032,77.5598238,Karnataka,2,2023
Outdoor,Airtel,4G,5,Satisfactory,13.7096394,75.81808794,Karnataka,2,2023
Outdoor,Airtel,4G,1,Call Dropped,13.07268856,77.56081638,Karnataka,2,2023
Outdoor,Airtel,4G,5,Satisfactory,12.90717602,77.47524308,Karnataka,1,2023
Outdoor,Airtel,4G,3,Satisfactory,30.1050908,78.2872992,Uttarakhand,1,2023
Outdoor,Airtel,4G,3,Satisfactory,30.1026639,78.2880109,Uttarakhand,1,2023
Outdoor,Airtel,4G,3,Satisfactory,30.1048193,78.2876595,Uttarakhand,1,2023
Outdoor,Airtel,4G,5,Satisfactory,12.95837073,77.49800202,Karnataka,1,2023
Outdoor,Airtel,4G,5,Satisfactory,12.96229917,77.57588374,Karnataka,1,2023
Outdoor,Airtel,4G,5,Satisfactory,23.37979835,85.30964368,Jharkhand,1,2023
Outdoor,Airtel,4G,5,Satisfactory,23.37982483,85.31002371,Jharkhand,1,2023
Outdoor,Airtel,4G,3,Satisfactory,30.10484772,78.28763594,Uttarakhand,1,2023
Outdoor,Airtel,4G,3,Satisfactory,23.3798725,85.3101207,Jharkhand,1,2023
Outdoor,Airtel,4G,3,Satisfactory,30.10481701,78.28765574,Uttarakhand,1,2023
Outdoor,Airtel,4G,3,Satisfactory,30.10566842,78.2975683,Uttarakhand,1,2023
Outdoor,Airtel,4G,5,Satisfactory,12.82794155,77.65530503,Karnataka,4,2023
Outdoor,Airtel,4G,5,Satisfactory,12.81777512,77.69092571,Karnataka,4,2023
Outdoor,Airtel,4G,1,Poor Voice Quality,19.22043483,72.84290721,Maharashtra,5,2023
Outdoor,Airtel,4G,3,Satisfactory,30.10240237,78.28866572,Uttarakhand,12,2023
Outdoor,Airtel,4G,3,Satisfactory,30.10483451,78.28762928,Uttarakhand,12,2023
Outdoor,Airtel,4G,3,Satisfactory,30.10483168,78.28769381,Uttarakhand,12,2023
Outdoor,Airtel,4G,3,Satisfactory,30.11553956,78.28203693,Uttarakhand,12,2023
Outdoor,Airtel,4G,3,Satisfactory,30.1047845,78.2876894,Uttarakhand,12,2023
Outdoor,Airtel,4G,3,Satisfactory,30.10456297,78.28760886,Uttarakhand,12,2023
Outdoor,Airtel,4G,3,Satisfactory,30.1049345,78.2876828,Uttarakhand,12,2023
Outdoor,Airtel,4G,3,Satisfactory,30.10457737,78.28756592,Uttarakhand,12,2023
Outdoor,Airtel,4G,3,Satisfactory,30.10488345,78.28766161,Uttarakhand,12,2023
Outdoor,Airtel,4G,3,Satisfactory,18.1289838,78.51714708,Telangana,1,2024
Outdoor,Airtel,4G,3,Satisfactory,30.1024611,78.28884583,Uttarakhand,11,2023
Outdoor,Airtel,4G,3,Satisfactory,20.1830008,84.9921379,Odisha,8,2024
Outdoor,Airtel,4G,1,Poor Voice Quality,30.10479144,78.28757957,Uttarakhand,5,2024
Outdoor,Airtel,4G,5,Satisfactory,20.579095,84.41610333,Odisha,3,2024
Outdoor,Airtel,4G,1,Poor Voice Quality,12.92587833,77.69481833,Karnataka,3,2024
Outdoor,Airtel,4G,5,Satisfactory,25.6070545,85.1135805,Bihar,12,2024
Outdoor,Airtel,4G,4,Satisfactory,21.14805965,79.05220679,Maharashtra,12,2024
Outdoor,Airtel,4G,3,Satisfactory,21.16930576,81.33825477,Chhattisgarh,10,2024
Outdoor,Airtel,4G,5,Satisfactory,12.8882233,77.5795046,Karnataka,10,2024
Outdoor,Airtel,4G,5,Satisfactory,13.0495625,80.1851274,Tamil Nadu,1,2025
Outdoor,Airtel,4G,1,Poor Voice Quality,26.466035,86.50113000000002,Bihar,1,2025
Outdoor,Airtel,4G,1,Poor Voice Quality,26.466035,86.50113000000002,Bihar,1,2025
Outdoor,Airtel,4G,1,Poor Voice Quality,26.466061666666665,86.50120333333334,Bihar,1,2025
Outdoor,Airtel,4G,5,Satisfactory,17.4948655,78.4368549,Telangana,1,2025
Outdoor,Airtel,4G,2,Poor Voice Quality,30.9262126,74.6194625,Punjab,1,2025
Outdoor,Airtel,4G,1,Poor Voice Quality,22.70953717,71.6749546,Gujarat,1,2025
Outdoor,Airtel,4G,1,Call Dropped,21.16924259,81.33833922,Chhattisgarh,11,2024
Outdoor,Airtel,4G,1,Poor Voice Quality,32.09421833333333,75.95152333333334,Himachal Pradesh,1,2025
Outdoor,Airtel,4G,5,Satisfactory,23.6922787,86.9553601,West Bengal,1,2025
Outdoor,Airtel,4G,1,Poor Voice Quality,26.466351666666664,86.50040666666668,Bihar,1,2025
Outdoor,Airtel,4G,1,Poor Voice Quality,26.465993333333337,86.500905,Bihar,1,2025
Outdoor,Airtel,4G,2,Call Dropped,28.79261275,77.13746816,Delhi,1,2025
Outdoor,Airtel,4G,2,Poor Voice Quality,30.139046609401703,74.53553692437708,Punjab,1,2025
Outdoor,Airtel,4G,1,Poor Voice Quality,31.920265490189195,74.99165512,Punjab,1,2025
Outdoor,Airtel,4G,5,Satisfactory,26.88937196,81.00294692,Uttar Pradesh,1,2025
Outdoor,Airtel,4G,1,Poor Voice Quality,28.502946132794023,77.09304593503475,Haryana,1,2025
Outdoor,Airtel,4G,2,Poor Voice Quality,30.897421510890126,76.08253793790936,Punjab,1,2025
Outdoor,Airtel,4G,3,Satisfactory,26.12114405,84.52922412,Bihar,1,2025
Outdoor,Airtel,4G,4,Satisfactory,30.9607,74.608375,Punjab,2,2025
Outdoor,Airtel,4G,4,Satisfactory,25.94858672,84.58135781,Bihar,2,2025
Outdoor,Airtel,4G,5,Satisfactory,25.94836178,84.58101195,Bihar,2,2025
Outdoor,Airtel,4G,1,Poor Voice Quality,15.031436666666666,77.81219666666667,Andhra Pradesh,2,2025
Outdoor,Airtel,4G,1,Poor Voice Quality,31.47996622418435,76.05387637033584,Punjab,2,2025
Outdoor,Airtel,4G,2,Poor Voice Quality,31.4803161,76.05387699999999,Punjab,2,2025
Outdoor,Airtel,4G,2,Poor Voice Quality,31.4803161,76.05387699999999,Punjab,2,2025
Outdoor,Airtel,4G,2,Poor Voice Quality,31.4803161,76.05387699999999,Punjab,2,2025
Outdoor,Airtel,4G,1,Poor Voice Quality,30.252654128707945,75.48471696674824,Punjab,2,2025
Outdoor,Airtel,4G,2,Poor Voice Quality,30.897806198336184,76.08422496,Punjab,1,2025
Outdoor,Airtel,4G,1,Poor Voice Quality,25.5803862,82.1235876,Uttar Pradesh,1,2025
Outdoor,Airtel,4G,3,Satisfactory,16.54241857,81.51633406,Andhra Pradesh,2,2025
Outdoor,Airtel,4G,1,Call Dropped,28.5757519,77.4368161,Uttar Pradesh,2,2025
Outdoor,Airtel,4G,5,Satisfactory,30.26896802,76.16559952,Punjab,2,2025
Outdoor,Airtel,4G,2,Poor Voice Quality,25.97118637058884,80.18334173597395,Uttar Pradesh,2,2025
Outdoor,Airtel,4G,2,Poor Voice Quality,25.97118637058884,80.18334173597395,Uttar Pradesh,2,2025
Outdoor,Airtel,4G,5,Satisfactory,15.195726666666667,76.80400666666667,Karnataka,2,2025
Outdoor,Airtel,4G,5,Satisfactory,26.8644821,81.0120015,Uttar Pradesh,2,2025
Outdoor,Airtel,4G,4,Satisfactory,16.54445306,81.52368964,Andhra Pradesh,2,2025
Outdoor,Airtel,4G,2,Poor Voice Quality,30.651974198408425,76.80604706,Punjab,2,2025
Outdoor,Airtel,4G,1,Poor Voice Quality,30.004263427108526,75.33447277732193,Punjab,1,2025
Outdoor,Airtel,4G,5,Satisfactory,30.38244658,74.63977686,Punjab,2,2025
Outdoor,Airtel,4G,5,Satisfactory,19.887897055596117,75.34497748,Maharashtra,3,2025
Outdoor,Airtel,4G,5,Satisfactory,22.5958738,88.4218903,West Bengal,3,2025
Outdoor,Airtel,4G,2,Call Dropped,28.372018333333337,79.43186666666666,Uttar Pradesh,3,2025
Outdoor,Airtel,4G,1,Call Dropped,28.372018333333337,79.43186666666666,Uttar Pradesh,3,2025
Outdoor,Airtel,4G,1,Poor Voice Quality,25.43312468100339,81.87782325781882,Uttar Pradesh,3,2025
Outdoor,Airtel,4G,5,Satisfactory,13.04170002,77.57332391,Karnataka,7,2025
Outdoor,Airtel,4G,1,Call Dropped,13.19809833,78.51547667,Karnataka,7,2025
Outdoor,Airtel,4G,1,Poor Voice Quality,21.2606965,81.6173889,Chhattisgarh,7,2025
Outdoor,Airtel,4G,1,Poor Voice Quality,28.6320799,77.2812434,Delhi,7,2025
Outdoor,Airtel,4G,5,Satisfactory,18.150519,74.5725857,Maharashtra,7,2025
Outdoor,Airtel,4G,5,Satisfactory,31.96351762,75.46906569,Punjab,7,2025
Outdoor,Airtel,4G,1,Poor Voice Quality,26.9200025,75.7965564,Rajasthan,2,2021
Outdoor,Airtel,4G,4,Satisfactory,19.6665996,78.5257861,Telangana,2,2021
Outdoor,Airtel,4G,1,Poor Voice Quality,26.92029144,75.79673809,Rajasthan,2,2021
Outdoor,Airtel,4G,4,Satisfactory,24.09769167,88.25351167,West Bengal,2,2021
Outdoor,Airtel,4G,4,Satisfactory,23.95175,88.04303667,West Bengal,2,2021
Outdoor,Airtel,4G,1,Call Dropped,26.93190905,75.73422177,Rajasthan,2,2021
Outdoor,Airtel,4G,4,Satisfactory,13.6259705,79.4316069,Andhra Pradesh,2,2021
Outdoor,Airtel,4G,5,Satisfactory,31.60610115,74.90432515,Punjab,2,2021
Outdoor,Airtel,4G,1,Call Dropped,22.24437233,70.75666116,Gujarat,2,2021
Outdoor,Airtel,4G,1,Poor Voice Quality,26.9187117,75.7956049,Rajasthan,2,2021
Outdoor,Airtel,4G,1,Call Dropped,28.70874172,77.1774478,Delhi,2,2021
Outdoor,Airtel,4G,5,Satisfactory,23.04564503,72.51632971,Gujarat,2,2021
Outdoor,Airtel,4G,1,Call Dropped,26.95282335,75.74429673,Rajasthan,2,2021
Outdoor,Airtel,4G,5,Satisfactory,18.5748703,73.7695566,Maharashtra,1,2021
Outdoor,Airtel,4G,4,Satisfactory,22.7536083,86.2092849,Jharkhand,4,2021
Outdoor,Airtel,4G,4,Satisfactory,22.7536111,86.2092828,Jharkhand,4,2021
Outdoor,Airtel,4G,2,Poor Voice Quality,28.61438122,77.12539822,Delhi,4,2021
Outdoor,Airtel,4G,2,Poor Voice Quality,28.60908035,77.12764852,Delhi,4,2021
Outdoor,Airtel,4G,2,Poor Voice Quality,28.60864824,77.12808239,Delhi,4,2021
Outdoor,Airtel,4G,4,Satisfactory,22.75330833,86.20943333,Jharkhand,4,2021
Outdoor,Airtel,4G,3,Satisfactory,28.61458143,77.12497809,Delhi,4,2021
Outdoor,Airtel,4G,3,Satisfactory,28.61455533,77.12530748,Delhi,5,2021
Outdoor,Airtel,4G,1,Call Dropped,19.9765095,73.8195276,Maharashtra,5,2021
Outdoor,Airtel,4G,3,Poor Voice Quality,28.61461964,77.12500752,Delhi,5,2021
Outdoor,Airtel,4G,3,Satisfactory,16.98166974,82.24920759,Andhra Pradesh,5,2021
Outdoor,Airtel,4G,3,Satisfactory,16.9738385,82.26655475,Andhra Pradesh,5,2021
Outdoor,Airtel,4G,1,Call Dropped,26.1544398,75.7780808,Rajasthan,4,2021
Outdoor,Airtel,4G,1,Call Dropped,22.81537833,88.348645,West Bengal,4,2021
Outdoor,Airtel,4G,2,Poor Voice Quality,28.61448161,77.12586047,Delhi,4,2021
Outdoor,Airtel,4G,1,Call Dropped,26.1540138,75.7780785,Rajasthan,4,2021
Outdoor,Airtel,4G,1,Call Dropped,28.27600778,74.95011293,Rajasthan,4,2021
Outdoor,Airtel,4G,4,Satisfactory,24.08861833,88.25502,West Bengal,4,2021
Outdoor,Airtel,4G,4,Satisfactory,22.7514482,86.2102907,Jharkhand,4,2021
Outdoor,Airtel,4G,4,Satisfactory,22.76825667,86.198995,Jharkhand,4,2021
Outdoor,Airtel,4G,4,Satisfactory,22.75221333,86.21037833,Jharkhand,4,2021
Outdoor,Airtel,4G,4,Satisfactory,22.75059333,86.21228167,Jharkhand,4,2021
Outdoor,Airtel,4G,4,Satisfactory,22.75308667,86.20955,Jharkhand,4,2021
Outdoor,Airtel,4G,4,Satisfactory,24.08865167,88.25509333,West Bengal,4,2021
Outdoor,Airtel,4G,1,Poor Voice Quality,16.5443945,81.5236417,Andhra Pradesh,4,2021
Outdoor,Airtel,4G,4,Satisfactory,22.75186167,86.21228167,Jharkhand,4,2021
Outdoor,Airtel,4G,4,Satisfactory,22.75234833,86.21065167,Jharkhand,4,2021
Outdoor,Airtel,4G,5,Satisfactory,23.381675,77.75914167,Madhya Pradesh,11,2021
Outdoor,Airtel,4G,5,Satisfactory,28.55751044,77.05393044,Delhi,11,2021
Outdoor,Airtel,4G,1,Call Dropped,18.4539412,79.1189556,Telangana,11,2021
Outdoor,Airtel,4G,4,Satisfactory,18.44478588,79.12470119,Telangana,11,2021
Outdoor,Airtel,4G,5,Satisfactory,23.38007833,77.76839667,Madhya Pradesh,11,2021
Outdoor,Airtel,4G,5,Satisfactory,23.37940667,77.76847,Madhya Pradesh,11,2021
Outdoor,Airtel,4G,5,Satisfactory,23.38029167,77.767,Madhya Pradesh,11,2021
Outdoor,Airtel,4G,5,Satisfactory,23.37944,77.76842667,Madhya Pradesh,11,2021
Outdoor,Airtel,4G,5,Satisfactory,23.29479333,77.68715833,Madhya Pradesh,11,2021
Outdoor,Airtel,4G,5,Satisfactory,23.3758974,77.7615913,Madhya Pradesh,11,2021
Outdoor,Airtel,4G,5,Satisfactory,23.37952167,77.76884167,Madhya Pradesh,11,2021
Outdoor,Airtel,4G,5,Satisfactory,23.37952167,77.76884167,Madhya Pradesh,11,2021
Outdoor,Airtel,4G,4,Satisfactory,18.46483718,79.11087822,Telangana,11,2021
Outdoor,Airtel,4G,5,Satisfactory,23.37952167,77.76884167,Madhya Pradesh,11,2021
Outdoor,Airtel,4G,5,Satisfactory,23.33040833,77.790555,Madhya Pradesh,11,2021
Outdoor,Airtel,4G,5,Satisfactory,23.33040833,77.790555,Madhya Pradesh,11,2021
Outdoor,Airtel,4G,5,Satisfactory,23.37927167,77.76874833,Madhya Pradesh,11,2021
Outdoor,Airtel,4G,5,Satisfactory,23.45018,77.69810167,Madhya Pradesh,11,2021
Outdoor,Airtel,4G,5,Satisfactory,23.45018,77.69810167,Madhya Pradesh,11,2021
Outdoor,Airtel,4G,5,Satisfactory,23.45018,77.69810167,Madhya Pradesh,11,2021
Outdoor,Airtel,4G,5,Satisfactory,23.37946333,77.76836667,Madhya Pradesh,11,2021
Outdoor,Airtel,4G,1,Call Dropped,26.16419285,84.44007364,Bihar,11,2021
Outdoor,Airtel,4G,5,Satisfactory,23.394495,77.75408833,Madhya Pradesh,11,2021
Outdoor,Airtel,4G,5,Satisfactory,23.381905,77.75889833,Madhya Pradesh,10,2021
Outdoor,Airtel,4G,5,Satisfactory,23.3729799,78.0190036,Madhya Pradesh,10,2021
Outdoor,Airtel,4G,5,Satisfactory,23.32703667,77.80723833,Madhya Pradesh,10,2021
Outdoor,Airtel,4G,5,Satisfactory,23.32703667,77.80723833,Madhya Pradesh,10,2021
Outdoor,Airtel,4G,5,Satisfactory,23.41412667,77.749885,Madhya Pradesh,10,2021
Outdoor,Airtel,4G,5,Satisfactory,23.379385,77.76862,Madhya Pradesh,10,2021
Outdoor,Airtel,4G,5,Satisfactory,23.33025833,77.78689333,Madhya Pradesh,10,2021
Outdoor,Airtel,4G,5,Satisfactory,23.37934333,77.768475,Madhya Pradesh,10,2021
Outdoor,Airtel,4G,5,Satisfactory,23.33288833,77.78144167,Madhya Pradesh,10,2021
Outdoor,Airtel,4G,5,Satisfactory,23.33288833,77.78144167,Madhya Pradesh,10,2021
Outdoor,Airtel,4G,5,Satisfactory,23.37945667,77.76856333,Madhya Pradesh,10,2021
Outdoor,Airtel,4G,5,Satisfactory,23.37945667,77.76856333,Madhya Pradesh,10,2021
Outdoor,Airtel,4G,5,Satisfactory,23.37996333,77.76938833,Madhya Pradesh,10,2021
Outdoor,Airtel,4G,5,Satisfactory,23.37963,77.76894833,Madhya Pradesh,10,2021
Outdoor,Airtel,4G,5,Satisfactory,23.37980667,77.76883833,Madhya Pradesh,10,2021
Outdoor,Airtel,4G,5,Satisfactory,23.37980667,77.76883833,Madhya Pradesh,10,2021
Outdoor,Airtel,4G,5,Satisfactory,28.5567563,77.0539586,Delhi,12,2021
Outdoor,Airtel,4G,5,Satisfactory,28.56501383,77.05969057,Delhi,12,2021
Outdoor,Airtel,4G,5,Satisfactory,28.58234631,77.26196509,Delhi,12,2021
Outdoor,Airtel,4G,1,Call Dropped,28.60326842,77.19055228,Delhi,12,2021
Outdoor,Airtel,4G,5,Satisfactory,28.60326842,77.19055228,Delhi,12,2021
Outdoor,Airtel,4G,5,Satisfactory,28.58898096,77.25608577,Delhi,12,2021
Outdoor,Airtel,4G,5,Satisfactory,28.54061977,77.08106727,Delhi,12,2021
Outdoor,Airtel,4G,1,Poor Voice Quality,29.2994156,73.904119,Rajasthan,11,2021
Outdoor,Airtel,4G,5,Satisfactory,10.30305892,76.22316799,Kerala,11,2021
Outdoor,Airtel,4G,5,Satisfactory,10.30807928,76.2185927,Kerala,11,2021
Outdoor,Airtel,4G,5,Satisfactory,23.33025833,77.789635,Madhya Pradesh,11,2021
Outdoor,Airtel,4G,4,Satisfactory,29.00786231,77.6868823,Uttar Pradesh,12,2021
Outdoor,Airtel,4G,5,Satisfactory,16.97926,82.2642708,Andhra Pradesh,5,2021
Outdoor,Airtel,4G,3,Satisfactory,28.63873164,77.23624968,Delhi,4,2021
Outdoor,Airtel,4G,1,Call Dropped,29.9706924,77.771818,Uttar Pradesh,5,2021
Outdoor,Airtel,4G,1,Call Dropped,29.97096112,77.7719077,Uttar Pradesh,5,2021
Outdoor,Airtel,4G,3,Satisfactory,28.59674684,77.08096918,Delhi,5,2021
Outdoor,Airtel,4G,4,Satisfactory,22.75084,86.20876333,Jharkhand,4,2021
Outdoor,Airtel,4G,4,Satisfactory,22.75472667,86.21059,Jharkhand,4,2021
Outdoor,Airtel,4G,4,Satisfactory,22.75320333,86.20963667,Jharkhand,4,2021
Outdoor,Airtel,4G,4,Satisfactory,22.75435167,86.21066333,Jharkhand,4,2021
Outdoor,Airtel,4G,4,Satisfactory,22.7529056,86.20902,Jharkhand,4,2021
Outdoor,Airtel,4G,4,Satisfactory,22.7548127,86.2105281,Jharkhand,4,2021
Outdoor,Airtel,4G,4,Satisfactory,16.87147963,79.67191825,Telangana,4,2021
Outdoor,Airtel,4G,4,Satisfactory,22.7529056,86.20902,Jharkhand,3,2021
Outdoor,Airtel,4G,2,Call Dropped,13.21323126,75.51074613,Karnataka,3,2021
Outdoor,Airtel,4G,4,Satisfactory,24.08862167,88.25508333,West Bengal,3,2021
Outdoor,Airtel,4G,4,Satisfactory,24.08862167,88.25508333,West Bengal,3,2021
Outdoor,Airtel,4G,4,Satisfactory,22.75468333,86.21058833,Jharkhand,3,2021
Outdoor,Airtel,4G,1,Poor Voice Quality,15.7357316,79.2657289,Andhra Pradesh,3,2021
Outdoor,Airtel,4G,2,Call Dropped,15.7343768,79.2632194,Andhra Pradesh,3,2021
Outdoor,Airtel,4G,5,Satisfactory,23.52596477,72.38917653,Gujarat,3,2021
Outdoor,Airtel,4G,4,Satisfactory,24.08866,88.2552,West Bengal,3,2021
Outdoor,Airtel,4G,3,Poor Voice Quality,24.74268,87.82046,Jharkhand,3,2021
Outdoor,Airtel,4G,4,Satisfactory,24.08857667,88.25565833,West Bengal,4,2021
Outdoor,Airtel,4G,3,Poor Voice Quality,24.75110167,87.81732333,West Bengal,4,2021
Outdoor,Airtel,4G,2,Call Dropped,19.0781744,74.7717545,Maharashtra,4,2021
Outdoor,Airtel,4G,4,Satisfactory,13.93681268,75.54818345,Karnataka,5,2021
Outdoor,Airtel,4G,4,Satisfactory,22.7519,86.21015667,Jharkhand,4,2021
Outdoor,Airtel,4G,4,Satisfactory,22.752785,86.210535,Jharkhand,4,2021
Outdoor,Airtel,4G,2,Poor Voice Quality,24.9920896,93.896713,Manipur,4,2021
Outdoor,Airtel,4G,5,Satisfactory,23.33030667,77.78558,Madhya Pradesh,11,2021
Outdoor,Airtel,4G,4,Satisfactory,22.7536867,86.2106084,Jharkhand,4,2021
Outdoor,Airtel,4G,4,Satisfactory,24.10983333,88.24804167,West Bengal,3,2021
Outdoor,Airtel,4G,1,Poor Voice Quality,26.9351577,75.7906978,Rajasthan,2,2021
Outdoor,Airtel,4G,1,Poor Voice Quality,26.71989095,88.42399016,West Bengal,2,2021
Outdoor,Airtel,4G,1,Poor Voice Quality,26.9162234,75.81527299,Rajasthan,2,2021
Outdoor,Airtel,4G,1,Poor Voice Quality,26.95288916,75.74432583,Rajasthan,3,2021
Outdoor,Airtel,4G,5,Satisfactory,13.2113674,75.4958219,Karnataka,3,2021
Outdoor,Airtel,4G,1,Poor Voice Quality,12.2995766,76.6994482,Karnataka,3,2021
Outdoor,Airtel,4G,5,Satisfactory,13.2132147,75.51068501,Karnataka,3,2021
Outdoor,Airtel,4G,4,Satisfactory,24.08846333,88.25578667,West Bengal,3,2021
Outdoor,Airtel,4G,1,Poor Voice Quality,18.4860751,73.8770764,Maharashtra,3,2021
Outdoor,Airtel,4G,5,Satisfactory,16.95202671,81.25901861,Andhra Pradesh,3,2021
Outdoor,Airtel,4G,4,Satisfactory,24.08942,88.25581333,West Bengal,3,2021
Outdoor,Airtel,4G,5,Satisfactory,13.21329202,75.5108206,Karnataka,3,2021
Outdoor,Airtel,4G,5,Satisfactory,22.7525637,86.2102907,Jharkhand,3,2021
Outdoor,Airtel,4G,4,Satisfactory,22.75138667,86.20782667,Jharkhand,3,2021
Outdoor,Airtel,4G,4,Satisfactory,22.7525637,86.2102907,Jharkhand,3,2021
Outdoor,Airtel,4G,5,Satisfactory,16.54084986,81.5249503,Andhra Pradesh,3,2021
Outdoor,Airtel,4G,5,Satisfactory,16.5444212,81.5236728,Andhra Pradesh,3,2021
Outdoor,Airtel,4G,1,Call Dropped,12.97628206,77.57487223,Karnataka,3,2021
Outdoor,Airtel,4G,3,Poor Voice Quality,13.20616186,75.51179037,Karnataka,3,2021
Outdoor,Airtel,4G,5,Satisfactory,16.5443972,81.5236689,Andhra Pradesh,3,2021
Outdoor,Airtel,4G,3,Poor Voice Quality,20.5797544,86.5440121,Odisha,3,2021
Outdoor,Airtel,4G,4,Satisfactory,24.08749333,88.26138333,West Bengal,3,2021
Outdoor,Airtel,4G,4,Satisfactory,10.30307109,76.22308848,Kerala,6,2021
Outdoor,Airtel,4G,5,Satisfactory,10.30300449,76.22310865,Kerala,7,2021
Outdoor,Airtel,4G,4,Satisfactory,16.88413167,79.69171219,Telangana,7,2021
Outdoor,Airtel,4G,4,Satisfactory,24.7442502,87.8166211,Jharkhand,7,2021
Outdoor,Airtel,4G,1,Call Dropped,10.4672417,77.8165359,Tamil Nadu,6,2021
Outdoor,Airtel,4G,5,Satisfactory,22.6744317,75.55484102,Madhya Pradesh,2,2021
Outdoor,Airtel,4G,5,Satisfactory,22.68393895,75.4531913,Madhya Pradesh,2,2021
Outdoor,Airtel,4G,5,Satisfactory,22.68393895,75.4531913,Madhya Pradesh,2,2021
Outdoor,Airtel,4G,1,Call Dropped,16.7655944,81.6939886,Andhra Pradesh,3,2021
Outdoor,Airtel,4G,4,Satisfactory,22.65557667,88.38277333,West Bengal,3,2021
Outdoor,Airtel,4G,4,Satisfactory,16.78044694,81.52513457,Andhra Pradesh,3,2021
Outdoor,Airtel,4G,4,Satisfactory,16.78442474,81.52618884,Andhra Pradesh,3,2021
Outdoor,Airtel,4G,4,Satisfactory,13.2146089,75.50100604,Karnataka,7,2021
Outdoor,Airtel,4G,3,Satisfactory,25.14888152,75.85362691,Rajasthan,7,2021
Outdoor,Airtel,4G,1,Poor Voice Quality,29.29678706,73.90220563,Rajasthan,7,2021
Outdoor,Airtel,4G,5,Satisfactory,10.30296925,76.22310034,Kerala,7,2021
Outdoor,Airtel,4G,4,Satisfactory,17.4401402,78.3985925,Telangana,7,2021
Outdoor,Airtel,4G,1,Call Dropped,10.819595,77.20689,Tamil Nadu,7,2021
Outdoor,Airtel,4G,1,Call Dropped,10.81966167,77.20716,Tamil Nadu,7,2021
Outdoor,Airtel,4G,4,Satisfactory,17.440033,78.398536,Telangana,7,2021
Outdoor,Airtel,4G,5,Satisfactory,10.30297637,76.22313917,Kerala,7,2021
Outdoor,Airtel,4G,1,Poor Voice Quality,10.81975667,77.20702167,Tamil Nadu,7,2021
Outdoor,Airtel,4G,1,Call Dropped,10.81972167,77.20681,Tamil Nadu,7,2021
Outdoor,Airtel,4G,2,Call Dropped,10.81966667,77.20679667,Tamil Nadu,7,2021
Outdoor,Airtel,4G,1,Call Dropped,10.81966333,77.20680833,Tamil Nadu,7,2021
Outdoor,Airtel,4G,1,Call Dropped,10.81507833,77.20936667,Tamil Nadu,7,2021
Outdoor,Airtel,4G,5,Satisfactory,16.87074454,74.19512711,Maharashtra,7,2021
Outdoor,Airtel,4G,5,Satisfactory,16.87074454,74.19512711,Maharashtra,7,2021
Outdoor,Airtel,4G,1,Poor Voice Quality,10.82895167,77.195015,Tamil Nadu,7,2021
Outdoor,Airtel,4G,1,Call Dropped,28.1942334,76.8393081,Rajasthan,6,2021
Outdoor,Airtel,4G,5,Satisfactory,22.657624,75.9046328,Madhya Pradesh,1,2021
Outdoor,Airtel,4G,5,Satisfactory,22.6577373,75.9045604,Madhya Pradesh,1,2021
Outdoor,Airtel,4G,5,Satisfactory,22.6577484,75.9045499,Madhya Pradesh,1,2021
Outdoor,Airtel,4G,5,Satisfactory,26.10390833,80.35736333,Uttar Pradesh,1,2021
Outdoor,Airtel,4G,5,Satisfactory,26.10385833,80.35722667,Uttar Pradesh,1,2021
Outdoor,Airtel,4G,1,Poor Voice Quality,12.29229855,76.70084475,Karnataka,1,2021
Outdoor,Airtel,4G,5,Satisfactory,22.65755818,75.90469652,Madhya Pradesh,1,2021
Outdoor,Airtel,4G,5,Satisfactory,23.04400538,72.5207393,Gujarat,1,2021
Outdoor,Airtel,4G,5,Satisfactory,23.04592714,72.51575282,Gujarat,1,2021
Outdoor,Airtel,4G,5,Satisfactory,23.07114007,72.51958707,Gujarat,1,2021
Outdoor,Airtel,4G,5,Satisfactory,22.65759497,75.90461819,Madhya Pradesh,1,2021
Outdoor,Airtel,4G,5,Satisfactory,22.6576346,75.90463866,Madhya Pradesh,1,2021
Outdoor,Airtel,4G,4,Satisfactory,21.16945512,81.79308045,Chhattisgarh,1,2021
Outdoor,Airtel,4G,5,Satisfactory,23.10202,72.60363333,Gujarat,1,2021
Outdoor,Airtel,4G,5,Satisfactory,28.38132841,77.31794899,Haryana,1,2021
Outdoor,Airtel,4G,5,Satisfactory,23.10225333,72.60347833,Gujarat,1,2021
Outdoor,Airtel,4G,5,Satisfactory,23.10225333,72.60347833,Gujarat,1,2021
Outdoor,Airtel,4G,5,Satisfactory,22.65762582,75.90460146,Madhya Pradesh,1,2021
Outdoor,Airtel,4G,1,Call Dropped,28.539007,77.2744727,Delhi,9,2021
Outdoor,Airtel,4G,1,Poor Voice Quality,28.5390294,77.2745819,Delhi,9,2021
Outdoor,Airtel,4G,5,Satisfactory,10.3029805,76.223111,Kerala,9,2021
Outdoor,Airtel,4G,1,Poor Voice Quality,28.5390168,77.2748168,Delhi,9,2021
Outdoor,Airtel,4G,5,Satisfactory,13.21337226,75.51049803,Karnataka,1,2021
Outdoor,Airtel,4G,5,Satisfactory,26.84425259,80.88415228,Uttar Pradesh,1,2021
Outdoor,Airtel,4G,5,Satisfactory,26.84428747,80.88416229,Uttar Pradesh,1,2021
Outdoor,Airtel,4G,5,Satisfactory,26.844253,80.8842032,Uttar Pradesh,1,2021
Outdoor,Airtel,4G,1,Poor Voice Quality,12.2999258,76.6984759,Karnataka,1,2021
Outdoor,Airtel,4G,5,Satisfactory,23.04365197,72.51614294,Gujarat,1,2021
Outdoor,Airtel,4G,3,Poor Voice Quality,13.21318783,75.51081003,Karnataka,1,2021
Outdoor,Airtel,4G,5,Satisfactory,22.6575745,75.90453925,Madhya Pradesh,1,2021
Outdoor,Airtel,4G,5,Satisfactory,22.65769056,75.90463158,Madhya Pradesh,1,2021
Outdoor,Airtel,4G,3,Satisfactory,24.09926167,88.25628667,West Bengal,1,2021
Outdoor,Airtel,4G,5,Satisfactory,21.22370642,72.82391835,Gujarat,1,2021
Outdoor,Airtel,4G,4,Satisfactory,14.42758707,78.83004634,Andhra Pradesh,1,2021
Outdoor,Airtel,4G,5,Satisfactory,22.65762302,75.90467709,Madhya Pradesh,1,2021
Outdoor,Airtel,4G,5,Satisfactory,22.65766747,75.90467942,Madhya Pradesh,1,2021
Outdoor,Airtel,4G,1,Call Dropped,10.82189,77.17312,Tamil Nadu,8,2021
Outdoor,Airtel,4G,1,Poor Voice Quality,22.6482397,78.3885215,Madhya Pradesh,10,2021
Outdoor,Airtel,4G,5,Satisfactory,23.37947667,77.75995667,Madhya Pradesh,10,2021
Outdoor,Airtel,4G,5,Satisfactory,23.327625,77.80766833,Madhya Pradesh,10,2021
Outdoor,Airtel,4G,5,Satisfactory,23.327625,77.80766833,Madhya Pradesh,10,2021
Outdoor,Airtel,4G,5,Satisfactory,23.327625,77.80766833,Madhya Pradesh,10,2021
Outdoor,Airtel,4G,5,Satisfactory,23.327625,77.80766833,Madhya Pradesh,10,2021
Outdoor,Airtel,4G,5,Satisfactory,23.327625,77.80766833,Madhya Pradesh,10,2021
Outdoor,Airtel,4G,4,Satisfactory,17.0033203,81.7688028,Andhra Pradesh,10,2021
Outdoor,Airtel,4G,3,Satisfactory,23.32718,77.80725333,Madhya Pradesh,10,2021
Outdoor,Airtel,4G,5,Satisfactory,23.327115,77.80718167,Madhya Pradesh,10,2021
Outdoor,Airtel,4G,5,Satisfactory,23.327115,77.80718167,Madhya Pradesh,10,2021
Outdoor,Airtel,4G,5,Satisfactory,23.32744,77.80679,Madhya Pradesh,10,2021
Outdoor,Airtel,4G,5,Satisfactory,23.32744,77.80679,Madhya Pradesh,10,2021
Outdoor,Airtel,4G,5,Satisfactory,23.32744,77.80679,Madhya Pradesh,10,2021
Outdoor,Airtel,4G,5,Satisfactory,23.32744,77.80679,Madhya Pradesh,10,2021
Outdoor,Airtel,4G,5,Satisfactory,23.32744,77.80679,Madhya Pradesh,10,2021
Outdoor,Airtel,4G,5,Satisfactory,23.32744,77.80679,Madhya Pradesh,10,2021
Outdoor,Airtel,4G,1,Poor Voice Quality,26.58144563,93.29337616,Assam,10,2021
Outdoor,Airtel,4G,5,Satisfactory,23.32744,77.80679,Madhya Pradesh,10,2021
Outdoor,Airtel,4G,5,Satisfactory,23.37673667,77.77001,Madhya Pradesh,10,2021
Outdoor,Airtel,4G,5,Satisfactory,23.38043333,77.75955667,Madhya Pradesh,10,2021
Outdoor,Airtel,4G,5,Satisfactory,23.38043333,77.75955667,Madhya Pradesh,10,2021
Outdoor,Airtel,4G,5,Satisfactory,23.38043333,77.75955667,Madhya Pradesh,10,2021
Outdoor,Airtel,4G,5,Satisfactory,23.38043333,77.75955667,Madhya Pradesh,10,2021
Outdoor,Airtel,4G,5,Satisfactory,23.38043333,77.75955667,Madhya Pradesh,10,2021
Outdoor,Airtel,4G,1,Poor Voice Quality,28.5387552,77.2743702,Delhi,10,2021
Outdoor,Airtel,4G,5,Satisfactory,23.40608,77.75124,Madhya Pradesh,10,2021
Outdoor,Airtel,4G,5,Satisfactory,23.37946333,77.768505,Madhya Pradesh,10,2021
Outdoor,Airtel,4G,5,Satisfactory,23.30626167,77.87196833,Madhya Pradesh,10,2021
Outdoor,Airtel,4G,5,Satisfactory,12.90670124,77.5725004,Karnataka,8,2021
Outdoor,Airtel,4G,5,Satisfactory,30.29777833,78.06960167,Uttarakhand,8,2021
Outdoor,Airtel,4G,1,Call Dropped,10.82623,77.19589167,Tamil Nadu,8,2021
Outdoor,Airtel,4G,4,Satisfactory,13.2159782,75.4965499,Karnataka,8,2021
Outdoor,Airtel,4G,1,Call Dropped,30.298265,78.06666333,Uttarakhand,8,2021
Outdoor,Airtel,4G,1,Call Dropped,10.81893167,77.20704167,Tamil Nadu,8,2021
Outdoor,Airtel,4G,1,Call Dropped,10.81857333,77.20728833,Tamil Nadu,8,2021
Outdoor,Airtel,4G,1,Call Dropped,10.81861167,77.206725,Tamil Nadu,8,2021
Outdoor,Airtel,4G,1,Call Dropped,10.819475,77.20696,Tamil Nadu,8,2021
Outdoor,Airtel,4G,1,Call Dropped,10.81963833,77.20701833,Tamil Nadu,8,2021
Outdoor,Airtel,4G,1,Call Dropped,10.81947667,77.20695167,Tamil Nadu,8,2021
Outdoor,Airtel,4G,5,Satisfactory,22.65763034,75.90462689,Madhya Pradesh,1,2021
Outdoor,Airtel,4G,5,Satisfactory,28.53290878,77.24331343,Delhi,1,2021
Outdoor,Airtel,4G,1,Poor Voice Quality,28.505458,77.2996493,Delhi,1,2021
Outdoor,Airtel,4G,1,Poor Voice Quality,28.5054585,77.2996589,Delhi,1,2021
Outdoor,Airtel,4G,1,Poor Voice Quality,28.5054624,77.2996598,Delhi,1,2021
Outdoor,Airtel,4G,5,Satisfactory,21.07993578,72.70659013,Gujarat,10,2021
Outdoor,Airtel,4G,3,Poor Voice Quality,28.5569782,77.0540858,Delhi,10,2021
Outdoor,Airtel,4G,1,Call Dropped,24.50192667,86.69466167,Jharkhand,10,2021
Outdoor,Airtel,4G,1,Poor Voice Quality,26.77996019,81.05483108,Uttar Pradesh,8,2021
Outdoor,Airtel,4G,3,Poor Voice Quality,27.18870372,77.99043055,Uttar Pradesh,8,2021
Outdoor,Airtel,4G,4,Satisfactory,23.07372,72.5053777,Gujarat,1,2021
Outdoor,Airtel,4G,1,Poor Voice Quality,28.5389874,77.2745541,Delhi,10,2021
Outdoor,Airtel,4G,1,Call Dropped,10.819545,77.20650167,Tamil Nadu,7,2021
Outdoor,Airtel,4G,1,Call Dropped,10.81959333,77.207285,Tamil Nadu,7,2021
Outdoor,Airtel,4G,1,Call Dropped,10.81947667,77.20679667,Tamil Nadu,7,2021
Outdoor,Airtel,4G,5,Satisfactory,10.30304325,76.2230874,Kerala,7,2021
Outdoor,Airtel,4G,1,Call Dropped,10.81956333,77.20681167,Tamil Nadu,8,2021
Outdoor,Airtel,4G,1,Call Dropped,10.819325,77.20747167,Tamil Nadu,8,2021
Outdoor,Airtel,4G,1,Call Dropped,10.819325,77.20747167,Tamil Nadu,8,2021
Outdoor,Airtel,4G,1,Call Dropped,10.81949833,77.20685167,Tamil Nadu,8,2021
Outdoor,Airtel,4G,1,Call Dropped,10.819285,77.20728167,Tamil Nadu,8,2021
Outdoor,Airtel,4G,1,Call Dropped,10.815275,77.20816167,Tamil Nadu,8,2021
Outdoor,Airtel,4G,1,Call Dropped,10.81539667,77.20909,Tamil Nadu,8,2021
Outdoor,Airtel,4G,5,Satisfactory,12.6193755,75.2791191,Karnataka,9,2021
Outdoor,Airtel,4G,1,Poor Voice Quality,19.20962098,72.97188254,Maharashtra,10,2022
Outdoor,Airtel,4G,1,Poor Voice Quality,28.74370299,77.07615644,Delhi,10,2022
Outdoor,Airtel,4G,1,Poor Voice Quality,30.11538936,78.28190716,Uttarakhand,10,2022
Outdoor,Airtel,4G,1,Poor Voice Quality,16.48221886,81.1515816,Andhra Pradesh,10,2022
Outdoor,Airtel,4G,1,Poor Voice Quality,30.10772799,78.29747359,Uttarakhand,10,2022
Outdoor,Airtel,4G,3,Satisfactory,30.10478484,78.28757827,Uttarakhand,10,2022
Outdoor,Airtel,4G,1,Poor Voice Quality,10.81887167,77.20679833,Tamil Nadu,10,2022
Outdoor,Airtel,4G,1,Poor Voice Quality,10.81887167,77.20679833,Tamil Nadu,10,2022
Outdoor,Airtel,4G,1,Poor Voice Quality,10.81874,77.20680167,Tamil Nadu,10,2022
Outdoor,Airtel,4G,1,Poor Voice Quality,10.81556,77.20900667,Tamil Nadu,10,2022
Outdoor,Airtel,4G,1,Poor Voice Quality,10.81888,77.20671333,Tamil Nadu,10,2022
Outdoor,Airtel,4G,3,Satisfactory,30.1047942,78.287692,Uttarakhand,10,2022
Outdoor,Airtel,4G,3,Satisfactory,30.10492128,78.28756402,Uttarakhand,10,2022
Outdoor,Airtel,4G,3,Satisfactory,30.10483966,78.28763331,Uttarakhand,10,2022
Outdoor,Airtel,4G,3,Satisfactory,30.1047953,78.2876596,Uttarakhand,10,2022
Outdoor,Airtel,4G,3,Satisfactory,30.10491522,78.28764242,Uttarakhand,10,2022
Outdoor,Airtel,4G,3,Satisfactory,30.11633503,78.28086538,Uttarakhand,10,2022
Outdoor,Airtel,4G,1,Poor Voice Quality,19.227355,72.8554909,Maharashtra,10,2022
Outdoor,Airtel,4G,5,Satisfactory,22.58140833,88.569905,West Bengal,5,2022
Outdoor,Airtel,4G,1,Poor Voice Quality,13.07174292,77.56046675,Karnataka,8,2022
Outdoor,Airtel,4G,5,Satisfactory,15.89136667,76.485895,Karnataka,8,2022
Outdoor,Airtel,4G,5,Satisfactory,15.89143,76.48607,Karnataka,8,2022
Outdoor,Airtel,4G,5,Satisfactory,12.96302545,77.47501275,Karnataka,7,2022
Outdoor,Airtel,4G,2,Call Dropped,12.93570194,77.69497502,Karnataka,10,2022
Outdoor,Airtel,4G,3,Satisfactory,30.1048212,78.2876553,Uttarakhand,10,2022
Outdoor,Airtel,4G,3,Satisfactory,30.1048218,78.2876539,Uttarakhand,10,2022
Outdoor,Airtel,4G,3,Satisfactory,30.10481701,78.28765574,Uttarakhand,10,2022
Outdoor,Airtel,4G,5,Satisfactory,12.9384751,77.54044082,Karnataka,3,2024
Outdoor,Airtel,4G,3,Satisfactory,30.10494538,78.28773426,Uttarakhand,12,2023
Outdoor,Airtel,4G,1,Poor Voice Quality,30.10483168,78.28769381,Uttarakhand,12,2023
Outdoor,Airtel,4G,3,Satisfactory,30.11553956,78.28203693,Uttarakhand,12,2023
Outdoor,Airtel,4G,3,Satisfactory,30.11555576,78.28175641,Uttarakhand,12,2023
Outdoor,Airtel,4G,3,Satisfactory,30.10483455,78.28762703,Uttarakhand,12,2023
Outdoor,Airtel,4G,3,Satisfactory,30.089952,78.2885799,Uttarakhand,12,2023
Outdoor,Airtel,4G,3,Satisfactory,30.10457737,78.28756592,Uttarakhand,12,2023
Outdoor,Airtel,4G,2,Poor Voice Quality,13.0204484,77.716507,Karnataka,11,2023
Outdoor,Airtel,4G,1,Poor Voice Quality,12.92351333,77.67142,Karnataka,11,2023
Outdoor,Airtel,4G,1,Poor Voice Quality,30.11078106,78.28907042,Uttarakhand,11,2023
Outdoor,Airtel,4G,3,Satisfactory,30.10429715,78.28905184,Uttarakhand,11,2023
Outdoor,Airtel,4G,1,Poor Voice Quality,17.44494166,75.19214551,Maharashtra,1,2025
Outdoor,Airtel,4G,1,Poor Voice Quality,23.16063,79.93397333333334,Madhya Pradesh,1,2025
Outdoor,Airtel,4G,2,Poor Voice Quality,30.55374,75.74807166666666,Punjab,1,2025
Outdoor,Airtel,4G,2,Poor Voice Quality,30.55374,75.74807166666666,Punjab,1,2025
Outdoor,Airtel,4G,1,Call Dropped,26.465978333333336,86.50119333333332,Bihar,1,2025
Outdoor,Airtel,4G,1,Poor Voice Quality,26.466061666666665,86.50120333333334,Bihar,1,2025
Outdoor,Airtel,4G,1,Poor Voice Quality,30.9262126,74.6194625,Punjab,1,2025
Outdoor,Airtel,4G,1,Poor Voice Quality,30.9262126,74.6194625,Punjab,1,2025
Outdoor,Airtel,4G,2,Poor Voice Quality,29.80415259,76.40538299,Haryana,1,2025
Outdoor,Airtel,4G,1,Call Dropped,27.2261728,78.06101441,Uttar Pradesh,1,2025
Outdoor,Airtel,4G,1,Poor Voice Quality,25.433221785351638,81.87790816649795,Uttar Pradesh,2,2025
Outdoor,Airtel,4G,2,Poor Voice Quality,28.637071783333333,77.24116555,Delhi,3,2025
Outdoor,Airtel,4G,5,Satisfactory,25.61308,88.12908999999999,West Bengal,3,2025
Outdoor,Airtel,4G,5,Satisfactory,28.500733333333333,77.14554333333334,Delhi,3,2025
Outdoor,Airtel,4G,4,Satisfactory,19.883394590578973,75.35313181579113,Maharashtra,3,2025
Outdoor,Airtel,4G,2,Poor Voice Quality,25.433205314911906,81.87772083096206,Uttar Pradesh,2,2025
Outdoor,Airtel,4G,4,Satisfactory,28.64614174,77.23058811,Delhi,2,2025
Outdoor,Airtel,4G,1,Poor Voice Quality,18.99552333333333,75.75711666666666,Maharashtra,2,2025
Outdoor,Airtel,4G,1,Poor Voice Quality,18.99552333333333,75.75711666666666,Maharashtra,2,2025
Outdoor,Airtel,4G,1,Poor Voice Quality,18.9955,75.75712833333334,Maharashtra,2,2025
Outdoor,Airtel,4G,5,Satisfactory,30.25590157,76.00148758,Punjab,2,2025
Outdoor,Airtel,4G,5,Satisfactory,25.654811666666667,86.32887166666666,Bihar,2,2025
Outdoor,Airtel,4G,1,Poor Voice Quality,27.39789166666667,75.87326833333333,Rajasthan,2,2025
Outdoor,Airtel,4G,1,Poor Voice Quality,25.43327928520739,81.87778453342617,Uttar Pradesh,3,2025
Outdoor,Airtel,4G,4,Satisfactory,31.867378279566765,75.40176915,Punjab,3,2025
Outdoor,Airtel,4G,1,Poor Voice Quality,27.39741,75.87118333333333,Rajasthan,3,2025
Outdoor,Airtel,4G,5,Satisfactory,26.8738495,81.0200971,Uttar Pradesh,2,2025
Outdoor,Airtel,4G,4,Satisfactory,10.3029808,76.2231175,Kerala,3,2022
Outdoor,Airtel,4G,1,Call Dropped,18.76522,73.35296,Maharashtra,3,2022
Outdoor,Airtel,4G,5,Satisfactory,28.56439759,77.05467694,Delhi,1,2022
Outdoor,Airtel,4G,5,Satisfactory,28.56439759,77.05467694,Delhi,1,2022
Outdoor,Airtel,4G,5,Satisfactory,12.9565669,77.4895807,Karnataka,1,2022
Outdoor,Airtel,4G,1,Poor Voice Quality,19.8704797,75.5171626,Maharashtra,1,2022
Outdoor,Airtel,4G,1,Call Dropped,18.982435,73.11167333,Maharashtra,1,2022
Outdoor,Airtel,4G,3,Satisfactory,18.95485406,72.80136957,Maharashtra,2,2022
Outdoor,Airtel,4G,3,Poor Voice Quality,32.38997316,75.52061072,Jammu and Kashmir,2,2022
Outdoor,Airtel,4G,5,Satisfactory,12.96297903,77.47505263,Karnataka,2,2022
Outdoor,Airtel,4G,2,Poor Voice Quality,25.13523411,83.66386726,Bihar,12,2022
Outdoor,Airtel,4G,5,Satisfactory,23.3475187,85.3225067,Jharkhand,12,2022
Outdoor,Airtel,4G,1,Poor Voice Quality,10.81894167,77.20694,Tamil Nadu,12,2022
Outdoor,Airtel,4G,1,Poor Voice Quality,10.81887167,77.20679833,Tamil Nadu,12,2022
Outdoor,Airtel,4G,1,Poor Voice Quality,10.82040167,77.20265833,Tamil Nadu,12,2022
Outdoor,Airtel,4G,1,Poor Voice Quality,10.81556,77.20900667,Tamil Nadu,12,2022
Outdoor,Airtel,4G,1,Poor Voice Quality,10.81556,77.20900667,Tamil Nadu,12,2022
Outdoor,Airtel,4G,3,Satisfactory,30.1047443,78.28759351,Uttarakhand,12,2022
Outdoor,Airtel,4G,5,Satisfactory,13.07191602,77.55996289,Karnataka,3,2023
Outdoor,Airtel,4G,5,Satisfactory,13.07388302,77.55816141,Karnataka,3,2023
Outdoor,Airtel,4G,5,Satisfactory,10.71925902,76.60098641,Kerala,3,2023
Outdoor,Airtel,4G,5,Satisfactory,10.76415033,76.55410689,Kerala,3,2023
Outdoor,Airtel,4G,5,Satisfactory,10.69029956,76.42145548,Kerala,3,2023
Outdoor,Airtel,4G,5,Satisfactory,10.61163186,76.72838699,Kerala,3,2023
Outdoor,Airtel,4G,5,Satisfactory,10.59586178,76.66705478,Kerala,3,2023
Outdoor,Airtel,4G,5,Satisfactory,10.59574482,76.66724859,Kerala,3,2023
Outdoor,Airtel,4G,5,Satisfactory,10.59574482,76.66724859,Kerala,3,2023
Outdoor,Airtel,4G,5,Satisfactory,10.59573029,76.66717741,Kerala,3,2023
Outdoor,Airtel,4G,5,Satisfactory,10.71109689,76.55776568,Kerala,3,2023
Outdoor,Airtel,4G,5,Satisfactory,10.71213384,76.59240052,Kerala,3,2023
Outdoor,Airtel,4G,5,Satisfactory,10.7496331,76.5792357,Kerala,3,2023
Outdoor,Airtel,4G,5,Satisfactory,10.74964986,76.57932463,Kerala,3,2023
Outdoor,Airtel,4G,3,Satisfactory,30.10483966,78.28763331,Uttarakhand,11,2022
Outdoor,Airtel,4G,1,Call Dropped,19.2361375,72.8550002,Maharashtra,11,2022
Outdoor,Airtel,4G,2,Poor Voice Quality,19.22062151,72.84287017,Maharashtra,11,2022
Outdoor,Airtel,4G,3,Satisfactory,30.11633503,78.28086538,Uttarakhand,11,2022
Outdoor,Airtel,4G,1,Poor Voice Quality,28.74370299,77.07615644,Delhi,11,2022
Outdoor,Airtel,4G,5,Satisfactory,23.37989063,85.31013606,Jharkhand,1,2023
Outdoor,Airtel,4G,3,Satisfactory,30.1047769,78.2877034,Uttarakhand,1,2023
Outdoor,Airtel,4G,2,Call Dropped,12.93570194,77.69497502,Karnataka,1,2023
Outdoor,Airtel,4G,3,Satisfactory,30.1048218,78.2876539,Uttarakhand,1,2023
Outdoor,Airtel,4G,3,Satisfactory,30.10484772,78.28763594,Uttarakhand,1,2023
Outdoor,Airtel,4G,5,Satisfactory,23.3496549,85.3183875,Jharkhand,1,2023
Outdoor,Airtel,4G,3,Satisfactory,30.2925344,78.0795362,Uttarakhand,1,2023
Outdoor,Airtel,4G,1,Poor Voice Quality,30.28993472,78.08145174,Uttarakhand,1,2023
Outdoor,Airtel,4G,3,Satisfactory,13.03769,77.60806167,Karnataka,2,2023
Outdoor,Airtel,4G,5,Satisfactory,13.0686457,77.5597686,Karnataka,2,2023
Outdoor,Airtel,4G,1,Poor Voice Quality,13.75257577,79.69448862,Andhra Pradesh,7,2023
Outdoor,Airtel,4G,5,Satisfactory,12.84629432,77.68117766,Karnataka,4,2023
Outdoor,Airtel,4G,3,Poor Voice Quality,28.6983955,77.4345411,Uttar Pradesh,4,2023
Outdoor,Airtel,4G,1,Poor Voice Quality,21.52559995,80.48116529,Maharashtra,4,2023
Outdoor,Airtel,4G,1,Poor Voice Quality,19.2206149,72.8428621,Maharashtra,5,2023
Outdoor,Airtel,4G,1,Poor Voice Quality,21.21359131,81.37765073,Chhattisgarh,10,2024
Outdoor,Airtel,4G,1,Poor Voice Quality,21.21343385,81.37749624,Chhattisgarh,10,2024
Outdoor,Airtel,4G,3,Poor Voice Quality,19.2534386,73.0587902,Maharashtra,10,2024
Outdoor,Airtel,4G,1,Poor Voice Quality,13.00018243,79.85777391,Tamil Nadu,10,2024
Outdoor,Airtel,4G,5,Satisfactory,22.06597391,88.10686372,West Bengal,10,2024
Outdoor,Airtel,4G,3,Poor Voice Quality,17.497648,78.34053447,Telangana,10,2024
Outdoor,Airtel,4G,1,Call Dropped,19.10855584,72.88404494,Maharashtra,12,2024
Outdoor,Airtel,4G,5,Satisfactory,23.04949889,88.82549793,West Bengal,5,2024
Outdoor,Airtel,4G,1,Call Dropped,15.781571666666666,76.76540833333334,Karnataka,2,2025
Outdoor,Airtel,4G,1,Poor Voice Quality,30.26672827,76.03795002,Punjab,2,2025
Outdoor,Airtel,4G,5,Satisfactory,19.36802441,73.19513075,Maharashtra,2,2025
Outdoor,Airtel,4G,1,Poor Voice Quality,28.68099053855985,77.29690815322101,Delhi,2,2025
Outdoor,Airtel,4G,5,Satisfactory,28.6810289,77.2967322,Delhi,2,2025
Outdoor,Airtel,4G,1,Call Dropped,22.97474806196988,76.10182654112577,Madhya Pradesh,1,2025
Outdoor,Airtel,4G,4,Satisfactory,26.11175054,84.50607768,Bihar,1,2025
Outdoor,Airtel,4G,4,Satisfactory,26.4767319,80.2911883,Uttar Pradesh,1,2025
Outdoor,Airtel,4G,1,Poor Voice Quality,25.97118637058884,80.18334173597395,Uttar Pradesh,2,2025
Outdoor,Airtel,4G,1,Poor Voice Quality,25.421758,82.1837692,Uttar Pradesh,2,2025
Outdoor,Airtel,4G,1,Poor Voice Quality,25.4372537,82.1866812,Uttar Pradesh,2,2025
Outdoor,Airtel,4G,1,Poor Voice Quality,25.9703768,80.1832991,Uttar Pradesh,2,2025
Outdoor,Airtel,4G,1,Poor Voice Quality,25.9703768,80.1832991,Uttar Pradesh,2,2025
Outdoor,Airtel,4G,1,Poor Voice Quality,25.47422509,82.16624119,Uttar Pradesh,2,2025
Outdoor,Airtel,4G,1,Poor Voice Quality,15.0461127,77.815821,Andhra Pradesh,1,2025
Outdoor,Airtel,4G,1,Poor Voice Quality,15.1515875,76.8944615,Karnataka,1,2025
Outdoor,Airtel,4G,1,Poor Voice Quality,30.004263427108526,75.33447277732193,Punjab,1,2025
Outdoor,Airtel,4G,1,Poor Voice Quality,29.19314026,75.1266564,Rajasthan,7,2025
Outdoor,Airtel,4G,5,Satisfactory,18.162045,74.60133667,Maharashtra,7,2025
Outdoor,Airtel,4G,5,Satisfactory,13.041649,77.5733085,Karnataka,7,2025
Outdoor,Airtel,4G,1,Poor Voice Quality,26.014215,83.09456,Uttar Pradesh,12,2021
Outdoor,Airtel,4G,5,Satisfactory,23.41412667,77.749885,Madhya Pradesh,10,2021
Outdoor,Airtel,4G,5,Satisfactory,23.3295442,77.7983902,Madhya Pradesh,10,2021
Outdoor,Airtel,4G,5,Satisfactory,23.3302523,77.7931524,Madhya Pradesh,10,2021
Outdoor,Airtel,4G,5,Satisfactory,23.3302451,77.7931516,Madhya Pradesh,10,2021
Outdoor,Airtel,4G,5,Satisfactory,23.33025833,77.78689333,Madhya Pradesh,10,2021
Outdoor,Airtel,4G,5,Satisfactory,23.3304548,77.7824261,Madhya Pradesh,10,2021
Outdoor,Airtel,4G,5,Satisfactory,23.33288833,77.78144167,Madhya Pradesh,10,2021
Outdoor,Airtel,4G,5,Satisfactory,23.439295,77.75964667,Madhya Pradesh,10,2021
Outdoor,Airtel,4G,5,Satisfactory,23.32708667,77.80721333,Madhya Pradesh,10,2021
Outdoor,Airtel,4G,5,Satisfactory,23.37963,77.76894833,Madhya Pradesh,10,2021
Outdoor,Airtel,4G,2,Poor Voice Quality,23.37963,77.76894833,Madhya Pradesh,10,2021
Outdoor,Airtel,4G,5,Satisfactory,23.37980667,77.76883833,Madhya Pradesh,10,2021
Outdoor,Airtel,4G,1,Poor Voice Quality,16.6775213,74.2556413,Maharashtra,10,2021
Outdoor,Airtel,4G,5,Satisfactory,23.37980667,77.76883833,Madhya Pradesh,10,2021
Outdoor,Airtel,4G,5,Satisfactory,23.37959167,77.76880833,Madhya Pradesh,11,2021
Outdoor,Airtel,4G,5,Satisfactory,28.55984488,77.05922965,Delhi,11,2021
Outdoor,Airtel,4G,5,Satisfactory,23.32720333,77.80642833,Madhya Pradesh,11,2021
Outdoor,Airtel,4G,5,Satisfactory,23.38007833,77.76839667,Madhya Pradesh,11,2021
Outdoor,Airtel,4G,1,Call Dropped,21.1659052,72.7885025,Gujarat,11,2021
Outdoor,Airtel,4G,5,Satisfactory,23.37940667,77.76847,Madhya Pradesh,11,2021
Outdoor,Airtel,4G,4,Satisfactory,18.52203445,79.30537392,Telangana,11,2021
Outdoor,Airtel,4G,5,Satisfactory,23.38017667,77.766585,Madhya Pradesh,11,2021
Outdoor,Airtel,4G,5,Satisfactory,23.40028333,77.75218667,Madhya Pradesh,11,2021
Outdoor,Airtel,4G,5,Satisfactory,23.32995333,77.78836833,Madhya Pradesh,11,2021
Outdoor,Airtel,4G,5,Satisfactory,23.32995333,77.78836833,Madhya Pradesh,11,2021
Outdoor,Airtel,4G,5,Satisfactory,23.37937167,77.76845667,Madhya Pradesh,11,2021
Outdoor,Airtel,4G,5,Satisfactory,23.37952167,77.76884167,Madhya Pradesh,11,2021
Outdoor,Airtel,4G,5,Satisfactory,23.37941167,77.76856667,Madhya Pradesh,11,2021
Outdoor,Airtel,4G,5,Satisfactory,23.32943167,77.79827667,Madhya Pradesh,11,2021
Outdoor,Airtel,4G,4,Satisfactory,18.4649137,79.11103317,Telangana,11,2021
Outdoor,Airtel,4G,5,Satisfactory,10.30300856,76.22312844,Kerala,7,2021
Outdoor,Airtel,4G,5,Satisfactory,10.30300449,76.22310865,Kerala,7,2021
Outdoor,Airtel,4G,5,Satisfactory,18.53272547,73.61747499,Maharashtra,7,2021
Outdoor,Airtel,4G,5,Satisfactory,23.30626167,77.87196833,Madhya Pradesh,10,2021
Outdoor,Airtel,4G,5,Satisfactory,23.30626167,77.87196833,Madhya Pradesh,10,2021
Outdoor,Airtel,4G,5,Satisfactory,23.30626167,77.87196833,Madhya Pradesh,10,2021
Outdoor,Airtel,4G,5,Satisfactory,23.30626167,77.87196833,Madhya Pradesh,10,2021
Outdoor,Airtel,4G,5,Satisfactory,23.30626167,77.87196833,Madhya Pradesh,10,2021
Outdoor,Airtel,4G,5,Satisfactory,23.30626167,77.87196833,Madhya Pradesh,10,2021
Outdoor,Airtel,4G,5,Satisfactory,23.37939167,77.76870167,Madhya Pradesh,10,2021
Outdoor,Airtel,4G,5,Satisfactory,23.3377173,77.7782856,Madhya Pradesh,10,2021
Outdoor,Airtel,4G,5,Satisfactory,23.329523,77.7985104,Madhya Pradesh,10,2021
Outdoor,Airtel,4G,5,Satisfactory,23.3294869,77.7986296,Madhya Pradesh,10,2021
Outdoor,Airtel,4G,5,Satisfactory,23.3144401,77.9583386,Madhya Pradesh,10,2021
Outdoor,Airtel,4G,5,Satisfactory,23.3621121,78.0300623,Madhya Pradesh,10,2021
Outdoor,Airtel,4G,5,Satisfactory,23.379215,77.76847333,Madhya Pradesh,10,2021
Outdoor,Airtel,4G,5,Satisfactory,23.379215,77.76847333,Madhya Pradesh,10,2021
Outdoor,Airtel,4G,1,Call Dropped,28.60326842,77.19055228,Delhi,12,2021
Outdoor,Airtel,4G,5,Satisfactory,28.57728431,77.05798301,Delhi,12,2021
Outdoor,Airtel,4G,5,Satisfactory,28.54061977,77.08106727,Delhi,12,2021
Outdoor,Airtel,4G,5,Satisfactory,28.54061977,77.08106727,Delhi,12,2021
Outdoor,Airtel,4G,5,Satisfactory,28.59054159,77.15748902,Delhi,12,2021
Outdoor,Airtel,4G,1,Poor Voice Quality,28.63094693,77.2160051,Delhi,12,2021
Outdoor,Airtel,4G,5,Satisfactory,10.34974734,76.20619118,Kerala,11,2021
Outdoor,Airtel,4G,5,Satisfactory,28.68168385,77.20122118,Delhi,11,2021
Outdoor,Airtel,4G,5,Satisfactory,23.33028667,77.78588833,Madhya Pradesh,11,2021
Outdoor,Airtel,4G,5,Satisfactory,23.381675,77.75914167,Madhya Pradesh,11,2021
Outdoor,Airtel,4G,4,Satisfactory,25.10242583,76.49780978,Rajasthan,10,2021
Outdoor,Airtel,4G,5,Satisfactory,23.37947667,77.75995667,Madhya Pradesh,10,2021
Outdoor,Airtel,4G,5,Satisfactory,23.37947667,77.75995667,Madhya Pradesh,10,2021
Outdoor,Airtel,4G,5,Satisfactory,23.38058,77.76431667,Madhya Pradesh,10,2021
Outdoor,Airtel,4G,5,Satisfactory,23.38058,77.76431667,Madhya Pradesh,10,2021
Outdoor,Airtel,4G,5,Satisfactory,23.38058,77.76431667,Madhya Pradesh,10,2021
Outdoor,Airtel,4G,5,Satisfactory,23.38058,77.76431667,Madhya Pradesh,10,2021
Outdoor,Airtel,4G,5,Satisfactory,23.327625,77.80766833,Madhya Pradesh,10,2021
Outdoor,Airtel,4G,5,Satisfactory,23.327625,77.80766833,Madhya Pradesh,10,2021
Outdoor,Airtel,4G,5,Satisfactory,23.327625,77.80766833,Madhya Pradesh,10,2021
Outdoor,Airtel,4G,5,Satisfactory,23.327625,77.80766833,Madhya Pradesh,10,2021
Outdoor,Airtel,4G,5,Satisfactory,23.327625,77.80766833,Madhya Pradesh,10,2021
Outdoor,Airtel,4G,5,Satisfactory,23.327625,77.80766833,Madhya Pradesh,10,2021
Outdoor,Airtel,4G,5,Satisfactory,23.327115,77.80718167,Madhya Pradesh,10,2021
Outdoor,Airtel,4G,5,Satisfactory,23.327115,77.80718167,Madhya Pradesh,10,2021
Outdoor,Airtel,4G,5,Satisfactory,23.327115,77.80718167,Madhya Pradesh,10,2021
Outdoor,Airtel,4G,4,Satisfactory,17.013031,79.4006271,Telangana,10,2021
Outdoor,Airtel,4G,5,Satisfactory,23.3296084,77.7981625,Madhya Pradesh,10,2021
Outdoor,Airtel,4G,5,Satisfactory,23.32744,77.80679,Madhya Pradesh,10,2021
Outdoor,Airtel,4G,5,Satisfactory,23.32744,77.80679,Madhya Pradesh,10,2021
Outdoor,Airtel,4G,5,Satisfactory,23.32744,77.80679,Madhya Pradesh,10,2021
Outdoor,Airtel,4G,5,Satisfactory,23.32744,77.80679,Madhya Pradesh,10,2021
Outdoor,Airtel,4G,5,Satisfactory,23.32744,77.80679,Madhya Pradesh,10,2021
Outdoor,Airtel,4G,5,Satisfactory,23.38043333,77.75955667,Madhya Pradesh,10,2021
Outdoor,Airtel,4G,5,Satisfactory,23.38043333,77.75955667,Madhya Pradesh,10,2021
Outdoor,Airtel,4G,5,Satisfactory,23.38043333,77.75955667,Madhya Pradesh,10,2021
Outdoor,Airtel,4G,5,Satisfactory,23.38043333,77.75955667,Madhya Pradesh,10,2021
Outdoor,Airtel,4G,5,Satisfactory,23.38043333,77.75955667,Madhya Pradesh,10,2021
Outdoor,Airtel,4G,5,Satisfactory,23.38025333,77.76995333,Madhya Pradesh,10,2021
Outdoor,Airtel,4G,5,Satisfactory,23.327175,77.80719667,Madhya Pradesh,10,2021
Outdoor,Airtel,4G,5,Satisfactory,23.40608,77.75124,Madhya Pradesh,10,2021
Outdoor,Airtel,4G,1,Call Dropped,21.16497953,72.78522075,Gujarat,10,2021
Outdoor,Airtel,4G,5,Satisfactory,23.29458833,77.68868667,Madhya Pradesh,10,2021
Outdoor,Airtel,4G,5,Satisfactory,21.9284886,87.5009388,West Bengal,1,2021
Outdoor,Airtel,4G,4,Satisfactory,16.8853662,79.6930024,Telangana,2,2021
Outdoor,Airtel,4G,5,Satisfactory,23.06324783,72.5313062,Gujarat,2,2021
Outdoor,Airtel,4G,1,Call Dropped,28.70859205,77.16712452,Delhi,2,2021
Outdoor,Airtel,4G,1,Call Dropped,22.26837451,70.81335032,Gujarat,2,2021
Outdoor,Airtel,4G,5,Satisfactory,23.04564503,72.51632971,Gujarat,2,2021
Outdoor,Airtel,4G,1,Call Dropped,29.2969433,73.9023614,Rajasthan,7,2021
Outdoor,Airtel,4G,1,Call Dropped,14.755258,78.5495531,Andhra Pradesh,6,2021
Outdoor,Airtel,4G,4,Satisfactory,10.30316857,76.22306599,Kerala,6,2021
Outdoor,Airtel,4G,2,Poor Voice Quality,28.45183651,77.05234339,Haryana,6,2021
Outdoor,Airtel,4G,1,Call Dropped,18.4951664,73.7967522,Maharashtra,6,2021
Outdoor,Airtel,4G,1,Poor Voice Quality,17.27557333,78.598335,Telangana,6,2021
Outdoor,Airtel,4G,4,Satisfactory,22.751135,86.20665,Jharkhand,4,2021
Outdoor,Airtel,4G,5,Satisfactory,21.2301033,72.7780595,Gujarat,1,2021
Outdoor,Airtel,4G,5,Satisfactory,17.415796,78.36998793,Telangana,1,2021
Outdoor,Airtel,4G,4,Satisfactory,12.9763578,77.71083263,Karnataka,1,2021
Outdoor,Airtel,4G,5,Satisfactory,26.10380333,80.35742,Uttar Pradesh,1,2021
Outdoor,Airtel,4G,5,Satisfactory,26.10385667,80.35738,Uttar Pradesh,1,2021
Outdoor,Airtel,4G,5,Satisfactory,26.10385833,80.35722667,Uttar Pradesh,1,2021
Outdoor,Airtel,4G,5,Satisfactory,23.04400538,72.5207393,Gujarat,1,2021
Outdoor,Airtel,4G,1,Call Dropped,26.95282335,75.74429673,Rajasthan,2,2021
Outdoor,Airtel,4G,1,Call Dropped,26.9528046,75.7442631,Rajasthan,2,2021
Outdoor,Airtel,4G,5,Satisfactory,31.24015667,76.36413667,Himachal Pradesh,1,2021
Outdoor,Airtel,4G,5,Satisfactory,10.35345135,76.21658487,Kerala,1,2021
Outdoor,Airtel,4G,3,Satisfactory,28.61456191,77.12493126,Delhi,4,2021
Outdoor,Airtel,4G,2,Poor Voice Quality,28.61456191,77.12493126,Delhi,4,2021
Outdoor,Airtel,4G,4,Satisfactory,22.7504941,86.2064164,Jharkhand,4,2021
Outdoor,Airtel,4G,4,Satisfactory,22.7529506,86.210926,Jharkhand,4,2021
Outdoor,Airtel,4G,4,Satisfactory,22.75213833,86.21046,Jharkhand,4,2021
Outdoor,Airtel,4G,4,Satisfactory,22.75213833,86.21046,Jharkhand,4,2021
Outdoor,Airtel,4G,4,Satisfactory,22.7531878,86.2095609,Jharkhand,4,2021
Outdoor,Airtel,4G,4,Satisfactory,22.7532672,86.2096408,Jharkhand,4,2021
Outdoor,Airtel,4G,2,Poor Voice Quality,28.6141026,77.1254348,Delhi,4,2021
Outdoor,Airtel,4G,3,Satisfactory,28.63934185,77.23554506,Delhi,4,2021
Outdoor,Airtel,4G,3,Satisfactory,28.63934185,77.23554506,Delhi,4,2021
Outdoor,Airtel,4G,5,Satisfactory,10.30296564,76.22312844,Kerala,5,2021
Outdoor,Airtel,4G,4,Satisfactory,16.88416701,79.69185236,Telangana,5,2021
Outdoor,Airtel,4G,4,Satisfactory,13.625594,79.4321741,Andhra Pradesh,2,2021
Outdoor,Airtel,4G,4,Satisfactory,22.80468167,86.20514333,Jharkhand,2,2021
Outdoor,Airtel,4G,4,Satisfactory,22.65371667,88.38780833,West Bengal,2,2021
Outdoor,Airtel,4G,4,Satisfactory,18.46485255,79.11108276,Telangana,2,2021
Outdoor,Airtel,4G,4,Satisfactory,19.6665893,78.5257596,Telangana,2,2021
Outdoor,Airtel,4G,1,Poor Voice Quality,26.92036613,75.79684465,Rajasthan,2,2021
Outdoor,Airtel,4G,5,Satisfactory,23.04564503,72.51632971,Gujarat,2,2021
Outdoor,Airtel,4G,1,Call Dropped,28.6973311,77.15714413,Delhi,2,2021
Outdoor,Airtel,4G,4,Satisfactory,24.088375,88.25609667,West Bengal,2,2021
Outdoor,Airtel,4G,1,Call Dropped,22.275529,70.8122508,Gujarat,2,2021
Outdoor,Airtel,4G,1,Poor Voice Quality,26.9528081,75.7441415,Rajasthan,2,2021
Outdoor,Airtel,4G,2,Poor Voice Quality,16.9289614,77.217724,Karnataka,2,2021
Outdoor,Airtel,4G,5,Satisfactory,16.5444107,81.5236679,Andhra Pradesh,3,2021
Outdoor,Airtel,4G,2,Poor Voice Quality,15.4999858,80.0505235,Andhra Pradesh,3,2021
Outdoor,Airtel,4G,1,Call Dropped,13.0029824,77.7116956,Karnataka,3,2021
Outdoor,Airtel,4G,5,Satisfactory,13.21329202,75.5108206,Karnataka,3,2021
Outdoor,Airtel,4G,5,Satisfactory,22.6744317,75.55484102,Madhya Pradesh,2,2021
Outdoor,Airtel,4G,4,Satisfactory,22.65391833,88.386395,West Bengal,3,2021
Outdoor,Airtel,4G,1,Poor Voice Quality,18.9551488,72.8361252,Maharashtra,3,2021
Outdoor,Airtel,4G,4,Satisfactory,13.21328879,75.51074685,Karnataka,3,2021
Outdoor,Airtel,4G,4,Satisfactory,16.78041114,81.52511587,Andhra Pradesh,3,2021
Outdoor,Airtel,4G,1,Call Dropped,16.78344036,81.52697649,Andhra Pradesh,3,2021
Outdoor,Airtel,4G,1,Poor Voice Quality,26.9550693,75.7438594,Rajasthan,3,2021
Outdoor,Airtel,4G,1,Poor Voice Quality,22.83111154,70.79150045,Gujarat,3,2021
Outdoor,Airtel,4G,5,Satisfactory,15.42553527,75.01906339,Karnataka,8,2021
Outdoor,Airtel,4G,3,Satisfactory,18.95260282,72.81779321,Maharashtra,8,2021
Outdoor,Airtel,4G,5,Satisfactory,22.65767653,75.90467128,Madhya Pradesh,1,2021
Outdoor,Airtel,4G,5,Satisfactory,23.04365197,72.51614294,Gujarat,1,2021
Outdoor,Airtel,4G,5,Satisfactory,23.04365197,72.51614294,Gujarat,1,2021
Outdoor,Airtel,4G,5,Satisfactory,28.38132841,77.31794899,Haryana,1,2021
Outdoor,Airtel,4G,5,Satisfactory,17.41782435,78.36887626,Telangana,1,2021
Outdoor,Airtel,4G,5,Satisfactory,22.65762582,75.90460146,Madhya Pradesh,1,2021
Outdoor,Airtel,4G,5,Satisfactory,28.52834267,77.25574421,Delhi,1,2021
Outdoor,Airtel,4G,4,Satisfactory,19.074971,74.7773301,Maharashtra,4,2021
Outdoor,Airtel,4G,4,Satisfactory,22.7519,86.21015667,Jharkhand,4,2021
Outdoor,Airtel,4G,4,Satisfactory,22.7536417,86.2087023,Jharkhand,4,2021
Outdoor,Airtel,4G,4,Satisfactory,24.08860333,88.25503,West Bengal,4,2021
Outdoor,Airtel,4G,4,Satisfactory,22.754475,86.21064167,Jharkhand,4,2021
Outdoor,Airtel,4G,4,Satisfactory,24.08822,88.25468167,West Bengal,4,2021
Outdoor,Airtel,4G,5,Satisfactory,10.3030045,76.2231385,Kerala,7,2021
Outdoor,Airtel,4G,1,Poor Voice Quality,12.2924677,76.6963109,Karnataka,1,2021
Outdoor,Airtel,4G,5,Satisfactory,22.65763034,75.90462689,Madhya Pradesh,1,2021
Outdoor,Airtel,4G,4,Satisfactory,22.75059333,86.21228167,Jharkhand,4,2021
Outdoor,Airtel,4G,4,Satisfactory,22.75335167,86.209485,Jharkhand,4,2021
Outdoor,Airtel,4G,4,Satisfactory,22.75186167,86.21228167,Jharkhand,4,2021
Outdoor,Airtel,4G,4,Satisfactory,22.75025167,86.21051,Jharkhand,4,2021
Outdoor,Airtel,4G,4,Satisfactory,24.08864667,88.25694333,West Bengal,4,2021
Outdoor,Airtel,4G,5,Satisfactory,22.7521997,86.2102767,Jharkhand,4,2021
Outdoor,Airtel,4G,1,Poor Voice Quality,26.16066819,75.77966559,Rajasthan,4,2021
Outdoor,Airtel,4G,4,Satisfactory,22.75113,86.20649167,Jharkhand,4,2021
Outdoor,Airtel,4G,4,Satisfactory,16.88729084,79.69240039,Telangana,4,2021
Outdoor,Airtel,4G,1,Poor Voice Quality,28.505458,77.2996493,Delhi,1,2021
Outdoor,Airtel,4G,1,Poor Voice Quality,28.505458,77.2996493,Delhi,1,2021
Outdoor,Airtel,4G,1,Call Dropped,14.02788378,75.93179904,Karnataka,9,2021
Outdoor,Airtel,4G,1,Call Dropped,10.819545,77.206905,Tamil Nadu,8,2021
Outdoor,Airtel,4G,1,Call Dropped,10.82000833,77.20683167,Tamil Nadu,8,2021
Outdoor,Airtel,4G,1,Call Dropped,10.81989833,77.20659667,Tamil Nadu,8,2021
Outdoor,Airtel,4G,5,Satisfactory,13.21329261,75.51075132,Karnataka,1,2021
Outdoor,Airtel,4G,1,Poor Voice Quality,10.0236629,76.4644434,Kerala,1,2021
Outdoor,Airtel,4G,5,Satisfactory,22.65770754,75.90462361,Madhya Pradesh,1,2021
Outdoor,Airtel,4G,5,Satisfactory,22.65766226,75.90459812,Madhya Pradesh,1,2021
Outdoor,Airtel,4G,5,Satisfactory,12.6193413,75.2791367,Karnataka,9,2021
Outdoor,Airtel,4G,1,Call Dropped,10.819545,77.20650167,Tamil Nadu,7,2021
Outdoor,Airtel,4G,1,Call Dropped,10.81549833,77.20917167,Tamil Nadu,7,2021
Outdoor,Airtel,4G,1,Call Dropped,10.81979833,77.20667667,Tamil Nadu,8,2021
Outdoor,Airtel,4G,4,Satisfactory,14.432454,78.8324246,Andhra Pradesh,8,2021
Outdoor,Airtel,4G,1,Call Dropped,10.819845,77.20706333,Tamil Nadu,7,2021
Outdoor,Airtel,4G,1,Call Dropped,10.81946,77.20679833,Tamil Nadu,7,2021
Outdoor,Airtel,4G,4,Satisfactory,13.21367154,75.51057785,Karnataka,7,2021
Outdoor,Airtel,4G,1,Call Dropped,10.819575,77.20706167,Tamil Nadu,7,2021
Outdoor,Airtel,4G,1,Call Dropped,10.81949167,77.20670667,Tamil Nadu,7,2021
Outdoor,Airtel,4G,1,Call Dropped,10.81975167,77.20682667,Tamil Nadu,7,2021
Outdoor,Airtel,4G,1,Poor Voice Quality,10.81950167,77.20678333,Tamil Nadu,7,2021
Outdoor,Airtel,4G,1,Call Dropped,10.820085,77.206605,Tamil Nadu,7,2021
Outdoor,Airtel,4G,1,Call Dropped,10.80907833,77.20287,Tamil Nadu,7,2021
Outdoor,Airtel,4G,1,Call Dropped,10.81959667,77.20679167,Tamil Nadu,7,2021
Outdoor,Airtel,4G,1,Call Dropped,10.81966833,77.20685833,Tamil Nadu,7,2021
Outdoor,Airtel,4G,1,Poor Voice Quality,28.5390168,77.2748168,Delhi,9,2021
Outdoor,Airtel,4G,3,Satisfactory,30.48090667,76.51463833,Punjab,9,2021
Outdoor,Airtel,4G,2,Poor Voice Quality,30.47699667,76.51944167,Punjab,9,2021
Outdoor,Airtel,4G,1,Call Dropped,10.81990333,77.20732167,Tamil Nadu,8,2021
Outdoor,Airtel,4G,1,Call Dropped,10.81548,77.209205,Tamil Nadu,8,2021
Outdoor,Airtel,4G,1,Call Dropped,10.815895,77.20934333,Tamil Nadu,8,2021
Outdoor,Airtel,4G,1,Call Dropped,10.81952833,77.206855,Tamil Nadu,8,2021
Outdoor,Airtel,4G,1,Call Dropped,10.81962833,77.20667,Tamil Nadu,8,2021
Outdoor,Airtel,4G,1,Call Dropped,10.81958,77.20683167,Tamil Nadu,8,2021
Outdoor,Airtel,4G,1,Call Dropped,10.81928167,77.20723333,Tamil Nadu,8,2021
Outdoor,Airtel,4G,4,Satisfactory,24.08859333,88.25510667,West Bengal,3,2021
Outdoor,Airtel,4G,4,Satisfactory,24.08921667,88.25592833,West Bengal,3,2021
Outdoor,Airtel,4G,4,Satisfactory,22.75217167,86.21067167,Jharkhand,3,2021
Outdoor,Airtel,4G,4,Satisfactory,22.75218333,86.21043833,Jharkhand,3,2021
Outdoor,Airtel,4G,4,Satisfactory,13.6167222,79.4316927,Andhra Pradesh,3,2021
Outdoor,Airtel,4G,4,Satisfactory,24.08749333,88.26138333,West Bengal,3,2021
Outdoor,Airtel,4G,5,Satisfactory,31.31064,77.58435167,Himachal Pradesh,3,2021
Outdoor,Airtel,4G,1,Poor Voice Quality,26.9528058,75.7441264,Rajasthan,2,2021
Outdoor,Airtel,4G,1,Poor Voice Quality,26.95282698,75.74423372,Rajasthan,2,2021
Outdoor,Airtel,4G,1,Poor Voice Quality,16.9738385,82.26655475,Andhra Pradesh,5,2021
Outdoor,Airtel,4G,4,Satisfactory,16.88416893,79.69181928,Telangana,5,2021
Outdoor,Airtel,4G,4,Satisfactory,10.30305354,76.22306156,Kerala,6,2021
Outdoor,Airtel,4G,5,Satisfactory,18.5829753,73.7346276,Maharashtra,6,2021
Outdoor,Airtel,4G,4,Satisfactory,14.42758707,78.83004634,Andhra Pradesh,1,2021
Outdoor,Airtel,4G,4,Satisfactory,14.4308347,78.8285312,Andhra Pradesh,1,2021
Outdoor,Airtel,4G,5,Satisfactory,23.0738342,72.505332,Gujarat,1,2021
Outdoor,Airtel,4G,5,Satisfactory,22.65757359,75.9046181,Madhya Pradesh,1,2021
Outdoor,Airtel,4G,5,Satisfactory,26.77672897,80.94891326,Uttar Pradesh,1,2021
Outdoor,Airtel,4G,5,Satisfactory,23.0454306,72.515957,Gujarat,1,2021
Outdoor,Airtel,4G,5,Satisfactory,26.84425259,80.88415228,Uttar Pradesh,1,2021
Outdoor,Airtel,4G,5,Satisfactory,23.0454305,72.5159657,Gujarat,1,2021
Outdoor,Airtel,4G,4,Satisfactory,16.8606366,79.6770212,Telangana,1,2021
Outdoor,Airtel,4G,4,Satisfactory,22.75309167,86.209565,Jharkhand,3,2021
Outdoor,Airtel,4G,5,Satisfactory,13.2113674,75.4958219,Karnataka,3,2021
Outdoor,Airtel,4G,4,Satisfactory,24.088835,88.25572167,West Bengal,3,2021
Outdoor,Airtel,4G,5,Satisfactory,16.71807855,81.66720301,Andhra Pradesh,3,2021
Outdoor,Airtel,4G,5,Satisfactory,16.58625444,81.4579735,Andhra Pradesh,3,2021
Outdoor,Airtel,4G,4,Satisfactory,22.75380667,86.21076667,Jharkhand,3,2021
Outdoor,Airtel,4G,4,Satisfactory,22.7531,86.20947,Jharkhand,3,2021
Outdoor,Airtel,4G,3,Satisfactory,28.59772317,77.07526391,Delhi,5,2021
Outdoor,Airtel,4G,3,Satisfactory,28.59807517,77.07608194,Delhi,5,2021
Outdoor,Airtel,4G,2,Call Dropped,18.4513983,73.8509116,Maharashtra,5,2021
Outdoor,Airtel,4G,1,Poor Voice Quality,28.91468907,77.48716199,Uttar Pradesh,7,2022
Outdoor,Airtel,4G,1,Poor Voice Quality,18.494305,77.8199,Telangana,7,2022
Outdoor,Airtel,4G,1,Call Dropped,13.0724894,77.5600791,Karnataka,8,2022
Outdoor,Airtel,4G,2,Call Dropped,13.0725898,77.5602095,Karnataka,8,2022
Outdoor,Airtel,4G,5,Satisfactory,15.89136667,76.485895,Karnataka,8,2022
Outdoor,Airtel,4G,1,Poor Voice Quality,24.5663395,92.3974572,Assam,5,2022
Outdoor,Airtel,4G,5,Satisfactory,11.0469312,76.950315,Tamil Nadu,6,2022
Outdoor,Airtel,4G,1,Call Dropped,18.8073949,73.332025,Maharashtra,1,2022
Outdoor,Airtel,4G,3,Poor Voice Quality,13.2182547,75.499462,Karnataka,1,2022
Outdoor,Airtel,4G,5,Satisfactory,10.3029904,76.2231716,Kerala,1,2022
Outdoor,Airtel,4G,3,Satisfactory,10.30292958,76.22310971,Kerala,1,2022
Outdoor,Airtel,4G,1,Poor Voice Quality,21.20305327,72.88566573,Gujarat,4,2022
Outdoor,Airtel,4G,5,Satisfactory,10.34708843,76.21237563,Kerala,3,2022
Outdoor,Airtel,4G,4,Satisfactory,30.1046851,78.287647,Uttarakhand,9,2022
Outdoor,Airtel,4G,1,Poor Voice Quality,30.1046826,78.2876467,Uttarakhand,9,2022
Outdoor,Airtel,4G,3,Satisfactory,30.11597549,78.28117077,Uttarakhand,9,2022
Outdoor,Airtel,4G,1,Poor Voice Quality,19.2138633,72.8282928,Maharashtra,12,2022
Outdoor,Airtel,4G,4,Satisfactory,19.214995,72.84450933,Maharashtra,12,2022
Outdoor,Airtel,4G,1,Poor Voice Quality,25.1353935,83.6649299,Bihar,12,2022
Outdoor,Airtel,4G,3,Satisfactory,30.10478484,78.28757827,Uttarakhand,12,2022
Outdoor,Airtel,4G,3,Satisfactory,30.11063574,78.29466698,Uttarakhand,12,2022
Outdoor,Airtel,4G,3,Satisfactory,19.2206188,72.8429711,Maharashtra,12,2022
Outdoor,Airtel,4G,3,Satisfactory,23.3798855,85.3101205,Jharkhand,12,2022
Outdoor,Airtel,4G,1,Poor Voice Quality,10.81887167,77.20679833,Tamil Nadu,12,2022
Outdoor,Airtel,4G,1,Poor Voice Quality,10.81874,77.20680167,Tamil Nadu,12,2022
Outdoor,Airtel,4G,1,Poor Voice Quality,10.81556,77.20900667,Tamil Nadu,12,2022
Outdoor,Airtel,4G,1,Poor Voice Quality,10.81556,77.20900667,Tamil Nadu,12,2022
Outdoor,Airtel,4G,3,Satisfactory,30.1155299,78.2817986,Uttarakhand,11,2022
Outdoor,Airtel,4G,1,Poor Voice Quality,19.1874003,72.8481887,Maharashtra,11,2022
Outdoor,Airtel,4G,1,Poor Voice Quality,19.227355,72.8554909,Maharashtra,11,2022
Outdoor,Airtel,4G,1,Poor Voice Quality,19.20962098,72.97188254,Maharashtra,11,2022
Outdoor,Airtel,4G,5,Satisfactory,10.65007653,76.59032075,Kerala,3,2023
Outdoor,Airtel,4G,5,Satisfactory,13.07476753,77.56122783,Karnataka,3,2023
Outdoor,Airtel,4G,5,Satisfactory,10.77278518,76.37624871,Kerala,3,2023
Outdoor,Airtel,4G,5,Satisfactory,10.69065836,76.42161874,Kerala,3,2023
Outdoor,Airtel,4G,5,Satisfactory,10.69042065,76.42159869,Kerala,3,2023
Outdoor,Airtel,4G,5,Satisfactory,10.69029956,76.42145548,Kerala,3,2023
Outdoor,Airtel,4G,5,Satisfactory,10.69029956,76.42145548,Kerala,3,2023
Outdoor,Airtel,4G,5,Satisfactory,10.69030417,76.42145502,Kerala,3,2023
Outdoor,Airtel,4G,5,Satisfactory,10.59544545,76.66686274,Kerala,3,2023
Outdoor,Airtel,4G,5,Satisfactory,10.66934561,76.61004504,Kerala,3,2023
Outdoor,Airtel,4G,5,Satisfactory,10.66954263,76.61031413,Kerala,3,2023
Outdoor,Airtel,4G,5,Satisfactory,10.66614617,76.61342939,Kerala,3,2023
Outdoor,Airtel,4G,5,Satisfactory,10.74964759,76.579248,Kerala,3,2023
Outdoor,Airtel,4G,5,Satisfactory,12.9566026,77.4896319,Karnataka,3,2023
Outdoor,Airtel,4G,5,Satisfactory,12.9566044,77.4896305,Karnataka,3,2023
Outdoor,Airtel,4G,1,Poor Voice Quality,10.81888,77.20671333,Tamil Nadu,1,2023
Outdoor,Airtel,4G,1,Poor Voice Quality,30.10454836,78.28766611,Uttarakhand,1,2023
Outdoor,Airtel,4G,5,Satisfactory,23.3798773,85.3101159,Jharkhand,1,2023
Outdoor,Airtel,4G,5,Satisfactory,23.37978191,85.31012807,Jharkhand,1,2023
Outdoor,Airtel,4G,3,Satisfactory,30.11100541,78.2958657,Uttarakhand,1,2023
Outdoor,Airtel,4G,3,Satisfactory,30.28993472,78.08145174,Uttarakhand,1,2023
Outdoor,Airtel,4G,3,Satisfactory,30.10566842,78.2975683,Uttarakhand,1,2023
Outdoor,Airtel,4G,5,Satisfactory,12.84629432,77.68117766,Karnataka,4,2023
Outdoor,Airtel,4G,3,Satisfactory,30.1046408,78.2875872,Uttarakhand,10,2022
Outdoor,Airtel,4G,5,Satisfactory,12.9566064,77.4896971,Karnataka,10,2022
Outdoor,Airtel,4G,3,Satisfactory,30.10492128,78.28756402,Uttarakhand,10,2022
Outdoor,Airtel,4G,1,Poor Voice Quality,30.20616416,78.12555857,Uttarakhand,10,2022
Outdoor,Airtel,4G,2,Poor Voice Quality,19.2171641,72.8475938,Maharashtra,10,2022
Outdoor,Airtel,4G,3,Satisfactory,30.1106377,78.2972996,Uttarakhand,10,2022
Outdoor,Airtel,4G,4,Satisfactory,13.02375,77.59250333,Karnataka,7,2023
Outdoor,Airtel,4G,1,Poor Voice Quality,13.73870749,79.7133315,Andhra Pradesh,6,2023
Outdoor,Airtel,4G,5,Satisfactory,12.97785995,77.57281464,Karnataka,6,2023
Outdoor,Airtel,4G,3,Satisfactory,30.1019522,78.2880109,Uttarakhand,12,2023
Outdoor,Airtel,4G,3,Satisfactory,30.1156313,78.2817642,Uttarakhand,12,2023
Outdoor,Airtel,4G,1,Poor Voice Quality,30.1067996,78.2957605,Uttarakhand,9,2023
Outdoor,Airtel,4G,1,Poor Voice Quality,13.02110167,77.716495,Karnataka,11,2023
Outdoor,Airtel,4G,1,Poor Voice Quality,13.02110167,77.716495,Karnataka,11,2023
Outdoor,Airtel,4G,1,Poor Voice Quality,30.11072163,78.28905151,Uttarakhand,11,2023
Outdoor,Airtel,4G,3,Satisfactory,30.1026639,78.2880109,Uttarakhand,10,2023
Outdoor,Airtel,4G,1,Call Dropped,19.20962098,72.97188254,Maharashtra,10,2022
Outdoor,Airtel,4G,3,Satisfactory,30.11067379,78.29715767,Uttarakhand,10,2022
Outdoor,Airtel,4G,4,Satisfactory,19.214995,72.84450933,Maharashtra,10,2022
Outdoor,Airtel,4G,1,Poor Voice Quality,25.13525929,83.66393566,Bihar,10,2022
Outdoor,Airtel,4G,3,Satisfactory,30.11063574,78.29466698,Uttarakhand,10,2022
Outdoor,Airtel,4G,1,Poor Voice Quality,10.81894167,77.20694,Tamil Nadu,10,2022
Outdoor,Airtel,4G,1,Poor Voice Quality,10.82040167,77.20265833,Tamil Nadu,10,2022
Outdoor,Airtel,4G,1,Poor Voice Quality,10.81556,77.20900667,Tamil Nadu,10,2022
Outdoor,Airtel,4G,1,Poor Voice Quality,10.81911167,77.20675333,Tamil Nadu,10,2022
Outdoor,Airtel,4G,3,Satisfactory,30.1047443,78.28759351,Uttarakhand,10,2022
Outdoor,Airtel,4G,3,Satisfactory,30.10482152,78.28758545,Uttarakhand,10,2022
Outdoor,Airtel,4G,1,Poor Voice Quality,30.10454836,78.28766611,Uttarakhand,10,2022
Outdoor,Airtel,4G,2,Poor Voice Quality,30.11559563,78.28177975,Uttarakhand,10,2022
Outdoor,Airtel,4G,3,Satisfactory,30.1026639,78.2880109,Uttarakhand,10,2022
Outdoor,Airtel,4G,3,Satisfactory,30.1048193,78.2876595,Uttarakhand,10,2022
Outdoor,Airtel,4G,5,Satisfactory,12.96229917,77.57588374,Karnataka,10,2022
Outdoor,Airtel,4G,5,Satisfactory,12.6217814,80.1806014,Tamil Nadu,10,2022
Outdoor,Airtel,4G,5,Satisfactory,23.3798773,85.3101159,Jharkhand,10,2022
Outdoor,Airtel,4G,5,Satisfactory,23.37993849,85.30996376,Jharkhand,10,2022
Outdoor,Airtel,4G,3,Satisfactory,30.10484772,78.28763594,Uttarakhand,10,2022
Outdoor,Airtel,4G,5,Satisfactory,23.37983476,85.3100874,Jharkhand,10,2022
Outdoor,Airtel,4G,1,Poor Voice Quality,30.28993472,78.08145174,Uttarakhand,10,2022
Outdoor,Airtel,4G,4,Satisfactory,26.0982963,87.9290778,Bihar,2,2022
Outdoor,Airtel,4G,3,Poor Voice Quality,17.68045,73.99203667,Maharashtra,2,2022
Outdoor,Airtel,4G,4,Satisfactory,10.30299381,76.22295766,Kerala,2,2022
Outdoor,Airtel,4G,5,Satisfactory,18.68351167,73.788725,Maharashtra,11,2024
Outdoor,Airtel,4G,5,Satisfactory,20.579715,84.41589167,Odisha,3,2024
Outdoor,Airtel,4G,2,Poor Voice Quality,12.8868236,77.6401597,Karnataka,10,2024
Outdoor,Airtel,4G,1,Poor Voice Quality,25.43310745619237,81.87768529169261,Uttar Pradesh,1,2025
Outdoor,Airtel,4G,1,Call Dropped,26.72407441,84.58860847,Bihar,1,2025
Outdoor,Airtel,4G,1,Poor Voice Quality,30.897736293263733,76.08546422794461,Punjab,1,2025
Outdoor,Airtel,4G,5,Satisfactory,26.88937196,81.00294692,Uttar Pradesh,1,2025
Outdoor,Airtel,4G,3,Satisfactory,30.918893333333337,74.96415999999999,Punjab,1,2025
Outdoor,Airtel,4G,1,Poor Voice Quality,25.33842826,76.51043071,Rajasthan,1,2025
Outdoor,Airtel,4G,1,Poor Voice Quality,23.16063,79.93397333333334,Madhya Pradesh,1,2025
Outdoor,Airtel,4G,2,Poor Voice Quality,23.16063,79.93397333333334,Madhya Pradesh,1,2025
Outdoor,Airtel,4G,1,Poor Voice Quality,26.48141811,80.26788978,Uttar Pradesh,1,2025
Outdoor,Airtel,4G,1,Poor Voice Quality,12.98190315719694,77.55516431294382,Karnataka,1,2025
Outdoor,Airtel,4G,1,Poor Voice Quality,26.466101666666667,86.50136166666668,Bihar,1,2025
Outdoor,Airtel,4G,3,Call Dropped,32.08275833333333,75.93841,Himachal Pradesh,1,2025
Outdoor,Airtel,4G,2,Poor Voice Quality,27.0317394,83.5997508,Uttar Pradesh,12,2024
Outdoor,Airtel,4G,1,Call Dropped,25.887103811837733,85.02843867056072,Bihar,1,2025
Outdoor,Airtel,4G,1,Poor Voice Quality,30.9262126,74.6194625,Punjab,1,2025
Outdoor,Airtel,4G,2,Poor Voice Quality,30.9262126,74.6194625,Punjab,1,2025
Outdoor,Airtel,4G,2,Call Dropped,30.9262126,74.6194625,Punjab,1,2025
Outdoor,Airtel,4G,2,Poor Voice Quality,30.9262126,74.6194625,Punjab,1,2025
Outdoor,Airtel,4G,1,Poor Voice Quality,25.97118637058884,80.18334173597395,Uttar Pradesh,2,2025
Outdoor,Airtel,4G,5,Satisfactory,25.132282,85.49601698,Bihar,2,2025
Outdoor,Airtel,4G,5,Satisfactory,25.30240704,82.9987058,Uttar Pradesh,2,2025
Outdoor,Airtel,4G,1,Poor Voice Quality,25.97055362071842,80.18343075178564,Uttar Pradesh,2,2025
Outdoor,Airtel,4G,1,Poor Voice Quality,25.48230131,82.17989913,Uttar Pradesh,2,2025
Outdoor,Airtel,4G,1,Poor Voice Quality,25.9703768,80.1832991,Uttar Pradesh,2,2025
Outdoor,Airtel,4G,1,Call Dropped,31.551512,75.64094599,Punjab,1,2025
Outdoor,Airtel,4G,1,Poor Voice Quality,18.99552333333333,75.75711666666666,Maharashtra,2,2025
Outdoor,Airtel,4G,1,Call Dropped,18.99552333333333,75.75711666666666,Maharashtra,2,2025
Outdoor,Airtel,4G,1,Poor Voice Quality,18.99552333333333,75.75711666666666,Maharashtra,2,2025
Outdoor,Airtel,4G,1,Poor Voice Quality,18.99552333333333,75.75711666666666,Maharashtra,2,2025
Outdoor,Airtel,4G,5,Satisfactory,22.573668,88.3785986,West Bengal,2,2025
Outdoor,Airtel,4G,1,Poor Voice Quality,31.4803161,76.05387699999999,Punjab,2,2025
Outdoor,Airtel,4G,2,Poor Voice Quality,31.4803161,76.05387699999999,Punjab,2,2025
Outdoor,Airtel,4G,2,Poor Voice Quality,31.4803161,76.05387699999999,Punjab,2,2025
Outdoor,Airtel,4G,1,Poor Voice Quality,28.3643114,76.93505,Haryana,2,2025
Outdoor,Airtel,4G,5,Satisfactory,28.615752258338038,77.27361978963017,Delhi,2,2025
Outdoor,Airtel,4G,5,Satisfactory,19.36802441,73.19513075,Maharashtra,2,2025
Outdoor,Airtel,4G,4,Satisfactory,21.116936666666668,79.08858000000001,Maharashtra,2,2025
Outdoor,Airtel,4G,3,Satisfactory,26.03026888,84.67866234,Bihar,2,2025
Outdoor,Airtel,4G,1,Poor Voice Quality,28.66062138333333,77.24144143333334,Delhi,1,2025
Outdoor,Airtel,4G,4,Satisfactory,21.121955000000003,79.09129166666666,Maharashtra,1,2025
Outdoor,Airtel,4G,3,Satisfactory,22.99308062,72.62750444,Gujarat,2,2025
Outdoor,Airtel,4G,5,Satisfactory,13.304106666666666,79.52925499999999,Tamil Nadu,2,2025
Outdoor,Airtel,4G,1,Call Dropped,27.2261728,78.06101441,Uttar Pradesh,1,2025
Outdoor,Airtel,4G,5,Satisfactory,24.1275206,76.3172216,Madhya Pradesh,1,2025
Outdoor,Airtel,4G,2,Poor Voice Quality,22.70948716,71.67503471,Gujarat,1,2025
Outdoor,Airtel,4G,4,Satisfactory,28.845417,78.771529,Uttar Pradesh,3,2025
Outdoor,Airtel,4G,1,Poor Voice Quality,10.852060932666063,76.16796813905239,Kerala,3,2025
Outdoor,Airtel,4G,5,Satisfactory,30.7242239,76.7676001,Chandigarh,7,2025
Outdoor,Airtel,4G,1,Call Dropped,29.19314026,75.1266564,Rajasthan,7,2025
Outdoor,Airtel,4G,1,Poor Voice Quality,21.2606965,81.6173889,Chhattisgarh,7,2025
Outdoor,Airtel,4G,5,Satisfactory,13.04157204,77.57269018,Karnataka,7,2025
Outdoor,Airtel,4G,5,Satisfactory,13.092735,79.96892167,Tamil Nadu,7,2025
Travelling,Airtel,4G,5,Satisfactory,12.61864922,75.24985193,Karnataka,9,2021
Travelling,Airtel,4G,3,Satisfactory,28.62922516,77.05367859,Delhi,7,2021
Travelling,Airtel,4G,2,Poor Voice Quality,16.5469921,81.5556854,Andhra Pradesh,5,2021
Travelling,Airtel,4G,3,Satisfactory,16.54409646,81.52613748,Andhra Pradesh,4,2021
Travelling,Airtel,4G,1,Poor Voice Quality,29.2969023,73.8994228,Rajasthan,11,2021
Travelling,Airtel,4G,4,Satisfactory,13.93679921,75.54799104,Karnataka,11,2021
Travelling,Airtel,4G,1,Poor Voice Quality,29.29679366,73.90213109,Rajasthan,11,2021
Travelling,Airtel,4G,5,Satisfactory,23.32721,77.80719333,Madhya Pradesh,11,2021
Travelling,Airtel,4G,5,Satisfactory,23.32721,77.80719333,Madhya Pradesh,11,2021
Travelling,Airtel,4G,5,Satisfactory,23.33025833,77.789635,Madhya Pradesh,11,2021
Travelling,Airtel,4G,1,Call Dropped,23.30626167,77.87196833,Madhya Pradesh,10,2021
Travelling,Airtel,4G,3,Satisfactory,28.61471369,77.12492691,Delhi,5,2021
Travelling,Airtel,4G,3,Satisfactory,16.5467827,81.555798,Andhra Pradesh,6,2021
Travelling,Airtel,4G,3,Satisfactory,28.61452812,77.12484843,Delhi,6,2021
Travelling,Airtel,4G,3,Satisfactory,16.5467768,81.5558009,Andhra Pradesh,6,2021
Travelling,Airtel,4G,3,Satisfactory,16.5451704,81.5529952,Andhra Pradesh,6,2021
Travelling,Airtel,4G,3,Satisfactory,16.5467826,81.5557993,Andhra Pradesh,6,2021
Travelling,Airtel,4G,3,Satisfactory,16.5467979,81.5557838,Andhra Pradesh,6,2021
Travelling,Airtel,4G,3,Satisfactory,16.5467985,81.5557837,Andhra Pradesh,6,2021
Travelling,Airtel,4G,4,Satisfactory,18.507755,73.79696333,Maharashtra,6,2021
Travelling,Airtel,4G,5,Satisfactory,26.2062234,78.18923838,Madhya Pradesh,1,2021
Travelling,Airtel,4G,5,Satisfactory,23.06958391,72.51512616,Gujarat,1,2021
Travelling,Airtel,4G,5,Satisfactory,26.84428747,80.88416229,Uttar Pradesh,1,2021
Travelling,Airtel,4G,4,Satisfactory,13.9367344,75.5481818,Karnataka,4,2021
Travelling,Airtel,4G,2,Poor Voice Quality,28.60192649,77.18030207,Delhi,4,2021
Travelling,Airtel,4G,5,Satisfactory,16.979897,82.2658488,Andhra Pradesh,5,2021
Travelling,Airtel,4G,4,Satisfactory,17.4932534,78.3841294,Telangana,5,2021
Travelling,Airtel,4G,1,Poor Voice Quality,29.2990208,73.9041986,Rajasthan,11,2021
Travelling,Airtel,4G,5,Satisfactory,10.30304444,76.22318657,Kerala,1,2021
Travelling,Airtel,4G,5,Satisfactory,26.86259423,81.01793916,Uttar Pradesh,1,2021
Travelling,Airtel,4G,2,Poor Voice Quality,25.45617843,86.00817683,Bihar,9,2021
Travelling,Airtel,4G,1,Poor Voice Quality,19.16043443,73.11892153,Maharashtra,9,2021
Travelling,Airtel,4G,1,Poor Voice Quality,23.0303063,72.613084,Gujarat,11,2021
Travelling,Airtel,4G,5,Satisfactory,10.30823878,76.22428118,Kerala,11,2021
Travelling,Airtel,4G,1,Poor Voice Quality,29.1890217,75.6548115,Haryana,8,2021
Travelling,Airtel,4G,1,Poor Voice Quality,29.3000992,73.9053022,Rajasthan,7,2021
Travelling,Airtel,4G,1,Poor Voice Quality,29.2996734,73.9056666,Rajasthan,7,2021
Travelling,Airtel,4G,1,Poor Voice Quality,29.3004525,73.9053022,Rajasthan,7,2021
Travelling,Airtel,4G,1,Poor Voice Quality,29.2990281,73.904256,Rajasthan,7,2021
Travelling,Airtel,4G,3,Satisfactory,16.5467946,81.55581377,Andhra Pradesh,6,2021
Travelling,Airtel,4G,3,Satisfactory,16.11166007,79.8242713,Andhra Pradesh,6,2021
Travelling,Airtel,4G,3,Satisfactory,16.11166007,79.8242713,Andhra Pradesh,6,2021
Travelling,Airtel,4G,3,Satisfactory,16.11166007,79.8242713,Andhra Pradesh,6,2021
Travelling,Airtel,4G,3,Satisfactory,16.11166007,79.8242713,Andhra Pradesh,6,2021
Travelling,Airtel,4G,5,Satisfactory,15.4863335,80.0413568,Andhra Pradesh,2,2021
Travelling,Airtel,4G,5,Satisfactory,31.60590774,74.90426716,Punjab,2,2021
Travelling,Airtel,4G,4,Satisfactory,24.096845,88.2525,West Bengal,2,2021
Travelling,Airtel,4G,5,Satisfactory,31.6062517,74.9045092,Punjab,2,2021
Travelling,Airtel,4G,1,Poor Voice Quality,23.03094204,72.6144238,Gujarat,3,2021
Travelling,Airtel,4G,2,Poor Voice Quality,15.5147286,80.0359183,Andhra Pradesh,3,2021
Travelling,Airtel,4G,4,Satisfactory,13.002944,77.7117071,Karnataka,3,2021
Travelling,Airtel,4G,5,Satisfactory,23.0458708,72.51636509,Gujarat,2,2021
Travelling,Airtel,4G,5,Satisfactory,10.02184095,76.30990321,Kerala,1,2021
Travelling,Airtel,4G,5,Satisfactory,21.10994505,73.39869269,Gujarat,1,2021
Travelling,Airtel,4G,5,Satisfactory,11.5915462,78.6271208,Tamil Nadu,1,2021
Travelling,Airtel,4G,1,Poor Voice Quality,12.68421717,79.95872029,Tamil Nadu,1,2021
Travelling,Airtel,4G,5,Satisfactory,23.06966561,72.51525653,Gujarat,1,2021
Travelling,Airtel,4G,5,Satisfactory,13.0332577,80.2772011,Tamil Nadu,1,2021
Travelling,Airtel,4G,5,Satisfactory,22.6312844,88.4836896,West Bengal,1,2021
Travelling,Airtel,4G,5,Satisfactory,9.940073253,76.3173933,Kerala,1,2021
Travelling,Airtel,4G,3,Satisfactory,15.66980168,79.34952758,Andhra Pradesh,6,2021
Travelling,Airtel,4G,3,Satisfactory,15.66980168,79.34952758,Andhra Pradesh,6,2021
Travelling,Airtel,4G,3,Satisfactory,15.66980168,79.34952758,Andhra Pradesh,6,2021
Travelling,Airtel,4G,3,Satisfactory,15.66980168,79.34952758,Andhra Pradesh,6,2021
Travelling,Airtel,4G,3,Satisfactory,15.66980168,79.34952758,Andhra Pradesh,6,2021
Travelling,Airtel,4G,3,Satisfactory,15.66980168,79.34952758,Andhra Pradesh,6,2021
Travelling,Airtel,4G,3,Satisfactory,15.66980168,79.34952758,Andhra Pradesh,6,2021
Travelling,Airtel,4G,3,Satisfactory,15.66980168,79.34952758,Andhra Pradesh,6,2021
Travelling,Airtel,4G,3,Satisfactory,15.66980168,79.34952758,Andhra Pradesh,6,2021
Travelling,Airtel,4G,3,Satisfactory,15.66980168,79.34952758,Andhra Pradesh,6,2021
Travelling,Airtel,4G,3,Satisfactory,15.64606708,79.49818523,Andhra Pradesh,6,2021
Travelling,Airtel,4G,3,Satisfactory,15.64527926,79.50028364,Andhra Pradesh,6,2021
Travelling,Airtel,4G,3,Satisfactory,15.64527926,79.50028364,Andhra Pradesh,6,2021
Travelling,Airtel,4G,3,Satisfactory,15.64527926,79.50028364,Andhra Pradesh,6,2021
Travelling,Airtel,4G,3,Satisfactory,15.7361283,79.2664336,Andhra Pradesh,6,2021
Travelling,Airtel,4G,3,Satisfactory,15.734362,79.2631174,Andhra Pradesh,6,2021
Travelling,Airtel,4G,3,Satisfactory,15.7343612,79.2631115,Andhra Pradesh,6,2021
Travelling,Airtel,4G,3,Satisfactory,15.7343578,79.2631132,Andhra Pradesh,6,2021
Travelling,Airtel,4G,3,Satisfactory,15.7343578,79.2631132,Andhra Pradesh,6,2021
Travelling,Airtel,4G,3,Satisfactory,15.7229819,79.2639672,Andhra Pradesh,6,2021
Travelling,Airtel,4G,3,Satisfactory,15.7229819,79.2639672,Andhra Pradesh,6,2021
Travelling,Airtel,4G,3,Satisfactory,15.7116643,79.3058869,Andhra Pradesh,6,2021
Travelling,Airtel,4G,3,Satisfactory,15.7325695,79.2672983,Andhra Pradesh,6,2021
Travelling,Airtel,4G,3,Satisfactory,15.7248202,79.2657939,Andhra Pradesh,6,2021
Travelling,Airtel,4G,3,Satisfactory,15.7218617,79.2632625,Andhra Pradesh,6,2021
Travelling,Airtel,4G,3,Satisfactory,15.7343642,79.2631193,Andhra Pradesh,6,2021
Travelling,Airtel,4G,3,Satisfactory,16.98602847,82.2501463,Andhra Pradesh,5,2021
Travelling,Airtel,4G,1,Poor Voice Quality,16.98602847,82.2501463,Andhra Pradesh,5,2021
Travelling,Airtel,4G,1,Call Dropped,16.98166974,82.24920759,Andhra Pradesh,5,2021
Travelling,Airtel,4G,1,Call Dropped,17.80006695,79.9814495,Telangana,4,2021
Travelling,Airtel,4G,5,Satisfactory,23.0454261,72.5160093,Gujarat,3,2021
Travelling,Airtel,4G,5,Satisfactory,22.36450059,73.13129811,Gujarat,3,2021
Travelling,Airtel,4G,2,Poor Voice Quality,16.54876398,81.55221396,Andhra Pradesh,4,2021
Travelling,Airtel,4G,4,Satisfactory,24.08861167,88.25507667,West Bengal,3,2021
Travelling,Airtel,4G,2,Poor Voice Quality,15.7333167,79.2607961,Andhra Pradesh,3,2021
Travelling,Airtel,4G,3,Satisfactory,15.7110621,79.3083522,Andhra Pradesh,6,2021
Travelling,Airtel,4G,3,Satisfactory,15.7553331,79.3256073,Andhra Pradesh,6,2021
Travelling,Airtel,4G,3,Satisfactory,15.7434151,79.3924846,Andhra Pradesh,6,2021
Travelling,Airtel,4G,5,Satisfactory,23.0722926,72.5079152,Gujarat,2,2021
Travelling,Airtel,4G,1,Poor Voice Quality,23.030539,72.6137375,Gujarat,3,2021
Travelling,Airtel,4G,3,Poor Voice Quality,16.5409076,81.5249438,Andhra Pradesh,3,2021
Travelling,Airtel,4G,1,Poor Voice Quality,22.27520676,70.80113602,Gujarat,2,2021
Travelling,Airtel,4G,5,Satisfactory,31.605864,74.9042524,Punjab,2,2021
Travelling,Airtel,4G,5,Satisfactory,31.605468,74.9009638,Punjab,2,2021
Travelling,Airtel,4G,5,Satisfactory,31.6062565,74.9046686,Punjab,2,2021
Travelling,Airtel,4G,5,Satisfactory,31.60672186,74.90484922,Punjab,2,2021
Travelling,Airtel,4G,4,Satisfactory,24.089375,88.26324,West Bengal,2,2021
Travelling,Airtel,4G,5,Satisfactory,23.29594811,72.34119606,Gujarat,3,2021
Travelling,Airtel,4G,5,Satisfactory,18.9679365,73.0203946,Maharashtra,4,2021
Travelling,Airtel,4G,2,Poor Voice Quality,15.73470692,79.2631277,Andhra Pradesh,4,2021
Travelling,Airtel,4G,2,Poor Voice Quality,28.61438122,77.12539822,Delhi,4,2021
Travelling,Airtel,4G,3,Satisfactory,15.7229819,79.2639672,Andhra Pradesh,6,2021
Travelling,Airtel,4G,3,Satisfactory,15.7218791,79.2636149,Andhra Pradesh,6,2021
Travelling,Airtel,4G,3,Satisfactory,15.7229819,79.2639672,Andhra Pradesh,6,2021
Travelling,Airtel,4G,3,Satisfactory,15.7344859,79.26312,Andhra Pradesh,6,2021
Travelling,Airtel,4G,5,Satisfactory,23.07250376,72.50961382,Gujarat,3,2021
Travelling,Airtel,4G,5,Satisfactory,12.98335087,77.75216016,Karnataka,3,2021
Travelling,Airtel,4G,1,Poor Voice Quality,22.2823919,70.80696976,Gujarat,2,2021
Travelling,Airtel,4G,2,Call Dropped,22.59097333,88.36417167,West Bengal,3,2021
Travelling,Airtel,4G,2,Poor Voice Quality,15.21882802,79.91462193,Andhra Pradesh,1,2021
Travelling,Airtel,4G,5,Satisfactory,21.9099432,83.3892124,Chhattisgarh,1,2021
Travelling,Airtel,4G,5,Satisfactory,24.17409333,72.41803167,Gujarat,1,2021
Travelling,Airtel,4G,5,Satisfactory,12.38581524,79.79601208,Tamil Nadu,1,2021
Travelling,Airtel,4G,5,Satisfactory,25.54350582,84.64691043,Bihar,1,2021
Travelling,Airtel,4G,4,Satisfactory,13.11079949,77.46996126,Karnataka,4,2022
Travelling,Airtel,4G,4,Satisfactory,13.85828404,75.67573498,Karnataka,5,2022
Travelling,Airtel,4G,1,Call Dropped,24.6343366,78.29455731,Uttar Pradesh,5,2022
Travelling,Airtel,4G,5,Satisfactory,13.77112525,75.7463574,Karnataka,6,2022
Travelling,Airtel,4G,5,Satisfactory,9.172333824,77.87742167,Tamil Nadu,6,2022
Travelling,Airtel,4G,3,Satisfactory,19.1833833,72.8451459,Maharashtra,10,2022
Travelling,Airtel,4G,2,Call Dropped,12.45315833,76.76939667,Karnataka,8,2022
Travelling,Airtel,4G,5,Satisfactory,15.889705,76.44568667,Karnataka,8,2022
Travelling,Airtel,4G,1,Poor Voice Quality,19.2205357,72.8428601,Maharashtra,11,2022
Travelling,Airtel,4G,1,Poor Voice Quality,19.22062151,72.84287017,Maharashtra,11,2022
Travelling,Airtel,4G,5,Satisfactory,13.04551748,77.55631926,Karnataka,11,2022
Travelling,Airtel,4G,4,Satisfactory,19.22055522,72.84281136,Maharashtra,12,2022
Travelling,Airtel,4G,1,Poor Voice Quality,11.08336167,77.29194167,Tamil Nadu,12,2022
Travelling,Airtel,4G,5,Satisfactory,23.37981276,85.31012091,Jharkhand,12,2022
Travelling,Airtel,4G,5,Satisfactory,23.37980018,85.31015305,Jharkhand,10,2022
Travelling,Airtel,4G,5,Satisfactory,12.53972446,78.56302116,Tamil Nadu,3,2023
Travelling,Airtel,4G,5,Satisfactory,12.37824519,78.49918188,Tamil Nadu,3,2023
Travelling,Airtel,4G,1,Call Dropped,10.84644295,76.83749693,Tamil Nadu,3,2023
Travelling,Airtel,4G,5,Satisfactory,18.007,81.71031833,Chhattisgarh,8,2023
Travelling,Airtel,4G,5,Satisfactory,18.007,81.71031833,Chhattisgarh,8,2023
Travelling,Airtel,4G,5,Satisfactory,18.007,81.71031833,Chhattisgarh,8,2023
Travelling,Airtel,4G,2,Poor Voice Quality,25.6078201,85.11405,Bihar,8,2023
Travelling,Airtel,4G,3,Satisfactory,12.94249167,78.72006333,Tamil Nadu,12,2023
Travelling,Airtel,4G,5,Satisfactory,21.36585341,86.79277827,Odisha,5,2024
Travelling,Airtel,4G,2,Poor Voice Quality,25.60709833,85.11430167,Bihar,1,2024
Travelling,Airtel,4G,3,Satisfactory,18.12156917,78.51323477,Telangana,1,2024
Travelling,Airtel,4G,5,Satisfactory,26.48869597,87.0489834,Bihar,1,2025
Travelling,Airtel,4G,5,Satisfactory,22.06597391,88.10686372,West Bengal,10,2024
Travelling,Airtel,4G,5,Satisfactory,28.70493591,77.08086459,Delhi,9,2024
Travelling,Airtel,4G,5,Satisfactory,26.2565352,86.310576,Bihar,1,2025
Travelling,Airtel,4G,5,Satisfactory,27.448108333333334,82.62773,Uttar Pradesh,1,2025
Travelling,Airtel,4G,5,Satisfactory,15.51237799,80.0393175,Andhra Pradesh,12,2024
Travelling,Airtel,4G,2,Poor Voice Quality,19.10854043,72.88429197,Maharashtra,12,2024
Travelling,Airtel,4G,5,Satisfactory,26.48817921,87.04873374,Bihar,1,2025
Travelling,Airtel,4G,2,Poor Voice Quality,32.100135,75.94500833333333,Himachal Pradesh,1,2025
Travelling,Airtel,4G,5,Satisfactory,26.8834869,81.0447585,Uttar Pradesh,1,2025
Travelling,Airtel,4G,1,Poor Voice Quality,28.557593626901507,77.07528367638588,Delhi,1,2025
Travelling,Airtel,4G,5,Satisfactory,28.28404833333333,97.01459,Arunachal Pradesh,1,2025
Travelling,Airtel,4G,5,Satisfactory,30.374095000000004,76.77722833333334,Haryana,1,2025
Travelling,Airtel,4G,2,Poor Voice Quality,30.378615,75.53465833333333,Punjab,1,2025
Travelling,Airtel,4G,5,Satisfactory,30.26846185,76.16430989,Punjab,2,2025
Travelling,Airtel,4G,5,Satisfactory,28.45155065,77.51022442,Uttar Pradesh,2,2025
Travelling,Airtel,4G,4,Satisfactory,26.11021852,84.50636174,Bihar,1,2025
Travelling,Airtel,4G,5,Satisfactory,26.06491297949105,81.58714514225721,Uttar Pradesh,1,2025
Travelling,Airtel,4G,4,Satisfactory,16.468668333333333,82.03001333333334,Andhra Pradesh,2,2025
Travelling,Airtel,4G,5,Satisfactory,28.6454376,77.36948822,Uttar Pradesh,2,2025
Travelling,Airtel,4G,1,Poor Voice Quality,32.02773611,75.389813,Punjab,2,2025
Travelling,Airtel,4G,1,Poor Voice Quality,32.2791655,75.6522661,Punjab,2,2025
Travelling,Airtel,4G,1,Poor Voice Quality,32.10554424,76.37248141,Himachal Pradesh,2,2025
Travelling,Airtel,4G,5,Satisfactory,30.578861666666665,74.23904333333333,Punjab,2,2025
Travelling,Airtel,4G,1,Poor Voice Quality,29.9700858,76.1186749,Punjab,2,2025
Travelling,Airtel,4G,1,Poor Voice Quality,28.6810357,77.2967362,Delhi,2,2025
Travelling,Airtel,4G,4,Satisfactory,28.451532,77.5097125,Uttar Pradesh,2,2025
Travelling,Airtel,4G,4,Satisfactory,25.65482666666667,86.32918999999998,Bihar,2,2025
Travelling,Airtel,4G,5,Satisfactory,31.6365777,75.6899842,Punjab,2,2025
Travelling,Airtel,4G,5,Satisfactory,28.53155722,77.38478137,Uttar Pradesh,2,2025
Travelling,Airtel,4G,5,Satisfactory,31.61477468,75.70515464,Punjab,2,2025
Travelling,Airtel,4G,5,Satisfactory,28.6454648,77.3695688,Uttar Pradesh,2,2025
Travelling,Airtel,4G,1,Call Dropped,26.87324215,81.01514991,Uttar Pradesh,2,2025
Travelling,Airtel,4G,5,Satisfactory,31.61477468,75.70515464,Punjab,2,2025
Travelling,Airtel,4G,5,Satisfactory,26.87304376,80.99692227,Uttar Pradesh,2,2025
Travelling,Airtel,4G,5,Satisfactory,16.5182237,80.6407109,Andhra Pradesh,2,2025
Travelling,Airtel,4G,5,Satisfactory,31.61477468,75.70515464,Punjab,2,2025
Travelling,Airtel,4G,1,Poor Voice Quality,32.2572804,75.63685323,Punjab,2,2025
Travelling,Airtel,4G,1,Poor Voice Quality,32.27781047,75.65322171,Punjab,2,2025
Travelling,Airtel,4G,5,Satisfactory,26.8702689,80.9962412,Uttar Pradesh,2,2025
Travelling,Airtel,4G,5,Satisfactory,12.9647911,80.1589904,Tamil Nadu,2,2025
Travelling,Airtel,4G,4,Satisfactory,16.46751,82.02645166666667,Andhra Pradesh,2,2025
Travelling,Airtel,4G,1,Poor Voice Quality,32.27785612,75.6531313,Punjab,2,2025
Travelling,Airtel,4G,5,Satisfactory,26.78445048,80.99077321,Uttar Pradesh,1,2025
Travelling,Airtel,4G,5,Satisfactory,28.63638166666666,77.14233666666668,Delhi,3,2025
Travelling,Airtel,4G,1,Poor Voice Quality,15.782073333333337,76.76624833333334,Karnataka,3,2025
Travelling,Airtel,4G,1,Poor Voice Quality,15.781498333333332,76.76665166666666,Karnataka,3,2025
Travelling,Airtel,4G,5,Satisfactory,31.63670334,75.68970755,Punjab,3,2025
Travelling,Airtel,4G,1,Poor Voice Quality,32.2731505,75.6735389,Punjab,3,2025
Travelling,Airtel,4G,1,Poor Voice Quality,32.28350678,75.66309508,Punjab,3,2025
Travelling,Airtel,4G,1,Poor Voice Quality,32.27326679,75.6443833,Punjab,3,2025
Travelling,Airtel,4G,1,Poor Voice Quality,16.617826666666666,80.46928,Andhra Pradesh,3,2025
Travelling,Airtel,4G,1,Poor Voice Quality,32.2032202,76.3257385,Himachal Pradesh,3,2025
Travelling,Airtel,4G,4,Satisfactory,16.46751,82.02645166666667,Andhra Pradesh,3,2025
Travelling,Airtel,4G,1,Call Dropped,15.781356666666666,76.766655,Karnataka,3,2025
Travelling,Airtel,4G,1,Poor Voice Quality,32.27557295,75.68971875,Punjab,3,2025
Travelling,Airtel,4G,1,Poor Voice Quality,32.28256423,75.66355329,Punjab,3,2025
Travelling,Airtel,4G,4,Satisfactory,25.652283333333337,86.32506166666666,Bihar,3,2025
Travelling,Airtel,4G,5,Satisfactory,27.13364939,81.9612859,Uttar Pradesh,3,2025
Travelling,Airtel,4G,2,Poor Voice Quality,30.7694369,75.415717,Punjab,3,2025
Travelling,Airtel,4G,1,Poor Voice Quality,32.29615789,75.45310937,Punjab,3,2025
Travelling,Airtel,4G,1,Poor Voice Quality,32.29601848,75.45287014,Punjab,3,2025
Travelling,Airtel,4G,1,Poor Voice Quality,15.781351666666668,76.76684666666667,Karnataka,3,2025
Travelling,Airtel,4G,1,Poor Voice Quality,15.781403333333332,76.76687833333334,Karnataka,3,2025
Travelling,Airtel,4G,1,Call Dropped,15.78141,76.76686166666667,Karnataka,3,2025
Travelling,Airtel,4G,1,Poor Voice Quality,15.78141,76.76686166666667,Karnataka,3,2025
Travelling,Airtel,4G,1,Poor Voice Quality,32.1132496,76.5345347,Himachal Pradesh,3,2025
Travelling,Airtel,4G,1,Poor Voice Quality,32.2640445,75.59254539,Punjab,3,2025
Travelling,Airtel,4G,5,Satisfactory,25.654898333333332,86.3287,Bihar,2,2025
Travelling,Airtel,4G,1,Poor Voice Quality,31.95034506,75.61898759,Punjab,2,2025
Travelling,Airtel,4G,1,Poor Voice Quality,32.26732212,75.65877802,Punjab,2,2025
Travelling,Airtel,4G,1,Poor Voice Quality,26.8706523,81.002619,Uttar Pradesh,7,2025
Travelling,Airtel,4G,1,Poor Voice Quality,26.8628593,81.0051484,Uttar Pradesh,7,2025
Travelling,Airtel,4G,1,Poor Voice Quality,26.83971307,80.9159873,Uttar Pradesh,7,2025
Travelling,Airtel,4G,5,Satisfactory,21.09928278,79.08597233,Maharashtra,7,2025
Travelling,Airtel,4G,5,Satisfactory,17.1545491,78.5871984,Telangana,7,2025
Travelling,Airtel,4G,5,Satisfactory,28.9948266,79.43746165,Uttarakhand,7,2025
Travelling,Airtel,4G,5,Satisfactory,21.59447667,73.016535,Gujarat,7,2025
Travelling,Airtel,4G,2,Poor Voice Quality,16.46870856,81.20929945,Andhra Pradesh,4,2021
Travelling,Airtel,4G,5,Satisfactory,23.0737422,72.5052966,Gujarat,4,2021
Travelling,Airtel,4G,2,Poor Voice Quality,28.61458143,77.12497809,Delhi,4,2021
Travelling,Airtel,4G,3,Poor Voice Quality,24.7583676,87.8155179,West Bengal,4,2021
Travelling,Airtel,4G,3,Satisfactory,16.54409646,81.52613748,Andhra Pradesh,4,2021
Travelling,Airtel,4G,5,Satisfactory,23.0737434,72.5052983,Gujarat,3,2021
Travelling,Airtel,4G,5,Satisfactory,23.07135904,72.51790265,Gujarat,2,2021
Travelling,Airtel,4G,4,Satisfactory,16.88480984,79.69081805,Telangana,2,2021
Travelling,Airtel,4G,2,Poor Voice Quality,28.61447325,77.1250113,Delhi,4,2021
Travelling,Airtel,4G,4,Satisfactory,22.75321,86.20965667,Jharkhand,4,2021
Travelling,Airtel,4G,1,Poor Voice Quality,23.030539,72.6137375,Gujarat,3,2021
Travelling,Airtel,4G,5,Satisfactory,10.63971008,76.23186164,Kerala,3,2021
Travelling,Airtel,4G,1,Poor Voice Quality,18.9548471,72.8010819,Maharashtra,3,2021
Travelling,Airtel,4G,5,Satisfactory,23.07416221,72.5060516,Gujarat,3,2021
Travelling,Airtel,4G,5,Satisfactory,23.07250376,72.50961382,Gujarat,3,2021
Travelling,Airtel,4G,1,Poor Voice Quality,12.2972872,76.6591391,Karnataka,3,2021
Travelling,Airtel,4G,1,Poor Voice Quality,12.2970896,76.6977542,Karnataka,3,2021
Travelling,Airtel,4G,5,Satisfactory,12.9949562,80.2604292,Tamil Nadu,1,2021
Travelling,Airtel,4G,5,Satisfactory,26.84428747,80.88416229,Uttar Pradesh,1,2021
Travelling,Airtel,4G,1,Call Dropped,12.2790343,76.6840973,Karnataka,1,2021
Travelling,Airtel,4G,5,Satisfactory,23.0738342,72.505332,Gujarat,1,2021
Travelling,Airtel,4G,5,Satisfactory,26.20497284,78.18962436,Madhya Pradesh,1,2021
Travelling,Airtel,4G,5,Satisfactory,12.9949672,80.26052,Tamil Nadu,1,2021
Travelling,Airtel,4G,5,Satisfactory,28.4561902,77.0818943,Haryana,1,2021
Travelling,Airtel,4G,5,Satisfactory,28.456185,77.0818929,Haryana,1,2021
Travelling,Airtel,4G,3,Call Dropped,22.75639,78.356855,Madhya Pradesh,3,2021
Travelling,Airtel,4G,5,Satisfactory,23.0736922,72.5052231,Gujarat,3,2021
Travelling,Airtel,4G,1,Call Dropped,22.24437233,70.75666116,Gujarat,2,2021
Travelling,Airtel,4G,3,Poor Voice Quality,17.57343932,78.56588971,Telangana,2,2021
Travelling,Airtel,4G,1,Call Dropped,22.27554252,70.81227539,Gujarat,2,2021
Travelling,Airtel,4G,1,Call Dropped,22.27554252,70.81227539,Gujarat,2,2021
Travelling,Airtel,4G,5,Satisfactory,31.60590774,74.90426716,Punjab,2,2021
Travelling,Airtel,4G,5,Satisfactory,22.5797501,88.4674574,West Bengal,1,2021
Travelling,Airtel,4G,5,Satisfactory,10.12312681,76.35681005,Kerala,1,2021
Travelling,Airtel,4G,5,Satisfactory,10.12315782,76.35676374,Kerala,1,2021
Travelling,Airtel,4G,5,Satisfactory,10.12315782,76.35676374,Kerala,1,2021
Travelling,Airtel,4G,5,Satisfactory,23.0305089,72.6137828,Gujarat,1,2021
Travelling,Airtel,4G,5,Satisfactory,26.86264704,81.01784521,Uttar Pradesh,1,2021
Travelling,Airtel,4G,4,Satisfactory,13.93625752,75.54844779,Karnataka,2,2021
Travelling,Airtel,4G,5,Satisfactory,31.60585245,74.90430049,Punjab,2,2021
Travelling,Airtel,4G,1,Poor Voice Quality,22.26054306,70.7815434,Gujarat,2,2021
Travelling,Airtel,4G,1,Poor Voice Quality,16.88405965,79.69179173,Telangana,2,2021
Travelling,Airtel,4G,5,Satisfactory,31.6067768,74.9031562,Punjab,2,2021
Travelling,Airtel,4G,5,Satisfactory,23.29594811,72.34119606,Gujarat,3,2021
Travelling,Airtel,4G,5,Satisfactory,23.29594811,72.34119606,Gujarat,3,2021
Travelling,Airtel,4G,5,Satisfactory,23.07661958,72.52450283,Gujarat,3,2021
Travelling,Airtel,4G,5,Satisfactory,23.07661958,72.52450283,Gujarat,3,2021
Travelling,Airtel,4G,5,Satisfactory,23.07661958,72.52450283,Gujarat,3,2021
Travelling,Airtel,4G,5,Satisfactory,21.1657848,72.7884735,Gujarat,10,2021
Travelling,Airtel,4G,1,Poor Voice Quality,21.14871077,72.81513835,Gujarat,10,2021
Travelling,Airtel,4G,5,Satisfactory,23.38043333,77.75955667,Madhya Pradesh,10,2021
Travelling,Airtel,4G,2,Poor Voice Quality,16.5479219,81.5553577,Andhra Pradesh,5,2021
Travelling,Airtel,4G,3,Satisfactory,16.5467972,81.55573134,Andhra Pradesh,5,2021
Travelling,Airtel,4G,1,Poor Voice Quality,29.2964982,73.9024631,Rajasthan,7,2021
Travelling,Airtel,4G,1,Poor Voice Quality,29.3003605,73.9051517,Rajasthan,7,2021
Travelling,Airtel,4G,1,Call Dropped,28.60342975,77.05663747,Delhi,7,2021
Travelling,Airtel,4G,1,Call Dropped,29.1540855,75.7227933,Haryana,8,2021
Travelling,Airtel,4G,1,Call Dropped,10.84477167,77.19357,Tamil Nadu,8,2021
Travelling,Airtel,4G,1,Poor Voice Quality,28.56932333,77.34081667,Uttar Pradesh,8,2021
Travelling,Airtel,4G,4,Satisfactory,13.93670949,75.5482268,Karnataka,8,2021
Travelling,Airtel,4G,1,Poor Voice Quality,29.2964918,73.9024306,Rajasthan,11,2021
Travelling,Airtel,4G,1,Call Dropped,29.29659871,73.90235755,Rajasthan,7,2021
Travelling,Airtel,4G,1,Poor Voice Quality,29.296523,73.9024603,Rajasthan,7,2021
Travelling,Airtel,4G,1,Call Dropped,26.46241293,74.62718114,Rajasthan,7,2021
Travelling,Airtel,4G,1,Poor Voice Quality,29.297146,73.9071394,Rajasthan,7,2021
Travelling,Airtel,4G,3,Satisfactory,16.5467972,81.55573134,Andhra Pradesh,5,2021
Travelling,Airtel,4G,5,Satisfactory,28.0843518,77.5833037,Uttar Pradesh,5,2021
Travelling,Airtel,4G,1,Call Dropped,16.98602847,82.2501463,Andhra Pradesh,5,2021
Travelling,Airtel,4G,3,Satisfactory,16.98166974,82.24920759,Andhra Pradesh,5,2021
Travelling,Airtel,4G,1,Poor Voice Quality,16.98166974,82.24920759,Andhra Pradesh,5,2021
Travelling,Airtel,4G,3,Satisfactory,16.5467575,81.5559558,Andhra Pradesh,6,2021
Travelling,Airtel,4G,3,Satisfactory,16.5467798,81.5558002,Andhra Pradesh,6,2021
Travelling,Airtel,4G,3,Satisfactory,16.5467823,81.5557987,Andhra Pradesh,6,2021
Travelling,Airtel,4G,4,Satisfactory,18.50495167,73.80750333,Maharashtra,6,2021
Travelling,Airtel,4G,4,Satisfactory,25.8067387,93.7662069,Nagaland,7,2021
Travelling,Airtel,4G,1,Call Dropped,28.50916559,77.04045211,Haryana,7,2021
Travelling,Airtel,4G,5,Satisfactory,22.87715995,72.79873995,Gujarat,9,2021
Travelling,Airtel,4G,5,Satisfactory,23.3295712,77.7982596,Madhya Pradesh,10,2021
Travelling,Airtel,4G,1,Poor Voice Quality,23.030833,72.6145624,Gujarat,11,2021
Travelling,Airtel,4G,5,Satisfactory,23.32961333,77.79828833,Madhya Pradesh,11,2021
Travelling,Airtel,4G,1,Poor Voice Quality,28.3074935,76.8827035,Rajasthan,9,2021
Travelling,Airtel,4G,3,Satisfactory,15.64606708,79.49818523,Andhra Pradesh,6,2021
Travelling,Airtel,4G,3,Satisfactory,15.64527926,79.50028364,Andhra Pradesh,6,2021
Travelling,Airtel,4G,3,Satisfactory,15.7343624,79.2631181,Andhra Pradesh,6,2021
Travelling,Airtel,4G,3,Satisfactory,15.7038217,79.2935595,Andhra Pradesh,6,2021
Travelling,Airtel,4G,3,Satisfactory,15.6872194,79.2828762,Andhra Pradesh,6,2021
Travelling,Airtel,4G,3,Satisfactory,15.7353524,79.2653766,Andhra Pradesh,6,2021
Travelling,Airtel,4G,3,Satisfactory,15.7353524,79.2653766,Andhra Pradesh,6,2021
Travelling,Airtel,4G,3,Satisfactory,15.7343578,79.2631132,Andhra Pradesh,6,2021
Travelling,Airtel,4G,3,Satisfactory,15.7207415,79.2625578,Andhra Pradesh,6,2021
Travelling,Airtel,4G,3,Satisfactory,15.6719448,79.3442674,Andhra Pradesh,6,2021
Travelling,Airtel,4G,3,Satisfactory,15.7248207,79.2657935,Andhra Pradesh,6,2021
Travelling,Airtel,4G,3,Satisfactory,15.7248202,79.2657939,Andhra Pradesh,6,2021
Travelling,Airtel,4G,3,Satisfactory,15.7343645,79.2631192,Andhra Pradesh,6,2021
Travelling,Airtel,4G,3,Satisfactory,15.7343613,79.2631132,Andhra Pradesh,6,2021
Travelling,Airtel,4G,3,Satisfactory,15.7343638,79.2631193,Andhra Pradesh,6,2021
Travelling,Airtel,4G,3,Satisfactory,15.7110621,79.3083522,Andhra Pradesh,6,2021
Travelling,Airtel,4G,3,Satisfactory,15.7110621,79.3083522,Andhra Pradesh,6,2021
Travelling,Airtel,4G,4,Satisfactory,25.7977559,93.7825701,Nagaland,6,2021
Travelling,Airtel,4G,3,Satisfactory,15.7353524,79.2653766,Andhra Pradesh,6,2021
Travelling,Airtel,4G,3,Satisfactory,15.7237524,79.3752419,Andhra Pradesh,6,2021
Travelling,Airtel,4G,3,Satisfactory,15.7159097,79.3119653,Andhra Pradesh,6,2021
Travelling,Airtel,4G,4,Satisfactory,15.7343635,79.2631192,Andhra Pradesh,6,2021
Travelling,Airtel,4G,3,Satisfactory,15.720759,79.2629102,Andhra Pradesh,6,2021
Travelling,Airtel,4G,3,Satisfactory,15.7229819,79.2639672,Andhra Pradesh,6,2021
Travelling,Airtel,4G,3,Satisfactory,15.7345658,79.2631228,Andhra Pradesh,6,2021
Travelling,Airtel,4G,3,Satisfactory,15.7299671,79.263542,Andhra Pradesh,6,2021
Travelling,Airtel,4G,2,Call Dropped,28.48807641,77.01116832,Haryana,6,2021
Travelling,Airtel,4G,3,Satisfactory,16.5467798,81.5558002,Andhra Pradesh,6,2021
Travelling,Airtel,4G,3,Satisfactory,16.5467946,81.55581377,Andhra Pradesh,6,2021
Travelling,Airtel,4G,3,Satisfactory,16.5467946,81.55581377,Andhra Pradesh,6,2021
Travelling,Airtel,4G,3,Satisfactory,16.54685825,81.55579369,Andhra Pradesh,6,2021
Travelling,Airtel,4G,3,Satisfactory,16.11166007,79.8242713,Andhra Pradesh,6,2021
Travelling,Airtel,4G,3,Satisfactory,16.11166007,79.8242713,Andhra Pradesh,6,2021
Travelling,Airtel,4G,3,Satisfactory,16.11166007,79.8242713,Andhra Pradesh,6,2021
Travelling,Airtel,4G,3,Satisfactory,16.11166007,79.8242713,Andhra Pradesh,6,2021
Travelling,Airtel,4G,3,Satisfactory,15.66980168,79.34952758,Andhra Pradesh,6,2021
Travelling,Airtel,4G,3,Satisfactory,15.66980168,79.34952758,Andhra Pradesh,6,2021
Travelling,Airtel,4G,5,Satisfactory,10.30294197,76.22306706,Kerala,4,2022
Travelling,Airtel,4G,3,Satisfactory,18.4419128,73.8485576,Maharashtra,4,2022
Travelling,Airtel,4G,5,Satisfactory,28.48647833,77.64657667,Uttar Pradesh,8,2022
Travelling,Airtel,4G,3,Satisfactory,12.12222159,77.96849302,Tamil Nadu,8,2022
Travelling,Airtel,4G,5,Satisfactory,15.89130167,76.44702667,Karnataka,8,2022
Travelling,Airtel,4G,5,Satisfactory,13.9367843,75.5480427,Karnataka,10,2022
Travelling,Airtel,4G,5,Satisfactory,13.93796017,75.57225844,Karnataka,10,2022
Travelling,Airtel,4G,1,Poor Voice Quality,19.2205795,72.8428586,Maharashtra,10,2022
Travelling,Airtel,4G,1,Poor Voice Quality,19.2348567,72.8403723,Maharashtra,10,2022
Travelling,Airtel,4G,1,Poor Voice Quality,19.2205357,72.8428601,Maharashtra,10,2022
Travelling,Airtel,4G,5,Satisfactory,12.98548333,80.26705,Tamil Nadu,10,2022
Travelling,Airtel,4G,1,Poor Voice Quality,28.4798122,77.0630492,Haryana,3,2022
Travelling,Airtel,4G,3,Satisfactory,18.4419128,73.8485576,Maharashtra,3,2022
Travelling,Airtel,4G,5,Satisfactory,20.16247446,85.67959897,Odisha,12,2022
Travelling,Airtel,4G,5,Satisfactory,12.95901416,77.49369817,Karnataka,3,2023
Travelling,Airtel,4G,5,Satisfactory,10.76755696,76.55437839,Kerala,3,2023
Travelling,Airtel,4G,5,Satisfactory,10.72043603,76.59952152,Kerala,3,2023
Travelling,Airtel,4G,5,Satisfactory,13.41842924,76.11467755,Karnataka,3,2023
Travelling,Airtel,4G,5,Satisfactory,10.764727,76.6240304,Kerala,3,2023
Travelling,Airtel,4G,2,Poor Voice Quality,29.94220175,77.55310223,Uttar Pradesh,3,2023
Travelling,Airtel,4G,5,Satisfactory,13.05719323,77.55875417,Karnataka,2,2023
Travelling,Airtel,4G,5,Satisfactory,23.37986681,85.31013915,Jharkhand,1,2023
Travelling,Airtel,4G,5,Satisfactory,23.38206123,85.31252927,Jharkhand,10,2022
Travelling,Airtel,4G,4,Satisfactory,22.4684002,88.3428493,West Bengal,9,2024
Travelling,Airtel,4G,5,Satisfactory,19.35795173,72.88543012,Maharashtra,9,2024
Travelling,Airtel,4G,5,Satisfactory,11.37197172,77.69160672,Tamil Nadu,8,2024
Travelling,Airtel,4G,5,Satisfactory,21.36209073,86.80240406,Odisha,5,2024
Travelling,Airtel,4G,5,Satisfactory,22.99485693,72.53702389,Gujarat,7,2022
Travelling,Airtel,4G,5,Satisfactory,18.006945,81.71038667,Chhattisgarh,9,2023
Travelling,Airtel,4G,2,Call Dropped,16.4811195,81.1501129,Andhra Pradesh,11,2023
Travelling,Airtel,4G,5,Satisfactory,18.00676833,81.71036667,Chhattisgarh,8,2023
Travelling,Airtel,4G,5,Satisfactory,28.64949052,77.28120845,Delhi,10,2022
Travelling,Airtel,4G,5,Satisfactory,14.02510783,75.98022526,Karnataka,10,2022
Travelling,Airtel,4G,5,Satisfactory,25.70175588,85.21461683,Bihar,10,2024
Travelling,Airtel,4G,4,Satisfactory,25.60689,85.11429333,Bihar,10,2024
Travelling,Airtel,4G,5,Satisfactory,25.47437833333333,87.48967499999999,Bihar,1,2025
Travelling,Airtel,4G,5,Satisfactory,25.47439333333333,87.48966166666666,Bihar,1,2025
Travelling,Airtel,4G,5,Satisfactory,22.390206666666668,82.72309500000001,Chhattisgarh,1,2025
Travelling,Airtel,4G,5,Satisfactory,28.00507,77.58907333333333,Uttar Pradesh,1,2025
Travelling,Airtel,4G,3,Call Dropped,19.15267895,72.95543688,Maharashtra,12,2024
Travelling,Airtel,4G,5,Satisfactory,25.6047717,85.1155144,Bihar,12,2024
Travelling,Airtel,4G,5,Satisfactory,25.6077922,85.114036,Bihar,11,2024
Travelling,Airtel,4G,5,Satisfactory,28.6454648,77.3695688,Uttar Pradesh,2,2025
Travelling,Airtel,4G,4,Satisfactory,28.451599,77.50989931,Uttar Pradesh,2,2025
Travelling,Airtel,4G,5,Satisfactory,26.87304376,80.99692227,Uttar Pradesh,2,2025
Travelling,Airtel,4G,4,Satisfactory,16.463191666666667,82.03711833333334,Andhra Pradesh,2,2025
Travelling,Airtel,4G,5,Satisfactory,22.143498333333334,88.39135,West Bengal,2,2025
Travelling,Airtel,4G,2,Poor Voice Quality,12.974636666666669,77.57124166666668,Karnataka,1,2025
Travelling,Airtel,4G,5,Satisfactory,28.64544078,77.36956354,Uttar Pradesh,1,2025
Travelling,Airtel,4G,5,Satisfactory,30.102917631156743,77.72127712145448,Uttar Pradesh,1,2025
Travelling,Airtel,4G,4,Satisfactory,16.468708333333332,82.02990999999999,Andhra Pradesh,1,2025
Travelling,Airtel,4G,5,Satisfactory,28.63168135285377,77.08539962768555,Delhi,1,2025
Travelling,Airtel,4G,3,Satisfactory,31.81205688,75.6624333,Punjab,1,2025
Travelling,Airtel,4G,4,Satisfactory,16.469055,82.02369500000002,Andhra Pradesh,1,2025
Travelling,Airtel,4G,2,Poor Voice Quality,30.10358833333333,74.92629833333334,Punjab,1,2025
Travelling,Airtel,4G,3,Satisfactory,32.08230666666667,75.96201500000001,Himachal Pradesh,1,2025
Travelling,Airtel,4G,1,Poor Voice Quality,32.1109132,75.4681821,Punjab,2,2025
Travelling,Airtel,4G,1,Poor Voice Quality,32.27388337,75.65529199,Punjab,2,2025
Travelling,Airtel,4G,1,Poor Voice Quality,32.27788079,75.65311061,Punjab,2,2025
Travelling,Airtel,4G,4,Satisfactory,16.46751,82.02645166666667,Andhra Pradesh,2,2025
Travelling,Airtel,4G,1,Poor Voice Quality,31.8121675,75.6504308,Punjab,2,2025
Travelling,Airtel,4G,1,Poor Voice Quality,15.781458333333337,76.76682333333333,Karnataka,2,2025
Travelling,Airtel,4G,5,Satisfactory,31.63672128,75.68979949,Punjab,2,2025
Travelling,Airtel,4G,5,Satisfactory,26.9668886,82.38742083,Uttar Pradesh,2,2025
Travelling,Airtel,4G,5,Satisfactory,26.86436975,80.99685135,Uttar Pradesh,2,2025
Travelling,Airtel,4G,4,Satisfactory,21.1222515,79.0911117,Maharashtra,1,2025
Travelling,Airtel,4G,5,Satisfactory,26.78445048,80.99077321,Uttar Pradesh,1,2025
Travelling,Airtel,4G,5,Satisfactory,21.74860964,87.60307347,West Bengal,1,2025
Travelling,Airtel,4G,4,Satisfactory,28.671296666666663,77.20683833333332,Delhi,1,2025
Travelling,Airtel,4G,2,Poor Voice Quality,30.19391166666667,75.68851500000001,Punjab,1,2025
Travelling,Airtel,4G,1,Poor Voice Quality,30.11534170713276,77.71650320850313,Uttar Pradesh,1,2025
Travelling,Airtel,4G,1,Poor Voice Quality,24.1275206,76.3172216,Madhya Pradesh,1,2025
Travelling,Airtel,4G,1,Poor Voice Quality,22.15100626,85.51230458,Jharkhand,1,2025
Travelling,Airtel,4G,3,Satisfactory,26.11996606,78.00217249,Madhya Pradesh,1,2025
Travelling,Airtel,4G,5,Satisfactory,31.61477468,75.70515464,Punjab,2,2025
Travelling,Airtel,4G,2,Poor Voice Quality,25.65482666666667,86.32918999999998,Bihar,2,2025
Travelling,Airtel,4G,5,Satisfactory,30.782118333333333,76.0243,Punjab,2,2025
Travelling,Airtel,4G,2,Call Dropped,26.219459,84.54306079,Bihar,1,2025
Travelling,Airtel,4G,3,Satisfactory,30.92096,74.977965,Punjab,1,2025
Travelling,Airtel,4G,2,Poor Voice Quality,12.9795212,77.5559428,Karnataka,1,2025
Travelling,Airtel,4G,4,Satisfactory,16.4647545,82.0231734,Andhra Pradesh,1,2025
Travelling,Airtel,4G,4,Satisfactory,16.468668333333333,82.03001333333334,Andhra Pradesh,2,2025
Travelling,Airtel,4G,5,Satisfactory,26.12486535,85.89889107,Bihar,2,2025
Travelling,Airtel,4G,4,Satisfactory,30.578861666666665,74.23904333333333,Punjab,2,2025
Travelling,Airtel,4G,5,Satisfactory,26.8882837,80.99691545,Uttar Pradesh,3,2025
Travelling,Airtel,4G,5,Satisfactory,26.8922328,81.00708543,Uttar Pradesh,3,2025
Travelling,Airtel,4G,1,Poor Voice Quality,32.33756273,75.66560986,Punjab,3,2025
Travelling,Airtel,4G,1,Poor Voice Quality,25.36644,76.60131166666666,Rajasthan,3,2025
Travelling,Airtel,4G,5,Satisfactory,26.8922218,81.007081,Uttar Pradesh,3,2025
Travelling,Airtel,4G,1,Poor Voice Quality,32.3030119,75.6510593,Punjab,3,2025
Travelling,Airtel,4G,2,Poor Voice Quality,29.99523354,75.08054395,Punjab,3,2025
Travelling,Airtel,4G,5,Satisfactory,30.38227653,74.6399125,Punjab,3,2025
Travelling,Airtel,4G,5,Satisfactory,21.173035,81.2898117,Chhattisgarh,3,2025
Travelling,Airtel,4G,2,Poor Voice Quality,30.7506166,75.4200875,Punjab,3,2025
Travelling,Airtel,4G,5,Satisfactory,26.8370142,80.95082943,Uttar Pradesh,2,2025
Travelling,Airtel,4G,5,Satisfactory,26.8370142,80.95082943,Uttar Pradesh,2,2025
Travelling,Airtel,4G,1,Poor Voice Quality,32.28082063,75.70168389,Punjab,2,2025
Travelling,Airtel,4G,4,Satisfactory,16.46751,82.02645166666667,Andhra Pradesh,2,2025
Travelling,Airtel,4G,1,Poor Voice Quality,15.782073333333337,76.76624833333334,Karnataka,3,2025
Travelling,Airtel,4G,4,Satisfactory,16.46751,82.02645166666667,Andhra Pradesh,3,2025
Travelling,Airtel,4G,5,Satisfactory,27.13369737,81.9613185,Uttar Pradesh,3,2025
Travelling,Airtel,4G,5,Satisfactory,27.13369737,81.9613185,Uttar Pradesh,3,2025
Travelling,Airtel,4G,5,Satisfactory,27.1337577,81.96114087,Uttar Pradesh,3,2025
Travelling,Airtel,4G,5,Satisfactory,26.90706129,80.95922809,Uttar Pradesh,3,2025
Travelling,Airtel,4G,5,Satisfactory,31.63668567,75.68977583,Punjab,3,2025
Travelling,Airtel,4G,5,Satisfactory,26.8700206,81.0326553,Uttar Pradesh,3,2025
Travelling,Airtel,4G,5,Satisfactory,31.060155,75.8094078,Punjab,3,2025
Travelling,Airtel,4G,1,Poor Voice Quality,32.27884006,75.6543594,Punjab,3,2025
Travelling,Airtel,4G,1,Poor Voice Quality,32.01783444,75.61271218,Punjab,3,2025
Travelling,Airtel,4G,1,Poor Voice Quality,32.01783444,75.61271218,Punjab,3,2025
Travelling,Airtel,4G,1,Poor Voice Quality,32.3869251,75.7149247,Punjab,3,2025
Travelling,Airtel,4G,1,Poor Voice Quality,31.3400374,74.7020158,Punjab,3,2025
Travelling,Airtel,4G,4,Satisfactory,16.46751,82.02645166666667,Andhra Pradesh,3,2025
Travelling,Airtel,4G,1,Poor Voice Quality,32.4431356,75.89226323,Punjab,3,2025
Travelling,Airtel,4G,1,Poor Voice Quality,32.5366619,75.9671781,Himachal Pradesh,3,2025
Travelling,Airtel,4G,4,Satisfactory,16.4690074,82.0293045,Andhra Pradesh,3,2025
Travelling,Airtel,4G,1,Poor Voice Quality,32.21025784,76.32187692,Himachal Pradesh,3,2025
Travelling,Airtel,4G,1,Poor Voice Quality,32.28049128,75.65352919,Punjab,3,2025
Travelling,Airtel,4G,5,Satisfactory,21.11104346,79.06786412,Maharashtra,7,2025
Travelling,Airtel,4G,1,Poor Voice Quality,26.8706523,81.002619,Uttar Pradesh,7,2025
Travelling,Airtel,4G,5,Satisfactory,21.11497721,79.09171881,Maharashtra,7,2025
Travelling,Airtel,4G,1,Poor Voice Quality,27.0053611,80.9051719,Uttar Pradesh,7,2025
Travelling,Airtel,4G,1,Poor Voice Quality,30.8169185,76.0027407,Punjab,7,2025
Travelling,Airtel,4G,1,Poor Voice Quality,26.83234343,80.92190116,Uttar Pradesh,7,2025
Travelling,Airtel,4G,1,Poor Voice Quality,26.83797855,80.94386331,Uttar Pradesh,7,2025
Travelling,Airtel,4G,3,Satisfactory,27.947325,80.777185,Uttar Pradesh,7,2025
Travelling,Airtel,4G,5,Satisfactory,12.99480333,77.67811,Karnataka,7,2025
Travelling,Airtel,4G,5,Satisfactory,21.14414472,79.41058253,Maharashtra,7,2025
Travelling,Airtel,4G,5,Satisfactory,23.38043333,77.75955667,Madhya Pradesh,10,2021
Travelling,Airtel,4G,5,Satisfactory,10.02184095,76.30990321,Kerala,1,2021
Travelling,Airtel,4G,1,Call Dropped,22.61290333,88.39373333,West Bengal,1,2021
Travelling,Airtel,4G,5,Satisfactory,21.17285396,72.95945247,Gujarat,1,2021
Travelling,Airtel,4G,5,Satisfactory,23.379215,77.76847333,Madhya Pradesh,10,2021
Travelling,Airtel,4G,1,Poor Voice Quality,18.9548483,72.8011407,Maharashtra,8,2021
Travelling,Airtel,4G,4,Satisfactory,23.83837,92.62336167,Mizoram,10,2021
Travelling,Airtel,4G,3,Satisfactory,28.62918849,77.05771567,Delhi,7,2021
Travelling,Airtel,4G,1,Call Dropped,28.4450072,77.10569815,Haryana,7,2021
Travelling,Airtel,4G,3,Poor Voice Quality,16.97315879,82.26627828,Andhra Pradesh,5,2021
Travelling,Airtel,4G,3,Satisfactory,16.5467819,81.5557959,Andhra Pradesh,5,2021
Travelling,Airtel,4G,1,Poor Voice Quality,22.64712667,78.38887833,Madhya Pradesh,9,2021
Travelling,Airtel,4G,5,Satisfactory,10.48330573,76.25728622,Kerala,9,2021
Travelling,Airtel,4G,3,Satisfactory,15.7343578,79.2631132,Andhra Pradesh,6,2021
Travelling,Airtel,4G,3,Satisfactory,15.7343631,79.263119,Andhra Pradesh,6,2021
Travelling,Airtel,4G,3,Satisfactory,15.7369572,79.2697309,Andhra Pradesh,6,2021
Travelling,Airtel,4G,3,Satisfactory,15.7343193,79.2664336,Andhra Pradesh,6,2021
Travelling,Airtel,4G,3,Satisfactory,15.7345355,79.2631222,Andhra Pradesh,6,2021
Travelling,Airtel,4G,1,Call Dropped,28.19447282,76.84124518,Rajasthan,6,2021
Travelling,Airtel,4G,3,Satisfactory,16.98577604,82.2503159,Andhra Pradesh,6,2021
Travelling,Airtel,4G,3,Satisfactory,16.5467946,81.55581377,Andhra Pradesh,6,2021
Travelling,Airtel,4G,3,Satisfactory,16.5467946,81.55581377,Andhra Pradesh,6,2021
Travelling,Airtel,4G,4,Satisfactory,16.5467946,81.55581377,Andhra Pradesh,6,2021
Travelling,Airtel,4G,3,Satisfactory,16.11166007,79.8242713,Andhra Pradesh,6,2021
Travelling,Airtel,4G,3,Satisfactory,16.11166007,79.8242713,Andhra Pradesh,6,2021
Travelling,Airtel,4G,3,Satisfactory,15.66980168,79.34952758,Andhra Pradesh,6,2021
Travelling,Airtel,4G,3,Satisfactory,15.66980168,79.34952758,Andhra Pradesh,6,2021
Travelling,Airtel,4G,1,Poor Voice Quality,26.0134974,94.524576,Nagaland,6,2021
Travelling,Airtel,4G,3,Satisfactory,15.66980168,79.34952758,Andhra Pradesh,6,2021
Travelling,Airtel,4G,3,Satisfactory,15.66980168,79.34952758,Andhra Pradesh,6,2021
Travelling,Airtel,4G,3,Satisfactory,15.66980168,79.34952758,Andhra Pradesh,6,2021
Travelling,Airtel,4G,4,Satisfactory,22.8081384,86.1886932,Jharkhand,6,2021
Travelling,Airtel,4G,3,Satisfactory,15.64606708,79.49818523,Andhra Pradesh,6,2021
Travelling,Airtel,4G,3,Satisfactory,15.64606708,79.49818523,Andhra Pradesh,6,2021
Travelling,Airtel,4G,3,Satisfactory,15.64527926,79.50028364,Andhra Pradesh,6,2021
Travelling,Airtel,4G,3,Satisfactory,15.64527926,79.50028364,Andhra Pradesh,6,2021
Travelling,Airtel,4G,3,Satisfactory,15.7361283,79.2664336,Andhra Pradesh,6,2021
Travelling,Airtel,4G,3,Satisfactory,15.6953105,79.2896849,Andhra Pradesh,6,2021
Travelling,Airtel,4G,3,Satisfactory,15.6822882,79.2896849,Andhra Pradesh,6,2021
Travelling,Airtel,4G,3,Satisfactory,15.7353524,79.2653766,Andhra Pradesh,6,2021
Travelling,Airtel,4G,3,Satisfactory,15.6713246,79.3463796,Andhra Pradesh,6,2021
Travelling,Airtel,4G,3,Satisfactory,15.7248141,79.2657981,Andhra Pradesh,6,2021
Travelling,Airtel,4G,3,Satisfactory,15.7218617,79.2632625,Andhra Pradesh,6,2021
Travelling,Airtel,4G,3,Satisfactory,15.7343647,79.2631189,Andhra Pradesh,6,2021
Travelling,Airtel,4G,3,Satisfactory,15.7343645,79.2631192,Andhra Pradesh,6,2021
Travelling,Airtel,4G,3,Satisfactory,16.5467819,81.5557998,Andhra Pradesh,5,2021
Travelling,Airtel,4G,5,Satisfactory,12.9098538,77.5850937,Karnataka,5,2021
Travelling,Airtel,4G,1,Call Dropped,16.98166974,82.24920759,Andhra Pradesh,5,2021
Travelling,Airtel,4G,1,Poor Voice Quality,16.98166974,82.24920759,Andhra Pradesh,5,2021
Travelling,Airtel,4G,1,Poor Voice Quality,18.30682193,83.56575533,Andhra Pradesh,5,2021
Travelling,Airtel,4G,3,Satisfactory,16.5467972,81.55573134,Andhra Pradesh,5,2021
Travelling,Airtel,4G,4,Satisfactory,13.9366904,75.548165,Karnataka,8,2021
Travelling,Airtel,4G,4,Satisfactory,13.9367057,75.54815,Karnataka,8,2021
Travelling,Airtel,4G,3,Satisfactory,16.545522,81.5557161,Andhra Pradesh,6,2021
Travelling,Airtel,4G,3,Satisfactory,16.5467986,81.5557823,Andhra Pradesh,6,2021
Travelling,Airtel,4G,2,Poor Voice Quality,18.507755,73.79696333,Maharashtra,6,2021
Travelling,Airtel,4G,1,Call Dropped,10.81947333,77.20667333,Tamil Nadu,7,2021
Travelling,Airtel,4G,3,Satisfactory,16.5467785,81.5557983,Andhra Pradesh,6,2021
Travelling,Airtel,4G,3,Satisfactory,16.5467801,81.5557966,Andhra Pradesh,6,2021
Travelling,Airtel,4G,1,Poor Voice Quality,29.3000992,73.9053022,Rajasthan,7,2021
Travelling,Airtel,4G,1,Call Dropped,28.62922577,77.05366507,Delhi,7,2021
Travelling,Airtel,4G,1,Poor Voice Quality,12.68421717,79.95872029,Tamil Nadu,1,2021
Travelling,Airtel,4G,1,Call Dropped,12.29624759,76.62756189,Karnataka,1,2021
Travelling,Airtel,4G,5,Satisfactory,23.0737304,72.5054161,Gujarat,1,2021
Travelling,Airtel,4G,5,Satisfactory,23.0454606,72.5159484,Gujarat,1,2021
Travelling,Airtel,4G,1,Poor Voice Quality,12.2510463,76.63358085,Karnataka,1,2021
Travelling,Airtel,4G,3,Satisfactory,16.54673681,81.55573509,Andhra Pradesh,1,2021
Travelling,Airtel,4G,2,Call Dropped,15.7357316,79.2657289,Andhra Pradesh,3,2021
Travelling,Airtel,4G,5,Satisfactory,23.07250376,72.50961382,Gujarat,3,2021
Travelling,Airtel,4G,1,Poor Voice Quality,22.27145811,70.80942191,Gujarat,2,2021
Travelling,Airtel,4G,5,Satisfactory,31.6062654,74.9046329,Punjab,2,2021
Travelling,Airtel,4G,1,Call Dropped,22.27253601,70.80973958,Gujarat,2,2021
Travelling,Airtel,4G,4,Satisfactory,31.24015667,76.36413667,Himachal Pradesh,1,2021
Travelling,Airtel,4G,5,Satisfactory,16.5467872,81.555797,Andhra Pradesh,1,2021
Travelling,Airtel,4G,3,Satisfactory,16.5467911,81.5557965,Andhra Pradesh,1,2021
Travelling,Airtel,4G,5,Satisfactory,10.06233814,76.32388519,Kerala,1,2021
Travelling,Airtel,4G,5,Satisfactory,10.06233814,76.32388519,Kerala,1,2021
Travelling,Airtel,4G,5,Satisfactory,9.945658901,76.36982883,Kerala,1,2021
Travelling,Airtel,4G,5,Satisfactory,23.3304066,77.7905607,Madhya Pradesh,11,2021
Travelling,Airtel,4G,5,Satisfactory,28.53290878,77.24331343,Delhi,1,2021
Travelling,Airtel,4G,5,Satisfactory,23.07074583,72.5131245,Gujarat,1,2021
Travelling,Airtel,4G,4,Satisfactory,16.546895,81.55584166,Andhra Pradesh,5,2021
Travelling,Airtel,4G,3,Satisfactory,16.5469921,81.5556854,Andhra Pradesh,5,2021
Travelling,Airtel,4G,1,Poor Voice Quality,28.60703446,77.38102317,Uttar Pradesh,4,2021
Travelling,Airtel,4G,5,Satisfactory,18.9679319,73.0203838,Maharashtra,4,2021
Travelling,Airtel,4G,1,Call Dropped,19.83982633,75.35242805,Maharashtra,4,2021
Travelling,Airtel,4G,5,Satisfactory,22.5904033,88.39377424,West Bengal,4,2021
Travelling,Airtel,4G,5,Satisfactory,23.0737328,72.5053513,Gujarat,4,2021
Travelling,Airtel,4G,5,Satisfactory,31.60672186,74.90484922,Punjab,2,2021
Travelling,Airtel,4G,5,Satisfactory,23.0454204,72.5159912,Gujarat,2,2021
Travelling,Airtel,4G,5,Satisfactory,23.0454581,72.5159909,Gujarat,2,2021
Travelling,Airtel,4G,5,Satisfactory,31.6064068,74.9044525,Punjab,2,2021
Travelling,Airtel,4G,5,Satisfactory,23.29594811,72.34119606,Gujarat,3,2021
Travelling,Airtel,4G,5,Satisfactory,23.29594811,72.34119606,Gujarat,3,2021
Travelling,Airtel,4G,5,Satisfactory,12.9098671,77.5850737,Karnataka,3,2021
Travelling,Airtel,4G,5,Satisfactory,23.07661958,72.52450283,Gujarat,3,2021
Travelling,Airtel,4G,1,Poor Voice Quality,23.0305392,72.6137395,Gujarat,3,2021
Travelling,Airtel,4G,4,Satisfactory,24.08921667,88.25592833,West Bengal,3,2021
Travelling,Airtel,4G,5,Satisfactory,10.75894116,76.27139529,Kerala,3,2021
Travelling,Airtel,4G,5,Satisfactory,16.5444033,81.5236696,Andhra Pradesh,3,2021
Travelling,Airtel,4G,5,Satisfactory,31.6062654,74.9046329,Punjab,2,2021
Travelling,Airtel,4G,5,Satisfactory,31.60590774,74.90426716,Punjab,2,2021
Travelling,Airtel,4G,4,Satisfactory,22.75126667,86.21038,Jharkhand,2,2021
Travelling,Airtel,4G,5,Satisfactory,31.60593715,74.90416593,Punjab,2,2021
Travelling,Airtel,4G,5,Satisfactory,31.6062648,74.904637,Punjab,2,2021
Travelling,Airtel,4G,1,Poor Voice Quality,12.8707235,74.8819187,Karnataka,2,2021
Travelling,Airtel,4G,5,Satisfactory,30.9011273,75.833333,Punjab,2,2021
Travelling,Airtel,4G,5,Satisfactory,23.33025833,77.789635,Madhya Pradesh,11,2021
Travelling,Airtel,4G,5,Satisfactory,23.37991667,77.76795167,Madhya Pradesh,11,2021
Travelling,Airtel,4G,3,Satisfactory,16.54684281,81.55582124,Andhra Pradesh,5,2021
Travelling,Airtel,4G,3,Satisfactory,16.54684281,81.55582124,Andhra Pradesh,5,2021
Travelling,Airtel,4G,5,Satisfactory,24.782415,84.97346167,Bihar,1,2022
Travelling,Airtel,4G,1,Poor Voice Quality,21.08964676,72.90022097,Gujarat,1,2022
Travelling,Airtel,4G,1,Poor Voice Quality,19.1360705,72.84738146,Maharashtra,1,2022
Travelling,Airtel,4G,2,Poor Voice Quality,12.02520763,76.97190113,Karnataka,1,2022
Travelling,Airtel,4G,3,Satisfactory,18.955212,72.8254908,Maharashtra,2,2022
Travelling,Airtel,4G,1,Poor Voice Quality,28.4798122,77.0630492,Haryana,4,2022
Travelling,Airtel,4G,1,Poor Voice Quality,18.45011295,73.85000282,Maharashtra,3,2022
Travelling,Airtel,4G,3,Satisfactory,8.4820932,76.9809798,Kerala,5,2022
Travelling,Airtel,4G,3,Satisfactory,10.40304847,79.36694785,Tamil Nadu,8,2022
Travelling,Airtel,4G,5,Satisfactory,13.04551748,77.55631926,Karnataka,10,2022
Travelling,Airtel,4G,5,Satisfactory,23.37981276,85.31012091,Jharkhand,10,2022
Travelling,Airtel,4G,3,Satisfactory,23.37985267,85.31015211,Jharkhand,10,2022
Travelling,Airtel,4G,4,Satisfactory,23.3798605,85.3101087,Jharkhand,10,2022
Travelling,Airtel,4G,1,Poor Voice Quality,19.2348567,72.8403723,Maharashtra,10,2022
Travelling,Airtel,4G,1,Poor Voice Quality,19.22062151,72.84287017,Maharashtra,10,2022
Travelling,Airtel,4G,5,Satisfactory,28.64949052,77.28120845,Delhi,12,2022
Travelling,Airtel,4G,5,Satisfactory,21.19144216,72.84880688,Gujarat,12,2022
Travelling,Airtel,4G,5,Satisfactory,14.02510783,75.98022526,Karnataka,12,2022
Travelling,Airtel,4G,5,Satisfactory,10.75991832,76.65295933,Kerala,3,2023
Travelling,Airtel,4G,5,Satisfactory,10.65007653,76.59032075,Kerala,3,2023
Travelling,Airtel,4G,5,Satisfactory,10.71158578,76.59242318,Kerala,3,2023
Travelling,Airtel,4G,1,Poor Voice Quality,16.48210914,81.15162806,Andhra Pradesh,2,2023
Travelling,Airtel,4G,5,Satisfactory,12.95149845,77.69967044,Karnataka,2,2023
Travelling,Airtel,4G,5,Satisfactory,23.3798696,85.3101448,Jharkhand,1,2023
Travelling,Airtel,4G,5,Satisfactory,23.38206123,85.31252927,Jharkhand,1,2023
Travelling,Airtel,4G,5,Satisfactory,23.38206123,85.31252927,Jharkhand,1,2023
Travelling,Airtel,4G,3,Satisfactory,23.37985267,85.31015211,Jharkhand,1,2023
Travelling,Airtel,4G,4,Satisfactory,23.3798605,85.3101087,Jharkhand,1,2023
Travelling,Airtel,4G,5,Satisfactory,13.77360547,76.84237508,Karnataka,1,2023
Travelling,Airtel,4G,5,Satisfactory,12.92437838,77.65171497,Karnataka,7,2023
Travelling,Airtel,4G,2,Call Dropped,16.4811195,81.1501129,Andhra Pradesh,11,2023
Travelling,Airtel,4G,5,Satisfactory,10.1223603,77.5395208,Tamil Nadu,9,2024
Travelling,Airtel,4G,4,Satisfactory,19.38881943,74.64738673,Maharashtra,9,2024
Travelling,Airtel,4G,5,Satisfactory,19.35795173,72.88543012,Maharashtra,9,2024
Travelling,Airtel,4G,5,Satisfactory,12.88761667,77.61744,Karnataka,3,2024
Travelling,Airtel,4G,5,Satisfactory,8.432044,77.1184934,Kerala,2,2024
Travelling,Airtel,4G,4,Satisfactory,25.58417659,84.79924609,Bihar,2,2024
Travelling,Airtel,4G,5,Satisfactory,28.65259462,77.40402594,Uttar Pradesh,12,2024
Travelling,Airtel,4G,4,Satisfactory,19.03556546,72.85565367,Maharashtra,12,2024
Travelling,Airtel,4G,5,Satisfactory,18.0756637,73.42148745,Maharashtra,12,2024
Travelling,Airtel,4G,4,Satisfactory,19.2170092,72.9786429,Maharashtra,12,2024
Travelling,Airtel,4G,5,Satisfactory,25.60695333,85.113685,Bihar,12,2024
Travelling,Airtel,4G,4,Satisfactory,19.2363022,73.1315243,Maharashtra,10,2024
Travelling,Airtel,4G,1,Poor Voice Quality,25.87243921,85.54283942,Bihar,10,2024
Travelling,Airtel,4G,5,Satisfactory,25.47808,87.49720333333335,Bihar,1,2025
Travelling,Airtel,4G,5,Satisfactory,27.421221666666664,77.239335,Rajasthan,1,2025
Travelling,Airtel,4G,5,Satisfactory,27.14722811244428,78.38688623160124,Uttar Pradesh,1,2025
Travelling,Airtel,4G,1,Poor Voice Quality,26.987958483333333,78.53339763333334,Uttar Pradesh,1,2025
Travelling,Airtel,4G,5,Satisfactory,26.89456855,81.00482155,Uttar Pradesh,1,2025
Travelling,Airtel,4G,3,Satisfactory,9.783052825,77.34648669,Tamil Nadu,11,2024
Travelling,Airtel,4G,5,Satisfactory,18.44440833,83.562505,Andhra Pradesh,11,2024
Travelling,Airtel,4G,5,Satisfactory,30.065578348003328,78.25269263237715,Uttarakhand,1,2025
Travelling,Airtel,4G,5,Satisfactory,21.7544127,87.604449,West Bengal,1,2025
Travelling,Airtel,4G,1,Call Dropped,25.6400824,84.0073292,Uttar Pradesh,1,2025
Travelling,Airtel,4G,4,Satisfactory,21.122251666666664,79.09107166666666,Maharashtra,1,2025
Travelling,Airtel,4G,5,Satisfactory,30.101196407340467,77.72124560549855,Uttar Pradesh,1,2025
Travelling,Airtel,4G,1,Poor Voice Quality,19.0649731,72.8806265,Maharashtra,1,2025
Travelling,Airtel,4G,2,Poor Voice Quality,30.206716033333336,76.15686401666667,Punjab,1,2025
Travelling,Airtel,4G,1,Poor Voice Quality,25.874301292933524,82.08934024907649,Uttar Pradesh,1,2025
Travelling,Airtel,4G,2,Poor Voice Quality,32.100135,75.94500833333333,Himachal Pradesh,1,2025
Travelling,Airtel,4G,2,Poor Voice Quality,29.942595,75.55037833333334,Punjab,1,2025
Travelling,Airtel,4G,4,Satisfactory,30.654701666666664,74.27328666666668,Punjab,1,2025
Travelling,Airtel,4G,1,Poor Voice Quality,32.04890833333333,75.80940166666666,Himachal Pradesh,1,2025
Travelling,Airtel,4G,4,Satisfactory,16.468875,82.03000333333333,Andhra Pradesh,1,2025
Travelling,Airtel,4G,1,Poor Voice Quality,28.5121615,77.3387935,Delhi,1,2025
Travelling,Airtel,4G,2,Poor Voice Quality,32.145185,75.84937166666667,Himachal Pradesh,1,2025
Travelling,Airtel,4G,2,Poor Voice Quality,30.913689999999995,74.96723999999999,Punjab,1,2025
Travelling,Airtel,4G,2,Poor Voice Quality,30.46746166666667,74.876135,Punjab,1,2025
Travelling,Airtel,4G,2,Poor Voice Quality,30.5775177,75.8168969,Punjab,1,2025
Travelling,Airtel,4G,1,Poor Voice Quality,32.14196666666667,75.90290833333333,Himachal Pradesh,1,2025
Travelling,Airtel,4G,5,Satisfactory,31.63668199,75.68972347,Punjab,2,2025
Travelling,Airtel,4G,5,Satisfactory,22.66353372,73.25409305,Gujarat,2,2025
Travelling,Airtel,4G,1,Poor Voice Quality,32.30924301,75.60706796,Punjab,2,2025
Travelling,Airtel,4G,5,Satisfactory,18.5543364,73.8058069,Maharashtra,2,2025
Travelling,Airtel,4G,5,Satisfactory,16.60152471,74.40027071,Maharashtra,1,2025
Travelling,Airtel,4G,3,Satisfactory,25.65482666666667,86.32918999999998,Bihar,2,2025
Travelling,Airtel,4G,3,Satisfactory,25.65479,86.32880166666668,Bihar,2,2025
Travelling,Airtel,4G,1,Call Dropped,30.798851666666664,76.03190833333333,Punjab,2,2025
Travelling,Airtel,4G,5,Satisfactory,31.61477468,75.70515464,Punjab,2,2025
Travelling,Airtel,4G,1,Poor Voice Quality,32.27646281,75.69384423,Punjab,2,2025
Travelling,Airtel,4G,1,Poor Voice Quality,32.2792883,75.7020902,Punjab,2,2025
Travelling,Airtel,4G,3,Satisfactory,25.654851666666666,86.32881666666665,Bihar,2,2025
Travelling,Airtel,4G,5,Satisfactory,25.507735000000004,86.48958333333333,Bihar,2,2025
Travelling,Airtel,4G,1,Poor Voice Quality,32.2724583,75.99510808,Himachal Pradesh,2,2025
Travelling,Airtel,4G,3,Satisfactory,32.06251333333333,75.921775,Himachal Pradesh,2,2025
Travelling,Airtel,4G,2,Poor Voice Quality,19.36688165,73.19574897,Maharashtra,2,2025
Travelling,Airtel,4G,5,Satisfactory,26.9668886,82.38742083,Uttar Pradesh,2,2025
Travelling,Airtel,4G,1,Poor Voice Quality,32.28099901,75.63098246,Punjab,2,2025
Travelling,Airtel,4G,5,Satisfactory,31.61477468,75.70515464,Punjab,2,2025
Travelling,Airtel,4G,1,Poor Voice Quality,32.18328981,75.64376248,Punjab,2,2025
Travelling,Airtel,4G,4,Satisfactory,21.1208735,79.0926997,Maharashtra,2,2025
Travelling,Airtel,4G,4,Satisfactory,16.469348333333336,82.02971666666666,Andhra Pradesh,2,2025
Travelling,Airtel,4G,1,Call Dropped,18.99553833333333,75.75709166666667,Maharashtra,2,2025
Travelling,Airtel,4G,4,Satisfactory,16.463191666666667,82.03711833333334,Andhra Pradesh,2,2025
Travelling,Airtel,4G,1,Poor Voice Quality,32.2675172,75.6509738,Punjab,2,2025
Travelling,Airtel,4G,5,Satisfactory,16.518106666666664,80.64038333333333,Andhra Pradesh,2,2025
Travelling,Airtel,4G,1,Poor Voice Quality,32.27781047,75.65322171,Punjab,2,2025
Travelling,Airtel,4G,5,Satisfactory,31.6383839,75.70827105,Punjab,2,2025
Travelling,Airtel,4G,4,Satisfactory,16.46751,82.02645166666667,Andhra Pradesh,2,2025
Travelling,Airtel,4G,5,Satisfactory,16.46751,82.02645166666667,Andhra Pradesh,2,2025
Travelling,Airtel,4G,4,Satisfactory,28.5078108,77.482323,Uttar Pradesh,1,2025
Travelling,Airtel,4G,4,Satisfactory,25.55512,86.40095333333332,Bihar,2,2025
Travelling,Airtel,4G,1,Poor Voice Quality,31.95034506,75.61898759,Punjab,2,2025
Travelling,Airtel,4G,3,Satisfactory,28.63728833333333,77.14053166666666,Delhi,2,2025
Travelling,Airtel,4G,1,Poor Voice Quality,32.29162437,75.69787522,Punjab,2,2025
Travelling,Airtel,4G,4,Satisfactory,28.8632533,78.7501533,Uttar Pradesh,2,2025
Travelling,Airtel,4G,1,Poor Voice Quality,15.781351666666668,76.766915,Karnataka,3,2025
Travelling,Airtel,4G,1,Call Dropped,28.63711,77.14075333333334,Delhi,3,2025
Travelling,Airtel,4G,1,Poor Voice Quality,32.28038329,75.65455272,Punjab,3,2025
Travelling,Airtel,4G,1,Poor Voice Quality,15.781708333333333,76.76538000000001,Karnataka,3,2025
Travelling,Airtel,4G,5,Satisfactory,31.68417826,75.60556855,Punjab,3,2025
Travelling,Airtel,4G,5,Satisfactory,31.63668567,75.68977583,Punjab,3,2025
Travelling,Airtel,4G,1,Poor Voice Quality,32.27687772,75.65392562,Punjab,3,2025
Travelling,Airtel,4G,1,Poor Voice Quality,32.27687772,75.65392562,Punjab,3,2025
Travelling,Airtel,4G,1,Poor Voice Quality,32.13403474,75.69009907,Himachal Pradesh,3,2025
Travelling,Airtel,4G,1,Poor Voice Quality,32.1403658,75.6884642,Himachal Pradesh,3,2025
Travelling,Airtel,4G,5,Satisfactory,16.87642027,81.51570358,Andhra Pradesh,3,2025
Travelling,Airtel,4G,4,Satisfactory,16.46751,82.02645166666667,Andhra Pradesh,3,2025
Travelling,Airtel,4G,1,Poor Voice Quality,15.781653333333336,76.76546833333333,Karnataka,3,2025
Travelling,Airtel,4G,1,Poor Voice Quality,15.781653333333336,76.76546833333333,Karnataka,3,2025
Travelling,Airtel,4G,1,Poor Voice Quality,15.7816426,76.766908,Karnataka,3,2025
Travelling,Airtel,4G,1,Poor Voice Quality,15.7816426,76.766908,Karnataka,3,2025
Travelling,Airtel,4G,1,Poor Voice Quality,15.770115,76.76044166666667,Karnataka,3,2025
Travelling,Airtel,4G,1,Poor Voice Quality,27.29263447,83.70421018,Uttar Pradesh,3,2025
Travelling,Airtel,4G,1,Poor Voice Quality,28.6081632,77.4586688,Uttar Pradesh,3,2025
Travelling,Airtel,4G,5,Satisfactory,12.9645684,80.1591181,Tamil Nadu,3,2025
Travelling,Airtel,4G,5,Satisfactory,31.63672443,75.68976225,Punjab,3,2025
Travelling,Airtel,4G,1,Poor Voice Quality,32.26012916,75.66410338,Punjab,3,2025
Travelling,Airtel,4G,1,Poor Voice Quality,31.9441768,75.8044259,Punjab,3,2025
Travelling,Airtel,4G,5,Satisfactory,31.6366773,75.68972806,Punjab,3,2025
Travelling,Airtel,4G,4,Satisfactory,16.46751,82.02645166666667,Andhra Pradesh,3,2025
Travelling,Airtel,4G,3,Satisfactory,30.273695,75.23408166666667,Punjab,3,2025
Travelling,Airtel,4G,3,Satisfactory,16.468653333333336,82.03018833333333,Andhra Pradesh,3,2025
Travelling,Airtel,4G,5,Satisfactory,21.1080079,79.0787731,Maharashtra,7,2025
Travelling,Airtel,4G,5,Satisfactory,13.00000333,77.67676333,Karnataka,7,2025
Travelling,Airtel,4G,1,Poor Voice Quality,26.83797855,80.94386331,Uttar Pradesh,7,2025
Travelling,Airtel,4G,5,Satisfactory,19.49215333,84.73316167,Odisha,7,2025
Travelling,Airtel,4G,5,Satisfactory,18.4599153,73.8123146,Maharashtra,7,2025
Travelling,Airtel,4G,5,Satisfactory,17.1545491,78.5871984,Telangana,7,2025
Travelling,Airtel,4G,5,Satisfactory,21.19169631,79.12769057,Maharashtra,7,2025
Travelling,Airtel,4G,3,Satisfactory,28.80503418,78.77437411,Uttar Pradesh,7,2025
Travelling,Airtel,4G,4,Satisfactory,13.93675762,75.54741909,Karnataka,2,2021
Travelling,Airtel,4G,5,Satisfactory,31.60610115,74.90432515,Punjab,2,2021
Travelling,Airtel,4G,5,Satisfactory,31.6070811,74.9027908,Punjab,2,2021
Travelling,Airtel,4G,1,Poor Voice Quality,22.26787861,70.78714247,Gujarat,2,2021
Travelling,Airtel,4G,5,Satisfactory,23.07371138,72.50525493,Gujarat,1,2021
Travelling,Airtel,4G,1,Poor Voice Quality,16.5408279,81.5249201,Andhra Pradesh,4,2021
Travelling,Airtel,4G,3,Satisfactory,28.6143078,77.12544893,Delhi,4,2021
Travelling,Airtel,4G,3,Satisfactory,16.54409646,81.52613748,Andhra Pradesh,4,2021
Travelling,Airtel,4G,3,Satisfactory,28.61455533,77.12530748,Delhi,5,2021
Travelling,Airtel,4G,4,Satisfactory,16.5469921,81.5556854,Andhra Pradesh,5,2021
Travelling,Airtel,4G,3,Satisfactory,16.54674951,81.55594052,Andhra Pradesh,5,2021
Travelling,Airtel,4G,5,Satisfactory,10.30295463,76.223162,Kerala,5,2021
Travelling,Airtel,4G,4,Satisfactory,17.52710054,78.44832903,Telangana,5,2021
Travelling,Airtel,4G,3,Poor Voice Quality,13.04931179,80.25787612,Tamil Nadu,5,2021
Travelling,Airtel,4G,1,Call Dropped,16.98602847,82.2501463,Andhra Pradesh,5,2021
Travelling,Airtel,4G,1,Poor Voice Quality,16.98166974,82.24920759,Andhra Pradesh,5,2021
Travelling,Airtel,4G,1,Call Dropped,16.98602847,82.2501463,Andhra Pradesh,5,2021
Travelling,Airtel,4G,1,Poor Voice Quality,16.98166974,82.24920759,Andhra Pradesh,5,2021
Travelling,Airtel,4G,1,Poor Voice Quality,16.98166974,82.24920759,Andhra Pradesh,5,2021
Travelling,Airtel,4G,1,Poor Voice Quality,16.98166974,82.24920759,Andhra Pradesh,5,2021
Travelling,Airtel,4G,1,Poor Voice Quality,16.98166974,82.24920759,Andhra Pradesh,5,2021
Travelling,Airtel,4G,1,Poor Voice Quality,16.98166974,82.24920759,Andhra Pradesh,5,2021
Travelling,Airtel,4G,1,Poor Voice Quality,16.98166974,82.24920759,Andhra Pradesh,5,2021
Travelling,Airtel,4G,1,Poor Voice Quality,16.9738385,82.26655475,Andhra Pradesh,5,2021
Travelling,Airtel,4G,1,Poor Voice Quality,16.97612299,82.266102,Andhra Pradesh,5,2021
Travelling,Airtel,4G,3,Satisfactory,16.5467972,81.55573134,Andhra Pradesh,5,2021
Travelling,Airtel,4G,4,Satisfactory,18.3067796,83.56591785,Andhra Pradesh,4,2021
Travelling,Airtel,4G,4,Satisfactory,18.4648483,79.1111237,Telangana,11,2021
Travelling,Airtel,4G,4,Satisfactory,18.4649137,79.11103317,Telangana,11,2021
Travelling,Airtel,4G,3,Satisfactory,18.41230296,79.13793167,Telangana,11,2021
Travelling,Airtel,4G,5,Satisfactory,23.37963,77.76894833,Madhya Pradesh,10,2021
Travelling,Airtel,4G,5,Satisfactory,31.04723449,76.29914057,Punjab,11,2021
Travelling,Airtel,4G,1,Poor Voice Quality,29.3251728,73.8978151,Rajasthan,11,2021
Travelling,Airtel,4G,5,Satisfactory,23.32721,77.80719333,Madhya Pradesh,11,2021
Travelling,Airtel,4G,5,Satisfactory,23.32721,77.80719333,Madhya Pradesh,11,2021
Travelling,Airtel,4G,1,Poor Voice Quality,29.3005216,73.9030685,Rajasthan,11,2021
Travelling,Airtel,4G,4,Satisfactory,13.9367864,75.5481227,Karnataka,12,2021
Travelling,Airtel,4G,1,Poor Voice Quality,25.70365833,94.10655833,Nagaland,12,2021
Travelling,Airtel,4G,5,Satisfactory,16.979897,82.2658488,Andhra Pradesh,5,2021
Travelling,Airtel,4G,1,Poor Voice Quality,16.97315879,82.26627828,Andhra Pradesh,5,2021
Travelling,Airtel,4G,2,Poor Voice Quality,16.54409646,81.52613748,Andhra Pradesh,4,2021
Travelling,Airtel,4G,2,Poor Voice Quality,16.546895,81.55584166,Andhra Pradesh,5,2021
Travelling,Airtel,4G,5,Satisfactory,23.0738139,72.5117962,Gujarat,3,2021
Travelling,Airtel,4G,5,Satisfactory,23.22566142,72.36042727,Gujarat,3,2021
Travelling,Airtel,4G,5,Satisfactory,23.0736976,72.5053815,Gujarat,3,2021
Travelling,Airtel,4G,5,Satisfactory,31.60593715,74.90416593,Punjab,2,2021
Travelling,Airtel,4G,2,Poor Voice Quality,15.52344241,80.02221248,Andhra Pradesh,4,2021
Travelling,Airtel,4G,3,Satisfactory,16.54684281,81.55582124,Andhra Pradesh,5,2021
Travelling,Airtel,4G,1,Poor Voice Quality,23.0308967,72.6096138,Gujarat,11,2021
Travelling,Airtel,4G,4,Satisfactory,24.10983333,88.24804167,West Bengal,3,2021
Travelling,Airtel,4G,5,Satisfactory,31.6058087,74.9017647,Punjab,2,2021
Travelling,Airtel,4G,5,Satisfactory,31.60672186,74.90484922,Punjab,2,2021
Travelling,Airtel,4G,5,Satisfactory,23.045435,72.5159957,Gujarat,2,2021
Travelling,Airtel,4G,5,Satisfactory,23.0736664,72.5053856,Gujarat,3,2021
Travelling,Airtel,4G,5,Satisfactory,23.29594811,72.34119606,Gujarat,3,2021
Travelling,Airtel,4G,5,Satisfactory,23.29594811,72.34119606,Gujarat,3,2021
Travelling,Airtel,4G,5,Satisfactory,23.29594811,72.34119606,Gujarat,3,2021
Travelling,Airtel,4G,3,Satisfactory,16.5467788,81.5557996,Andhra Pradesh,6,2021
Travelling,Airtel,4G,1,Poor Voice Quality,28.27863665,76.84881845,Rajasthan,6,2021
Travelling,Airtel,4G,3,Satisfactory,16.5467815,81.5557998,Andhra Pradesh,6,2021
Travelling,Airtel,4G,5,Satisfactory,10.75885039,76.27144523,Kerala,3,2021
Travelling,Airtel,4G,5,Satisfactory,23.0736756,72.5053617,Gujarat,3,2021
Travelling,Airtel,4G,4,Satisfactory,12.9765204,77.7118313,Karnataka,3,2021
Travelling,Airtel,4G,5,Satisfactory,23.07416221,72.5060516,Gujarat,3,2021
Travelling,Airtel,4G,2,Poor Voice Quality,28.47443124,77.05784666,Haryana,6,2021
Travelling,Airtel,4G,3,Satisfactory,16.5467951,81.5557752,Andhra Pradesh,5,2021
Travelling,Airtel,4G,3,Satisfactory,16.5468508,81.5557737,Andhra Pradesh,5,2021
Travelling,Airtel,4G,3,Satisfactory,16.5478952,81.5442168,Andhra Pradesh,6,2021
Travelling,Airtel,4G,3,Satisfactory,16.5481337,81.555724,Andhra Pradesh,6,2021
Travelling,Airtel,4G,3,Satisfactory,16.11166007,79.8242713,Andhra Pradesh,6,2021
Travelling,Airtel,4G,3,Satisfactory,16.11166007,79.8242713,Andhra Pradesh,6,2021
Travelling,Airtel,4G,3,Satisfactory,16.11166007,79.8242713,Andhra Pradesh,6,2021
Travelling,Airtel,4G,3,Satisfactory,15.66980168,79.34952758,Andhra Pradesh,6,2021
Travelling,Airtel,4G,3,Satisfactory,15.66980168,79.34952758,Andhra Pradesh,6,2021
Travelling,Airtel,4G,3,Satisfactory,15.66980168,79.34952758,Andhra Pradesh,6,2021
Travelling,Airtel,4G,3,Satisfactory,15.66980168,79.34952758,Andhra Pradesh,6,2021
Travelling,Airtel,4G,3,Satisfactory,15.66980168,79.34952758,Andhra Pradesh,6,2021
Travelling,Airtel,4G,3,Satisfactory,15.66980168,79.34952758,Andhra Pradesh,6,2021
Travelling,Airtel,4G,1,Poor Voice Quality,26.0130488,94.5234213,Nagaland,6,2021
Travelling,Airtel,4G,4,Satisfactory,25.805287,93.7710108,Nagaland,6,2021
Travelling,Airtel,4G,3,Satisfactory,15.64527926,79.50028364,Andhra Pradesh,6,2021
Travelling,Airtel,4G,3,Satisfactory,15.6953105,79.2896849,Andhra Pradesh,6,2021
Travelling,Airtel,4G,3,Satisfactory,15.7358703,79.2693081,Andhra Pradesh,6,2021
Travelling,Airtel,4G,3,Satisfactory,15.7343613,79.2631144,Andhra Pradesh,6,2021
Travelling,Airtel,4G,3,Satisfactory,15.7229819,79.2639672,Andhra Pradesh,6,2021
Travelling,Airtel,4G,3,Satisfactory,15.7110621,79.3083522,Andhra Pradesh,6,2021
Travelling,Airtel,4G,3,Satisfactory,15.6713246,79.3463796,Andhra Pradesh,6,2021
Travelling,Airtel,4G,3,Satisfactory,15.6719448,79.3442674,Andhra Pradesh,6,2021
Travelling,Airtel,4G,3,Satisfactory,15.7248207,79.2657935,Andhra Pradesh,6,2021
Travelling,Airtel,4G,3,Satisfactory,15.7343642,79.2631193,Andhra Pradesh,6,2021
Travelling,Airtel,4G,3,Satisfactory,15.7562948,79.2791168,Andhra Pradesh,6,2021
Travelling,Airtel,4G,3,Satisfactory,15.7343631,79.263119,Andhra Pradesh,6,2021
Travelling,Airtel,4G,3,Satisfactory,15.7343631,79.263119,Andhra Pradesh,6,2021
Travelling,Airtel,4G,3,Satisfactory,15.7343613,79.2631132,Andhra Pradesh,6,2021
Travelling,Airtel,4G,5,Satisfactory,23.04890571,72.52369387,Gujarat,3,2021
Travelling,Airtel,4G,4,Satisfactory,16.80554596,81.53032615,Andhra Pradesh,3,2021
Travelling,Airtel,4G,1,Poor Voice Quality,29.3004525,73.9053022,Rajasthan,7,2021
Travelling,Airtel,4G,1,Poor Voice Quality,29.297146,73.9071394,Rajasthan,7,2021
Travelling,Airtel,4G,1,Call Dropped,10.819595,77.20689,Tamil Nadu,7,2021
Travelling,Airtel,4G,5,Satisfactory,29.29664224,73.90248747,Rajasthan,7,2021
Travelling,Airtel,4G,3,Satisfactory,15.7343578,79.2631132,Andhra Pradesh,6,2021
Travelling,Airtel,4G,5,Satisfactory,23.26002,88.53909,West Bengal,6,2021
Travelling,Airtel,4G,4,Satisfactory,24.7689019,87.8004627,West Bengal,6,2021
Travelling,Airtel,4G,3,Satisfactory,15.7370725,79.2698908,Andhra Pradesh,6,2021
Travelling,Airtel,4G,3,Satisfactory,15.7353524,79.2653766,Andhra Pradesh,6,2021
Travelling,Airtel,4G,3,Satisfactory,15.7434151,79.3924846,Andhra Pradesh,6,2021
Travelling,Airtel,4G,3,Satisfactory,15.7361283,79.2664336,Andhra Pradesh,6,2021
Travelling,Airtel,4G,3,Satisfactory,15.7228599,79.2615008,Andhra Pradesh,6,2021
Travelling,Airtel,4G,3,Satisfactory,15.734549,79.2631232,Andhra Pradesh,6,2021
Travelling,Airtel,4G,1,Poor Voice Quality,12.9051664,74.864021,Karnataka,1,2021
Travelling,Airtel,4G,1,Poor Voice Quality,12.9750641,77.5651554,Karnataka,1,2021
Travelling,Airtel,4G,5,Satisfactory,23.04400538,72.5207393,Gujarat,1,2021
Travelling,Airtel,4G,5,Satisfactory,23.04400538,72.5207393,Gujarat,1,2021
Travelling,Airtel,4G,5,Satisfactory,10.55626994,76.33109009,Kerala,1,2021
Travelling,Airtel,4G,5,Satisfactory,22.5379991,88.36609657,West Bengal,1,2021
Travelling,Airtel,4G,1,Call Dropped,25.4097976,86.0167811,Bihar,9,2021
Travelling,Airtel,4G,4,Satisfactory,13.1305923,80.2357957,Tamil Nadu,9,2021
Travelling,Airtel,4G,5,Satisfactory,13.9368071,75.5480993,Karnataka,9,2021
Travelling,Airtel,4G,5,Satisfactory,23.06958391,72.51512616,Gujarat,1,2021
Travelling,Airtel,4G,5,Satisfactory,23.06958391,72.51512616,Gujarat,1,2021
Travelling,Airtel,4G,5,Satisfactory,21.10994505,73.39869269,Gujarat,1,2021
Travelling,Airtel,4G,5,Satisfactory,24.25836167,72.47766667,Gujarat,1,2021
Travelling,Airtel,4G,5,Satisfactory,28.49095226,77.07994538,Haryana,1,2021
Travelling,Airtel,4G,2,Poor Voice Quality,25.50509458,86.57746674,Bihar,9,2021
Travelling,Airtel,4G,1,Call Dropped,10.81946167,77.20668833,Tamil Nadu,8,2021
Travelling,Airtel,4G,1,Poor Voice Quality,23.02835394,72.61122441,Gujarat,10,2021
Travelling,Airtel,4G,5,Satisfactory,16.66488346,81.00774231,Andhra Pradesh,8,2021
Travelling,Airtel,4G,1,Poor Voice Quality,10.81586,77.20916,Tamil Nadu,8,2021
Travelling,Airtel,4G,1,Call Dropped,10.82075333,77.20569167,Tamil Nadu,8,2021
Travelling,Airtel,4G,5,Satisfactory,26.21041476,78.1918647,Madhya Pradesh,1,2021
Travelling,Airtel,4G,5,Satisfactory,28.54680497,77.12423686,Delhi,1,2021
Travelling,Airtel,4G,5,Satisfactory,28.53372461,77.2427414,Delhi,1,2021
Travelling,Airtel,4G,5,Satisfactory,28.53290878,77.24331343,Delhi,1,2021
Travelling,Airtel,4G,5,Satisfactory,21.9120641,83.3884991,Chhattisgarh,1,2021
Travelling,Airtel,4G,5,Satisfactory,12.9949835,80.2604489,Tamil Nadu,1,2021
Travelling,Airtel,4G,5,Satisfactory,12.9949835,80.2604489,Tamil Nadu,1,2021
Travelling,Airtel,4G,5,Satisfactory,10.12315782,76.35676374,Kerala,1,2021
Travelling,Airtel,4G,2,Call Dropped,10.819005,77.206885,Tamil Nadu,7,2021
Travelling,Airtel,4G,1,Poor Voice Quality,29.1517758,75.7249735,Haryana,8,2021
Travelling,Airtel,4G,3,Satisfactory,28.4293435,77.0155284,Haryana,9,2021
Travelling,Airtel,4G,4,Satisfactory,19.22055522,72.84281136,Maharashtra,10,2022
Travelling,Airtel,4G,1,Poor Voice Quality,11.08336167,77.29194167,Tamil Nadu,10,2022
Travelling,Airtel,4G,5,Satisfactory,12.95138954,77.49539035,Karnataka,10,2022
Travelling,Airtel,4G,5,Satisfactory,23.3798674,85.3101424,Jharkhand,10,2022
Travelling,Airtel,4G,5,Satisfactory,23.379894,85.3101399,Jharkhand,10,2022
Travelling,Airtel,4G,5,Satisfactory,23.37986681,85.31013915,Jharkhand,10,2022
Travelling,Airtel,4G,3,Satisfactory,19.21868791,72.84505685,Maharashtra,10,2022
Travelling,Airtel,4G,1,Poor Voice Quality,19.26149956,72.85199715,Maharashtra,10,2022
Travelling,Airtel,4G,5,Satisfactory,13.07272091,77.56034787,Karnataka,8,2022
Travelling,Airtel,4G,5,Satisfactory,15.891315,76.4859,Karnataka,8,2022
Travelling,Airtel,4G,1,Call Dropped,21.16051261,72.79615186,Gujarat,7,2022
Travelling,Airtel,4G,1,Poor Voice Quality,28.91468907,77.48716199,Uttar Pradesh,7,2022
Travelling,Airtel,4G,5,Satisfactory,12.93501471,77.69335178,Karnataka,6,2022
Travelling,Airtel,4G,5,Satisfactory,13.0029085,77.7117437,Karnataka,6,2022
Travelling,Airtel,4G,5,Satisfactory,23.38206123,85.31252927,Jharkhand,10,2022
Travelling,Airtel,4G,5,Satisfactory,13.77360547,76.84237508,Karnataka,10,2022
Travelling,Airtel,4G,5,Satisfactory,13.19365094,77.6497432,Karnataka,3,2024
Travelling,Airtel,4G,5,Satisfactory,18.00685,81.710435,Chhattisgarh,9,2023
Travelling,Airtel,4G,4,Satisfactory,18.7523631,73.863224,Maharashtra,9,2023
Travelling,Airtel,4G,5,Satisfactory,27.447823333333336,82.63058666666666,Uttar Pradesh,1,2025
Travelling,Airtel,4G,1,Call Dropped,19.063913333333332,72.89084,Maharashtra,1,2025
Travelling,Airtel,4G,3,Satisfactory,31.53988692,75.23565132,Punjab,1,2025
Travelling,Airtel,4G,5,Satisfactory,27.449155000000005,82.62860500000001,Uttar Pradesh,1,2025
Travelling,Airtel,4G,5,Satisfactory,30.10126551613212,77.7209188,Uttar Pradesh,1,2025
Travelling,Airtel,4G,1,Poor Voice Quality,18.9241543,72.8207101,Maharashtra,1,2025
Travelling,Airtel,4G,1,Poor Voice Quality,30.282596,74.5845891,Punjab,1,2025
Travelling,Airtel,4G,5,Satisfactory,25.48797666666667,87.50665166666667,Bihar,1,2025
Travelling,Airtel,4G,5,Satisfactory,27.4208583,77.2399764,Rajasthan,1,2025
Travelling,Airtel,4G,5,Satisfactory,27.20716768875718,78.23452225886285,Uttar Pradesh,1,2025
Travelling,Airtel,4G,2,Poor Voice Quality,25.3444179,82.97279254,Uttar Pradesh,1,2025
Travelling,Airtel,4G,3,Satisfactory,21.115320743992925,84.32364098,Odisha,1,2025
Travelling,Airtel,4G,4,Satisfactory,21.074674087576568,84.35436727,Odisha,1,2025
Travelling,Airtel,4G,1,Call Dropped,25.52958536,87.91313749,Bihar,1,2025
Travelling,Airtel,4G,5,Satisfactory,18.520368333333334,73.849415,Maharashtra,1,2025
Travelling,Airtel,4G,5,Satisfactory,28.637035,77.14114333333333,Delhi,2,2025
Travelling,Airtel,4G,4,Satisfactory,25.65482666666667,86.32918999999998,Bihar,2,2025
Travelling,Airtel,4G,5,Satisfactory,31.6365776,75.6899853,Punjab,2,2025
Travelling,Airtel,4G,5,Satisfactory,31.61477468,75.70515464,Punjab,2,2025
Travelling,Airtel,4G,1,Poor Voice Quality,15.781616666666666,76.76543,Karnataka,3,2025
Travelling,Airtel,4G,5,Satisfactory,26.89454196,81.00484762,Uttar Pradesh,3,2025
Travelling,Airtel,4G,1,Poor Voice Quality,15.7816345,76.7669051,Karnataka,3,2025
Travelling,Airtel,4G,5,Satisfactory,28.49739833333333,77.142295,Delhi,3,2025
Travelling,Airtel,4G,1,Poor Voice Quality,15.781513333333333,76.76531166666668,Karnataka,3,2025
Travelling,Airtel,4G,1,Poor Voice Quality,15.781653333333336,76.76546833333333,Karnataka,3,2025
Travelling,Airtel,4G,1,Poor Voice Quality,15.7816426,76.766908,Karnataka,3,2025
Travelling,Airtel,4G,4,Satisfactory,16.46751,82.02645166666667,Andhra Pradesh,3,2025
Travelling,Airtel,4G,1,Poor Voice Quality,32.27022391,75.65300676,Punjab,3,2025
Travelling,Airtel,4G,2,Poor Voice Quality,28.56076362,77.05098705,Delhi,3,2025
Travelling,Airtel,4G,5,Satisfactory,26.8922218,81.007081,Uttar Pradesh,3,2025
Travelling,Airtel,4G,1,Poor Voice Quality,15.781623333333334,76.76542833333333,Karnataka,3,2025
Travelling,Airtel,4G,1,Poor Voice Quality,15.781623333333334,76.76542833333333,Karnataka,3,2025
Travelling,Airtel,4G,4,Satisfactory,16.46751,82.02645166666667,Andhra Pradesh,3,2025
Travelling,Airtel,4G,5,Satisfactory,26.84242836,81.00964984,Uttar Pradesh,2,2025
Travelling,Airtel,4G,5,Satisfactory,26.84242836,81.00964984,Uttar Pradesh,2,2025
Travelling,Airtel,4G,1,Poor Voice Quality,18.9985423,72.8186668,Maharashtra,2,2025
Travelling,Airtel,4G,1,Poor Voice Quality,28.60169828,77.43968438,Uttar Pradesh,2,2025
Travelling,Airtel,4G,5,Satisfactory,26.8702689,80.9962412,Uttar Pradesh,2,2025
Travelling,Airtel,4G,4,Satisfactory,16.46751,82.02645166666667,Andhra Pradesh,2,2025
Travelling,Airtel,4G,4,Satisfactory,16.46751,82.02645166666667,Andhra Pradesh,2,2025
Travelling,Airtel,4G,1,Poor Voice Quality,32.27884006,75.6543594,Punjab,3,2025
Travelling,Airtel,4G,1,Poor Voice Quality,15.781555,76.76540166666668,Karnataka,3,2025
Travelling,Airtel,4G,5,Satisfactory,16.80545807350427,81.52471060864627,Andhra Pradesh,3,2025
Travelling,Airtel,4G,1,Poor Voice Quality,32.2640445,75.59254539,Punjab,3,2025
Travelling,Airtel,4G,1,Poor Voice Quality,32.2640445,75.59254539,Punjab,3,2025
Travelling,Airtel,4G,4,Satisfactory,16.4365743,81.993192,Andhra Pradesh,3,2025
Travelling,Airtel,4G,1,Poor Voice Quality,32.2826674,75.7706465,Himachal Pradesh,3,2025
Travelling,Airtel,4G,1,Call Dropped,15.773666666666667,76.758125,Karnataka,3,2025
Travelling,Airtel,4G,5,Satisfactory,25.654202,86.3288357,Bihar,3,2025
Travelling,Airtel,4G,5,Satisfactory,12.9645684,80.1591181,Tamil Nadu,3,2025
Travelling,Airtel,4G,5,Satisfactory,27.13364939,81.9612859,Uttar Pradesh,3,2025
Travelling,Airtel,4G,1,Poor Voice Quality,32.27780243,75.65321801,Punjab,3,2025
Travelling,Airtel,4G,1,Poor Voice Quality,31.94418512,75.8044158,Punjab,3,2025
Travelling,Airtel,4G,5,Satisfactory,31.6353559,75.7132701,Punjab,3,2025
Travelling,Airtel,4G,5,Satisfactory,27.2278464,80.8479146,Uttar Pradesh,3,2025
Travelling,Airtel,4G,5,Satisfactory,28.58016841,77.26925523,Delhi,3,2025
Travelling,Airtel,4G,4,Satisfactory,25.55512,86.40095333333332,Bihar,2,2025
Travelling,Airtel,4G,4,Satisfactory,16.46751,82.02645166666667,Andhra Pradesh,2,2025
Travelling,Airtel,4G,5,Satisfactory,31.63660826,75.68979342,Punjab,2,2025
Travelling,Airtel,4G,4,Satisfactory,16.46751,82.02645166666667,Andhra Pradesh,2,2025
Travelling,Airtel,4G,5,Satisfactory,10.30294197,76.22306706,Kerala,3,2022
Travelling,Airtel,4G,5,Satisfactory,10.30297101,76.22311771,Kerala,1,2022
Travelling,Airtel,4G,5,Satisfactory,10.71930884,76.60141348,Kerala,3,2023
Travelling,Airtel,4G,5,Satisfactory,10.65621675,76.5956334,Kerala,3,2023
Travelling,Airtel,4G,1,Poor Voice Quality,10.69033055,76.42145996,Kerala,3,2023
Travelling,Airtel,4G,5,Satisfactory,10.79909747,76.63746088,Kerala,3,2023
Travelling,Airtel,4G,5,Satisfactory,10.79909747,76.63746088,Kerala,3,2023
Travelling,Airtel,4G,5,Satisfactory,12.98548333,80.26705,Tamil Nadu,11,2022
Travelling,Airtel,4G,5,Satisfactory,12.95138954,77.49539035,Karnataka,1,2023
Travelling,Airtel,4G,5,Satisfactory,23.37980018,85.31015305,Jharkhand,1,2023
Travelling,Airtel,4G,1,Poor Voice Quality,12.84650466,77.67122802,Karnataka,4,2023
Travelling,Airtel,4G,1,Poor Voice Quality,12.84407043,77.67290548,Karnataka,4,2023
Travelling,Airtel,4G,3,Call Dropped,12.565311,78.5779124,Tamil Nadu,10,2024
Travelling,Airtel,4G,4,Satisfactory,25.818465,85.77340333,Bihar,10,2024
Travelling,Airtel,4G,1,Call Dropped,21.16926539,81.33837385,Chhattisgarh,10,2024
Travelling,Airtel,4G,5,Satisfactory,15.51051564,80.03937403,Andhra Pradesh,12,2024
Travelling,Airtel,4G,5,Satisfactory,28.542026,77.3402816,Uttar Pradesh,12,2024
Travelling,Airtel,4G,4,Satisfactory,25.6077876,85.1140251,Bihar,11,2024
Travelling,Airtel,4G,4,Satisfactory,22.46844494,88.3428015,West Bengal,9,2024
Travelling,Airtel,4G,5,Satisfactory,18.10810519,79.09069831,Telangana,9,2024
Travelling,Airtel,4G,5,Satisfactory,10.6654434,79.4572445,Tamil Nadu,5,2024
Travelling,Airtel,4G,1,Poor Voice Quality,30.913689999999995,74.96723999999999,Punjab,1,2025
Travelling,Airtel,4G,4,Satisfactory,16.468668333333333,82.03001333333334,Andhra Pradesh,2,2025
Travelling,Airtel,4G,5,Satisfactory,30.95964833333333,74.60806833333332,Punjab,2,2025
Travelling,Airtel,4G,1,Poor Voice Quality,32.02773611,75.389813,Punjab,2,2025
Travelling,Airtel,4G,4,Satisfactory,28.52556148,77.36932621,Uttar Pradesh,2,2025
Travelling,Airtel,4G,4,Satisfactory,16.467626666666668,82.02629,Andhra Pradesh,2,2025
Travelling,Airtel,4G,4,Satisfactory,26.21949243,84.54301334,Bihar,1,2025
Travelling,Airtel,4G,2,Poor Voice Quality,30.91337333333333,74.97894166666667,Punjab,1,2025
Travelling,Airtel,4G,5,Satisfactory,16.60832879,74.35245287,Maharashtra,1,2025
Travelling,Airtel,4G,2,Call Dropped,32.145185,75.84937166666667,Himachal Pradesh,1,2025
Travelling,Airtel,4G,1,Poor Voice Quality,32.145185,75.84937166666667,Himachal Pradesh,1,2025
Travelling,Airtel,4G,3,Satisfactory,32.145185,75.84937166666667,Himachal Pradesh,1,2025
Travelling,Airtel,4G,3,Call Dropped,17.02635073,81.40249025,Andhra Pradesh,1,2025
Travelling,Airtel,4G,5,Satisfactory,17.41566297,78.44091251,Telangana,2,2025
Travelling,Airtel,4G,5,Satisfactory,26.61939681,82.13479871,Uttar Pradesh,2,2025
Travelling,Airtel,4G,1,Poor Voice Quality,24.918903333333333,86.10698666666667,Bihar,1,2025
Travelling,Airtel,4G,5,Satisfactory,21.11104346,79.06786412,Maharashtra,7,2025
Travelling,Airtel,4G,1,Poor Voice Quality,26.872732,80.8947717,Uttar Pradesh,7,2025
Travelling,Airtel,4G,1,Poor Voice Quality,26.8507438,80.9480873,Uttar Pradesh,7,2025
Travelling,Airtel,4G,5,Satisfactory,21.10812283,79.07878386,Maharashtra,7,2025
Travelling,Airtel,4G,1,Poor Voice Quality,30.80693833,76.01818167,Punjab,7,2025
Travelling,Airtel,4G,5,Satisfactory,24.04797167,88.68657333,West Bengal,7,2025
Travelling,Airtel,4G,5,Satisfactory,17.1545491,78.5871984,Telangana,7,2025
Travelling,Airtel,4G,5,Satisfactory,21.59447667,73.016535,Gujarat,7,2025
Travelling,Airtel,4G,5,Satisfactory,23.439295,77.75964667,Madhya Pradesh,10,2021
Travelling,Airtel,4G,5,Satisfactory,23.41016833,77.75060167,Madhya Pradesh,10,2021
Travelling,Airtel,4G,2,Call Dropped,18.5938621,73.7927246,Maharashtra,11,2021
Travelling,Airtel,4G,1,Call Dropped,18.4649137,79.11103317,Telangana,11,2021
Travelling,Airtel,4G,5,Satisfactory,10.30300856,76.22312844,Kerala,7,2021
Travelling,Airtel,4G,4,Satisfactory,14.02817332,75.93202075,Karnataka,7,2021
Travelling,Airtel,4G,5,Satisfactory,10.30477302,76.22223952,Kerala,11,2021
Travelling,Airtel,4G,5,Satisfactory,23.330035,77.78973,Madhya Pradesh,11,2021
Travelling,Airtel,4G,5,Satisfactory,23.381675,77.75914167,Madhya Pradesh,11,2021
Travelling,Airtel,4G,5,Satisfactory,23.37947667,77.75995667,Madhya Pradesh,10,2021
Travelling,Airtel,4G,1,Poor Voice Quality,21.14871077,72.81513835,Gujarat,10,2021
Travelling,Airtel,4G,3,Poor Voice Quality,23.327625,77.80766833,Madhya Pradesh,10,2021
Travelling,Airtel,4G,1,Call Dropped,12.9903222,77.686183,Karnataka,1,2021
Travelling,Airtel,4G,5,Satisfactory,23.04564503,72.51632971,Gujarat,2,2021
Travelling,Airtel,4G,3,Satisfactory,16.11166007,79.8242713,Andhra Pradesh,6,2021
Travelling,Airtel,4G,3,Satisfactory,16.11166007,79.8242713,Andhra Pradesh,6,2021
Travelling,Airtel,4G,3,Satisfactory,16.11166007,79.8242713,Andhra Pradesh,6,2021
Travelling,Airtel,4G,3,Satisfactory,16.11166007,79.8242713,Andhra Pradesh,6,2021
Travelling,Airtel,4G,3,Satisfactory,16.11166007,79.8242713,Andhra Pradesh,6,2021
Travelling,Airtel,4G,3,Satisfactory,16.11166007,79.8242713,Andhra Pradesh,6,2021
Travelling,Airtel,4G,3,Satisfactory,15.66980168,79.34952758,Andhra Pradesh,6,2021
Travelling,Airtel,4G,4,Satisfactory,15.64606708,79.49818523,Andhra Pradesh,6,2021
Travelling,Airtel,4G,3,Satisfactory,15.64606708,79.49818523,Andhra Pradesh,6,2021
Travelling,Airtel,4G,3,Satisfactory,15.64606708,79.49818523,Andhra Pradesh,6,2021
Travelling,Airtel,4G,3,Satisfactory,15.64527926,79.50028364,Andhra Pradesh,6,2021
Travelling,Airtel,4G,3,Satisfactory,15.64527926,79.50028364,Andhra Pradesh,6,2021
Travelling,Airtel,4G,3,Satisfactory,15.64527926,79.50028364,Andhra Pradesh,6,2021
Travelling,Airtel,4G,3,Satisfactory,15.7327385,79.2673744,Andhra Pradesh,6,2021
Travelling,Airtel,4G,3,Satisfactory,15.738055,79.2615008,Andhra Pradesh,6,2021
Travelling,Airtel,4G,3,Satisfactory,15.7343613,79.2631144,Andhra Pradesh,6,2021
Travelling,Airtel,4G,3,Satisfactory,15.7319288,79.2668754,Andhra Pradesh,6,2021
Travelling,Airtel,4G,3,Satisfactory,15.7248234,79.2657941,Andhra Pradesh,6,2021
Travelling,Airtel,4G,3,Satisfactory,15.7248234,79.2657941,Andhra Pradesh,6,2021
Travelling,Airtel,4G,3,Satisfactory,15.7362634,79.2618531,Andhra Pradesh,6,2021
Travelling,Airtel,4G,5,Satisfactory,10.3029738,76.2231215,Kerala,6,2021
Travelling,Airtel,4G,1,Poor Voice Quality,28.58492221,77.09000398,Delhi,6,2021
Travelling,Airtel,4G,3,Satisfactory,16.5467798,81.5558002,Andhra Pradesh,6,2021
Travelling,Airtel,4G,3,Satisfactory,16.5467991,81.555783,Andhra Pradesh,6,2021
Travelling,Airtel,4G,3,Satisfactory,16.5467985,81.5557837,Andhra Pradesh,6,2021
Travelling,Airtel,4G,1,Call Dropped,28.62922577,77.05366507,Delhi,7,2021
Travelling,Airtel,4G,3,Poor Voice Quality,22.34859767,73.1734164,Gujarat,1,2021
Travelling,Airtel,4G,1,Poor Voice Quality,12.7347992,77.2976494,Karnataka,1,2021
Travelling,Airtel,4G,1,Poor Voice Quality,12.9749513,77.5677392,Karnataka,1,2021
Travelling,Airtel,4G,5,Satisfactory,13.00281582,77.71177502,Karnataka,4,2021
Travelling,Airtel,4G,3,Poor Voice Quality,16.97315879,82.26627828,Andhra Pradesh,5,2021
Travelling,Airtel,4G,3,Satisfactory,22.62884,88.39295667,West Bengal,2,2021
Travelling,Airtel,4G,5,Satisfactory,23.0736701,72.5053155,Gujarat,2,2021
Travelling,Airtel,4G,1,Poor Voice Quality,22.2755326,70.8122592,Gujarat,2,2021
Travelling,Airtel,4G,5,Satisfactory,31.60589584,74.9041949,Punjab,2,2021
Travelling,Airtel,4G,5,Satisfactory,31.6062494,74.9046288,Punjab,2,2021
Travelling,Airtel,4G,1,Call Dropped,22.27145963,70.80940339,Gujarat,2,2021
Travelling,Airtel,4G,5,Satisfactory,23.07390493,72.50545499,Gujarat,2,2021
Travelling,Airtel,4G,5,Satisfactory,23.0274126,72.54558274,Gujarat,3,2021
Travelling,Airtel,4G,5,Satisfactory,23.02742915,72.54518611,Gujarat,3,2021
Travelling,Airtel,4G,5,Satisfactory,23.29594811,72.34119606,Gujarat,3,2021
Travelling,Airtel,4G,5,Satisfactory,23.29594811,72.34119606,Gujarat,3,2021
Travelling,Airtel,4G,5,Satisfactory,23.29594811,72.34119606,Gujarat,3,2021
Travelling,Airtel,4G,5,Satisfactory,23.0454529,72.5160085,Gujarat,3,2021
Travelling,Airtel,4G,4,Satisfactory,24.08856833,88.25500667,West Bengal,3,2021
Travelling,Airtel,4G,1,Poor Voice Quality,23.0305395,72.6137405,Gujarat,3,2021
Travelling,Airtel,4G,5,Satisfactory,24.17332833,72.43419,Gujarat,1,2021
Travelling,Airtel,4G,5,Satisfactory,24.175255,72.415815,Gujarat,1,2021
Travelling,Airtel,4G,5,Satisfactory,28.53372461,77.2427414,Delhi,1,2021
Travelling,Airtel,4G,5,Satisfactory,28.53372461,77.2427414,Delhi,1,2021
Travelling,Airtel,4G,4,Satisfactory,13.0029963,77.7117224,Karnataka,4,2021
Travelling,Airtel,4G,3,Satisfactory,15.52344241,80.02221248,Andhra Pradesh,4,2021
Travelling,Airtel,4G,1,Poor Voice Quality,29.2990227,73.9042579,Rajasthan,7,2021
Travelling,Airtel,4G,1,Poor Voice Quality,29.2990117,73.9042504,Rajasthan,7,2021
Travelling,Airtel,4G,1,Poor Voice Quality,29.2990117,73.9042504,Rajasthan,7,2021
Travelling,Airtel,4G,1,Call Dropped,25.26853928,82.7100034,Uttar Pradesh,7,2021
Travelling,Airtel,4G,3,Poor Voice Quality,27.444408,78.0390537,Uttar Pradesh,8,2021
Travelling,Airtel,4G,5,Satisfactory,25.3605,83.0087688,Uttar Pradesh,1,2021
Travelling,Airtel,4G,5,Satisfactory,10.02184095,76.30990321,Kerala,1,2021
Travelling,Airtel,4G,5,Satisfactory,10.1231557,76.3568701,Kerala,1,2021
Travelling,Airtel,4G,2,Poor Voice Quality,25.4097976,86.0167811,Bihar,9,2021
Travelling,Airtel,4G,5,Satisfactory,28.4749751,77.059447,Haryana,7,2021
Travelling,Airtel,4G,1,Poor Voice Quality,29.2965592,73.9024247,Rajasthan,7,2021
Travelling,Airtel,4G,1,Poor Voice Quality,29.2965689,73.9024053,Rajasthan,7,2021
Travelling,Airtel,4G,1,Poor Voice Quality,29.2965631,73.9094662,Rajasthan,7,2021
Travelling,Airtel,4G,5,Satisfactory,30.42240333,76.53047167,Punjab,9,2021
Travelling,Airtel,4G,3,Satisfactory,19.02706284,73.03625924,Maharashtra,8,2021
Travelling,Airtel,4G,5,Satisfactory,18.30670974,83.56570219,Andhra Pradesh,8,2021
Travelling,Airtel,4G,5,Satisfactory,31.6058087,74.9017647,Punjab,2,2021
Travelling,Airtel,4G,5,Satisfactory,22.69865055,75.8781255,Madhya Pradesh,2,2021
Travelling,Airtel,4G,5,Satisfactory,31.6063846,74.9027908,Punjab,2,2021
Travelling,Airtel,4G,3,Satisfactory,16.5467758,81.5557295,Andhra Pradesh,6,2021
Travelling,Airtel,4G,3,Satisfactory,16.5467964,81.5557795,Andhra Pradesh,6,2021
Travelling,Airtel,4G,3,Satisfactory,16.5467803,81.5557959,Andhra Pradesh,6,2021
Travelling,Airtel,4G,3,Satisfactory,16.5467803,81.5558003,Andhra Pradesh,6,2021
Travelling,Airtel,4G,4,Satisfactory,15.7110621,79.3083522,Andhra Pradesh,6,2021
Travelling,Airtel,4G,5,Satisfactory,23.25945167,88.538935,West Bengal,6,2021
Travelling,Airtel,4G,3,Satisfactory,15.7370725,79.2698908,Andhra Pradesh,6,2021
Travelling,Airtel,4G,3,Satisfactory,15.7370725,79.2698908,Andhra Pradesh,6,2021
Travelling,Airtel,4G,3,Satisfactory,15.72233,79.3094087,Andhra Pradesh,6,2021
Travelling,Airtel,4G,3,Satisfactory,15.7434151,79.3924846,Andhra Pradesh,6,2021
Travelling,Airtel,4G,3,Satisfactory,15.7343601,79.2631121,Andhra Pradesh,6,2021
Travelling,Airtel,4G,3,Satisfactory,15.7229819,79.2639672,Andhra Pradesh,6,2021
Travelling,Airtel,4G,1,Poor Voice Quality,26.76110667,84.00226833,Uttar Pradesh,6,2021
Travelling,Airtel,4G,2,Poor Voice Quality,26.46230866,74.62720077,Rajasthan,6,2021
Travelling,Airtel,4G,5,Satisfactory,9.9403743,76.317752,Kerala,1,2021
Travelling,Airtel,4G,5,Satisfactory,9.926165279,76.40037251,Kerala,1,2021
Travelling,Airtel,4G,5,Satisfactory,26.8645033,81.0077322,Uttar Pradesh,1,2021
Travelling,Airtel,4G,5,Satisfactory,23.06958391,72.51512616,Gujarat,1,2021
Travelling,Airtel,4G,5,Satisfactory,23.0454606,72.5159676,Gujarat,1,2021
Travelling,Airtel,4G,5,Satisfactory,10.81285977,78.71573701,Tamil Nadu,1,2021
Travelling,Airtel,4G,5,Satisfactory,26.28283936,73.01725726,Rajasthan,1,2021
Travelling,Airtel,4G,1,Poor Voice Quality,29.2990263,73.9042588,Rajasthan,7,2021
Travelling,Airtel,4G,5,Satisfactory,23.29594811,72.34119606,Gujarat,3,2021
Travelling,Airtel,4G,5,Satisfactory,10.36685275,76.31410418,Kerala,3,2021
Travelling,Airtel,4G,5,Satisfactory,22.32719804,73.2040721,Gujarat,3,2021
Travelling,Airtel,4G,5,Satisfactory,28.62194544,77.09398728,Delhi,3,2021
Travelling,Airtel,4G,5,Satisfactory,23.07661958,72.52450283,Gujarat,3,2021
Travelling,Airtel,4G,2,Poor Voice Quality,16.5481715,81.5255278,Andhra Pradesh,3,2021
Travelling,Airtel,4G,2,Poor Voice Quality,15.7343807,79.2632237,Andhra Pradesh,3,2021
Travelling,Airtel,4G,3,Satisfactory,16.5469921,81.5556854,Andhra Pradesh,5,2021
Travelling,Airtel,4G,3,Satisfactory,16.54684281,81.55582124,Andhra Pradesh,5,2021
Travelling,Airtel,4G,3,Satisfactory,16.54684281,81.55582124,Andhra Pradesh,5,2021
Travelling,Airtel,4G,5,Satisfactory,12.93675163,77.69447648,Karnataka,8,2022
Travelling,Airtel,4G,5,Satisfactory,28.99627469,77.69332884,Uttar Pradesh,5,2022
Travelling,Airtel,4G,4,Satisfactory,25.21289916,85.65310522,Bihar,6,2022
Travelling,Airtel,4G,1,Call Dropped,18.4520816,73.8514829,Maharashtra,6,2022
Travelling,Airtel,4G,1,Poor Voice Quality,18.45011295,73.85000282,Maharashtra,4,2022
Travelling,Airtel,4G,4,Satisfactory,13.11079949,77.46996126,Karnataka,3,2022
Travelling,Airtel,4G,5,Satisfactory,10.64632069,76.59111704,Kerala,3,2023
Travelling,Airtel,4G,5,Satisfactory,10.73330942,76.57983975,Kerala,3,2023
Travelling,Airtel,4G,5,Satisfactory,10.76488159,76.62352761,Kerala,3,2023
Travelling,Airtel,4G,5,Satisfactory,23.3798674,85.3101424,Jharkhand,1,2023
Travelling,Airtel,4G,5,Satisfactory,23.379894,85.3101399,Jharkhand,1,2023
Travelling,Airtel,4G,3,Call Dropped,19.10701082,72.89452699,Maharashtra,1,2023
Travelling,Airtel,4G,5,Satisfactory,23.37972797,85.31003617,Jharkhand,1,2023
Travelling,Airtel,4G,5,Satisfactory,13.0627453,77.55896901,Karnataka,2,2023
Travelling,Airtel,4G,1,Poor Voice Quality,12.99305193,77.68583993,Karnataka,2,2023
Travelling,Airtel,4G,1,Poor Voice Quality,16.48215798,81.1516784,Andhra Pradesh,4,2023
Travelling,Airtel,4G,5,Satisfactory,12.95840867,77.55474558,Karnataka,6,2023
Travelling,Airtel,4G,5,Satisfactory,12.97790413,77.57206329,Karnataka,6,2023
Travelling,Airtel,4G,3,Satisfactory,12.94249167,78.72006333,Tamil Nadu,12,2023
Travelling,Airtel,4G,5,Satisfactory,17.998185,81.734975,Odisha,9,2023
Travelling,Airtel,4G,3,Poor Voice Quality,9.587545,76.546305,Kerala,8,2023
Travelling,Airtel,4G,5,Satisfactory,21.19144216,72.84880688,Gujarat,10,2022
Travelling,Airtel,4G,5,Satisfactory,20.16247446,85.67959897,Odisha,10,2022
Travelling,Airtel,4G,5,Satisfactory,23.3798696,85.3101448,Jharkhand,10,2022
Travelling,Airtel,4G,3,Call Dropped,19.10701082,72.89452699,Maharashtra,10,2022
Travelling,Airtel,4G,5,Satisfactory,23.37972797,85.31003617,Jharkhand,10,2022
Travelling,Airtel,4G,4,Satisfactory,22.4684,88.3428511,West Bengal,9,2024
Travelling,Airtel,4G,5,Satisfactory,12.88746667,77.61738833,Karnataka,3,2024
Travelling,Airtel,4G,5,Satisfactory,16.2988819,80.4614557,Andhra Pradesh,4,2024
Travelling,Airtel,4G,5,Satisfactory,16.2988007,80.4616736,Andhra Pradesh,4,2024
Travelling,Airtel,4G,2,Poor Voice Quality,19.42445672,77.12894516,Maharashtra,10,2024
Travelling,Airtel,4G,5,Satisfactory,22.06597391,88.10686372,West Bengal,10,2024
Travelling,Airtel,4G,5,Satisfactory,26.8353905,80.9153435,Uttar Pradesh,1,2025
Travelling,Airtel,4G,5,Satisfactory,26.8353905,80.9153435,Uttar Pradesh,1,2025
Travelling,Airtel,4G,4,Satisfactory,16.468708333333332,82.02990999999999,Andhra Pradesh,1,2025
Travelling,Airtel,4G,2,Poor Voice Quality,30.95004333333333,75.89696333333333,Punjab,1,2025
Travelling,Airtel,4G,1,Poor Voice Quality,19.100216666666665,72.84388666666668,Maharashtra,1,2025
Travelling,Airtel,4G,1,Poor Voice Quality,25.708518333333338,86.79800666666667,Bihar,1,2025
Travelling,Airtel,4G,1,Poor Voice Quality,27.96875166666667,79.74125833333332,Uttar Pradesh,1,2025
Travelling,Airtel,4G,5,Satisfactory,27.177685,77.92080833333333,Uttar Pradesh,1,2025
Travelling,Airtel,4G,3,Satisfactory,31.986805,75.85762333333334,Himachal Pradesh,1,2025
Travelling,Airtel,4G,4,Satisfactory,30.30155153333333,75.36286521666666,Punjab,1,2025
Travelling,Airtel,4G,2,Poor Voice Quality,27.1789285,77.9901504,Uttar Pradesh,1,2025
Travelling,Airtel,4G,5,Satisfactory,28.639129,77.03988777,Delhi,1,2025
Travelling,Airtel,4G,5,Satisfactory,19.185041666666667,72.84875000000001,Maharashtra,1,2025
Travelling,Airtel,4G,4,Satisfactory,30.4523198,74.8910283,Punjab,1,2025
Travelling,Airtel,4G,4,Satisfactory,30.463556666666666,74.88289166666667,Punjab,1,2025
Travelling,Airtel,4G,5,Satisfactory,26.87416,80.934835,Uttar Pradesh,1,2025
Travelling,Airtel,4G,3,Satisfactory,26.47181705,80.29634007,Uttar Pradesh,1,2025
Travelling,Airtel,4G,5,Satisfactory,25.78850952,80.13694182,Uttar Pradesh,1,2025
Travelling,Airtel,4G,2,Poor Voice Quality,31.38024484,75.38522503,Punjab,1,2025
Travelling,Airtel,4G,4,Satisfactory,16.469055,82.02369500000002,Andhra Pradesh,1,2025
Travelling,Airtel,4G,2,Poor Voice Quality,29.94725535,75.39710661,Punjab,1,2025
Travelling,Airtel,4G,3,Poor Voice Quality,23.1990879,77.43626824,Madhya Pradesh,1,2025
Travelling,Airtel,4G,5,Satisfactory,26.8741627,81.0186597,Uttar Pradesh,1,2025
Travelling,Airtel,4G,1,Poor Voice Quality,31.920181796886027,74.99162293039262,Punjab,1,2025
Travelling,Airtel,4G,3,Poor Voice Quality,30.10358833333333,74.92629833333334,Punjab,1,2025
Travelling,Airtel,4G,2,Poor Voice Quality,28.98444333333333,78.26355833333334,Uttar Pradesh,2,2025
Travelling,Airtel,4G,5,Satisfactory,30.578525,74.23923333333333,Punjab,2,2025
Travelling,Airtel,4G,5,Satisfactory,26.61939681,82.13479871,Uttar Pradesh,2,2025
Travelling,Airtel,4G,1,Poor Voice Quality,32.03662154,75.40709391,Punjab,2,2025
Travelling,Airtel,4G,1,Poor Voice Quality,32.0368071,75.4072553,Punjab,2,2025
Travelling,Airtel,4G,5,Satisfactory,22.9868334,72.6282604,Gujarat,2,2025
Travelling,Airtel,4G,1,Poor Voice Quality,25.932466666666663,82.04378166666666,Uttar Pradesh,2,2025
Travelling,Airtel,4G,1,Poor Voice Quality,32.26756954,75.65097476,Punjab,2,2025
Travelling,Airtel,4G,2,Poor Voice Quality,25.932466666666663,82.04378166666666,Uttar Pradesh,2,2025
Travelling,Airtel,4G,3,Satisfactory,16.468668333333333,82.03001333333334,Andhra Pradesh,2,2025
Travelling,Airtel,4G,5,Satisfactory,28.6398273,77.3671989,Uttar Pradesh,2,2025
Travelling,Airtel,4G,5,Satisfactory,31.6367368,75.68974782,Punjab,2,2025
Travelling,Airtel,4G,3,Satisfactory,28.5315332,77.38479208,Uttar Pradesh,2,2025
Travelling,Airtel,4G,1,Poor Voice Quality,32.02773611,75.389813,Punjab,2,2025
Travelling,Airtel,4G,1,Poor Voice Quality,32.02773611,75.389813,Punjab,2,2025
Travelling,Airtel,4G,1,Poor Voice Quality,27.032881666666672,74.994225,Rajasthan,2,2025
Travelling,Airtel,4G,5,Satisfactory,31.61477468,75.70515464,Punjab,2,2025
Travelling,Airtel,4G,4,Satisfactory,30.3213075,76.1637088,Punjab,2,2025
Travelling,Airtel,4G,5,Satisfactory,31.61477468,75.70515464,Punjab,2,2025
Travelling,Airtel,4G,5,Satisfactory,16.518106666666664,80.64038333333333,Andhra Pradesh,2,2025
Travelling,Airtel,4G,5,Satisfactory,28.6453567,77.3696197,Uttar Pradesh,2,2025
Travelling,Airtel,4G,5,Satisfactory,28.4534457,77.51220089,Uttar Pradesh,2,2025
Travelling,Airtel,4G,5,Satisfactory,28.53175074,77.3847462,Uttar Pradesh,2,2025
Travelling,Airtel,4G,5,Satisfactory,30.38235001,74.63978238,Punjab,1,2025
Travelling,Airtel,4G,1,Poor Voice Quality,32.27781047,75.65322171,Punjab,2,2025
Travelling,Airtel,4G,5,Satisfactory,12.835363333333332,77.68260000000001,Karnataka,2,2025
Travelling,Airtel,4G,5,Satisfactory,17.02293,82.24879166666666,Andhra Pradesh,2,2025
Travelling,Airtel,4G,5,Satisfactory,16.51601833333333,80.64260666666668,Andhra Pradesh,2,2025
Travelling,Airtel,4G,2,Poor Voice Quality,30.660056322813038,76.82672990486026,Punjab,2,2025
Travelling,Airtel,4G,1,Poor Voice Quality,15.781653333333336,76.76546833333333,Karnataka,3,2025
Travelling,Airtel,4G,1,Poor Voice Quality,32.20642905,76.32415479,Himachal Pradesh,3,2025
Travelling,Airtel,4G,1,Poor Voice Quality,32.20642905,76.32415479,Himachal Pradesh,3,2025
Travelling,Airtel,4G,4,Satisfactory,16.46751,82.02645166666667,Andhra Pradesh,3,2025
Travelling,Airtel,4G,1,Call Dropped,15.781356666666666,76.766655,Karnataka,3,2025
Travelling,Airtel,4G,1,Call Dropped,15.781615,76.76554166666666,Karnataka,3,2025
Travelling,Airtel,4G,1,Poor Voice Quality,32.27110419,75.65627804,Punjab,3,2025
Travelling,Airtel,4G,1,Poor Voice Quality,32.2772096,75.653357,Punjab,3,2025
Travelling,Airtel,4G,5,Satisfactory,27.2278464,80.8479146,Uttar Pradesh,3,2025
Travelling,Airtel,4G,1,Poor Voice Quality,30.273695,75.23408166666667,Punjab,3,2025
Travelling,Airtel,4G,5,Satisfactory,31.63667141,75.68974943,Punjab,3,2025
Travelling,Airtel,4G,1,Poor Voice Quality,15.781555,76.76540166666668,Karnataka,3,2025
Travelling,Airtel,4G,5,Satisfactory,31.06030623894185,75.80931186676025,Punjab,3,2025
Travelling,Airtel,4G,1,Poor Voice Quality,31.35975615,74.70043339,Punjab,3,2025
Travelling,Airtel,4G,4,Satisfactory,16.46751,82.02645166666667,Andhra Pradesh,2,2025
Travelling,Airtel,4G,1,Poor Voice Quality,32.28049128,75.65352919,Punjab,3,2025
Travelling,Airtel,4G,1,Poor Voice Quality,32.28049128,75.65352919,Punjab,3,2025
Travelling,Airtel,4G,3,Satisfactory,16.468653333333336,82.03018833333333,Andhra Pradesh,3,2025
Travelling,Airtel,4G,1,Poor Voice Quality,15.781351666666668,76.766915,Karnataka,3,2025
Travelling,Airtel,4G,1,Poor Voice Quality,15.781616666666666,76.76543,Karnataka,3,2025
Travelling,Airtel,4G,5,Satisfactory,31.63727008,75.68911058,Punjab,3,2025
Travelling,Airtel,4G,4,Satisfactory,16.46751,82.02645166666667,Andhra Pradesh,3,2025
Travelling,Airtel,4G,1,Poor Voice Quality,15.781685,76.76537166666667,Karnataka,3,2025
Travelling,Airtel,4G,1,Poor Voice Quality,15.781708333333333,76.76538000000001,Karnataka,3,2025
Travelling,Airtel,4G,5,Satisfactory,26.8700206,81.0326553,Uttar Pradesh,3,2025
Travelling,Airtel,4G,1,Poor Voice Quality,32.27534113,75.65728783,Punjab,3,2025
Travelling,Airtel,4G,5,Satisfactory,21.11104346,79.06786412,Maharashtra,7,2025
Travelling,Airtel,4G,5,Satisfactory,28.62599833,77.374105,Uttar Pradesh,7,2025
Travelling,Airtel,4G,1,Poor Voice Quality,26.83234343,80.92190116,Uttar Pradesh,7,2025
Travelling,Airtel,4G,5,Satisfactory,21.15430667,79.08435833,Maharashtra,7,2025
Travelling,Airtel,4G,5,Satisfactory,21.10794021,79.07923304,Maharashtra,7,2025
Travelling,Airtel,4G,5,Satisfactory,11.32345167,77.74881167,Tamil Nadu,7,2025
Travelling,Airtel,4G,5,Satisfactory,17.1731,78.58303333,Telangana,7,2025
Travelling,Airtel,4G,5,Satisfactory,17.2295632,78.5758439,Telangana,7,2025
Travelling,Airtel,4G,5,Satisfactory,21.1080157,79.0787662,Maharashtra,7,2025